tipo,bairro,condominio,area,qtd_banheiros,qtd_quartos,qtd_vagas,area_por_quarto,tem_vaga,valor
Apartamento, Ribeirão da Ilha,599.0,55.0,1.0,2.0,1.0,27.5,1,2100
Apartamento, Itacorubi,550.0,70.0,3.0,2.0,1.0,35.0,1,3700
Apartamento, Trindade,750.0,110.0,2.0,3.0,1.0,36.66666666666666,1,2900
Apartamento,Balneario do Estreito,950.0,123.0,3.0,3.0,1.0,41.0,1,3650
Apartamento, Jurerê,550.0,54.0,1.0,2.0,1.0,27.0,1,2900
Apartamento, Centro,541.0,60.0,1.0,2.0,1.0,30.0,1,2700
Apartamento, Ingleses do Rio Vermelho,380.0,70.0,2.0,2.0,1.0,35.0,1,4200
Apartamento,Itacorubi,815.0,70.0,2.0,2.0,1.0,35.0,1,4100
Apartamento, Carvoeira,400.0,36.0,1.0,1.0,1.0,36.0,1,2800
Apartamento, Saco dos Limões,0.0,62.0,1.0,1.0,1.0,62.0,1,2800
Apartamento, Ingleses do Rio Vermelho,50.0,85.0,2.0,2.0,1.0,42.5,1,2550
Apartamento, Agronômica,675.0,110.0,2.0,3.0,1.0,36.66666666666666,1,3950
Apartamento, Trindade,615.0,74.0,2.0,2.0,1.0,37.0,1,2950
Apartamento, Centro,700.0,60.0,1.0,1.0,1.0,60.0,1,1700
Apartamento, Centro,835.0,80.0,2.0,2.0,1.0,40.0,1,2500
Casa, Rio Tavares,0.0,140.0,3.0,3.0,2.0,46.66666666666666,1,5400
Apartamento, Capoeiras,300.0,67.0,1.0,2.0,1.0,33.5,1,1850
Apartamento, Coqueiros,467.0,56.0,1.0,2.0,1.0,28.0,1,2200
Casa,Campeche,0.0,104.0,2.0,3.0,1.0,34.666666666666664,1,5800
Apartamento, Itacorubi,642.0,53.0,1.0,1.0,1.0,53.0,1,2300
Apartamento, Campeche,250.0,38.0,1.0,1.0,1.0,38.0,1,3000
Apartamento, Campeche,250.0,38.0,1.0,1.0,1.0,38.0,1,3000
Apartamento, Centro,490.0,58.0,1.0,2.0,1.0,29.0,1,2700
Apartamento, Agronômica,402.0,48.0,1.0,1.0,1.0,48.0,1,3300
Apartamento, Centro,716.0,88.0,1.0,3.0,1.0,29.33333333333333,1,3300
Casa, São João do Rio Vermelho,0.0,150.0,2.0,3.0,5.0,50.0,1,4220
Apartamento, Jurerê,750.0,90.0,2.0,3.0,2.0,30.0,1,6500
Apartamento,Agronômica,559.0,64.0,2.0,2.0,1.0,32.0,1,3500
Casa, Estreito,0.0,235.0,3.0,3.0,1.0,78.33333333333333,1,4500
Kitnet/Conjugado, Carvoeira,0.0,28.0,1.0,1.0,1.0,28.0,1,1860
Apartamento, Centro,490.0,58.0,1.0,2.0,1.0,29.0,1,2100
Apartamento, Estreito,230.0,33.0,1.0,1.0,1.0,33.0,1,1890
Apartamento, Parque São Jorge,700.0,103.0,2.0,3.0,1.0,34.333333333333336,1,4700
Apartamento, Cachoeira do Bom Jesus,0.0,100.0,2.0,3.0,1.0,33.333333333333336,1,3200
Casa, Campeche,0.0,125.0,3.0,3.0,2.0,41.66666666666666,1,5300
Casa, Estreito,0.0,130.0,1.0,2.0,1.0,65.0,1,2900
Apartamento, Coqueiros,495.0,51.0,1.0,2.0,1.0,25.5,1,1740
Apartamento,Balneário,546.0,83.0,2.0,2.0,1.0,41.5,1,2500
Apartamento,Ingleses do Rio Vermelho,311.0,66.0,2.0,2.0,1.0,33.0,1,2000
Casa, Saco dos Limões,0.0,94.0,2.0,3.0,1.0,31.33333333333333,1,4700
Casa,Jurerê Internacional,0.0,450.0,5.0,4.0,4.0,112.5,1,9000
Apartamento, Trindade,677.0,59.0,1.0,2.0,1.0,29.5,1,1600
Apartamento, Carvoeira,480.0,42.0,1.0,1.0,1.0,42.0,1,2990
Apartamento,Campeche,750.0,100.0,2.0,2.0,1.0,50.0,1,7500
Apartamento, Saco Grande,601.0,76.0,2.0,2.0,1.0,38.0,1,3600
Apartamento, Bom Abrigo,1350.0,127.0,3.0,3.0,2.0,42.333333333333336,1,10000
Apartamento,Campeche,800.0,86.0,3.0,2.0,2.0,43.0,1,7900
Casa,Campeche,0.0,270.0,2.0,3.0,2.0,90.0,1,6810
Apartamento,Canto,656.0,83.0,2.0,3.0,2.0,27.666666666666668,1,4300
Apartamento, Centro,664.0,42.0,1.0,1.0,1.0,42.0,1,2890
Apartamento,Ingleses do Rio Vermelho,245.0,36.0,1.0,1.0,1.0,36.0,1,2000
Casa, Ribeirão da Ilha,0.0,123.0,3.0,3.0,1.0,41.0,1,4950
Apartamento, Itacorubi,550.0,70.0,2.0,2.0,1.0,35.0,1,2530
Casa, Joao Paulo,0.0,500.0,3.0,4.0,4.0,125.0,1,7910
Casa, Barra da Lagoa,300.0,72.0,1.0,2.0,1.0,36.0,1,2800
Apartamento, Itacorubi,510.0,64.0,1.0,2.0,1.0,32.0,1,3200
Apartamento, Itacorubi,648.0,72.0,2.0,2.0,1.0,36.0,1,3000
Apartamento,Ingleses Norte,498.0,173.0,3.0,3.0,2.0,57.66666666666666,1,5500
Apartamento,Centro,615.0,61.0,1.0,3.0,1.0,20.33333333333333,1,2300
Apartamento,Jurerê,650.0,75.0,3.0,2.0,2.0,37.5,1,5000
Apartamento, Centro,460.0,35.0,1.0,1.0,1.0,35.0,1,970
Casa, Ingleses do Rio Vermelho,0.0,100.0,2.0,3.0,2.0,33.333333333333336,1,2400
Apartamento, Itacorubi,582.0,72.0,1.0,2.0,1.0,36.0,1,2700
Casa,Campeche,0.0,120.0,2.0,3.0,2.0,40.0,1,8000
Casa,Campeche,0.0,125.0,3.0,3.0,2.0,41.66666666666666,1,5300
Casa, Barra da Lagoa,0.0,100.0,3.0,2.0,1.0,50.0,1,6000
Apartamento, Centro,430.0,31.0,1.0,1.0,1.0,31.0,1,940
Apartamento, Itacorubi,650.0,89.0,3.0,3.0,1.0,29.666666666666668,1,4600
Casa, Ribeirão da Ilha,0.0,139.0,3.0,3.0,1.0,46.333333333333336,1,4400
Apartamento,Canto,736.0,80.0,2.0,3.0,1.0,26.666666666666668,1,3900
Apartamento, Campeche,500.0,76.0,2.0,2.0,2.0,38.0,1,3800
Apartamento, Centro,365.0,50.0,1.0,1.0,1.0,50.0,1,1800
Apartamento, Trindade,430.0,47.0,1.0,1.0,1.0,47.0,1,2300
Apartamento,Agronômica,500.0,40.0,1.0,1.0,1.0,40.0,1,4500
Apartamento, Parque São Jorge,1018.0,125.0,3.0,4.0,2.0,31.25,1,5500
Apartamento, Centro,1400.0,170.0,3.0,3.0,1.0,56.66666666666666,1,3500
Apartamento, Campeche,1000.0,98.0,2.0,3.0,1.0,32.666666666666664,1,5000
Casa, Jurerê Internacional,2000.0,900.0,5.0,7.0,5.0,128.57142857142858,1,38900
Apartamento,Coqueiros,310.0,42.0,1.0,1.0,1.0,42.0,1,1500
Apartamento, Canasvieiras,1575.0,75.0,2.0,2.0,1.0,37.5,1,3500
Apartamento, Estreito,657.0,97.0,2.0,3.0,2.0,32.333333333333336,1,4500
Apartamento,Lagoa da Conceição,550.0,37.0,1.0,1.0,1.0,37.0,1,2200
Casa,Campeche,0.0,125.0,2.0,3.0,1.0,41.66666666666666,1,5310
Apartamento,Jurerê,0.0,50.0,1.0,1.0,1.0,50.0,1,3000
Apartamento, Centro,680.0,71.0,2.0,2.0,1.0,35.5,1,3500
Apartamento,Ribeirão da Ilha,200.0,58.0,1.0,2.0,1.0,29.0,1,1900
Apartamento, Centro,1893.0,158.0,3.0,4.0,1.0,39.5,1,7600
Casa, Jurerê Internacional,0.0,600.0,4.0,6.0,4.0,100.0,1,28000
Apartamento,Centro,342.0,40.0,1.0,1.0,1.0,40.0,1,1900
Apartamento, Cachoeira do Bom Jesus,0.0,32.0,1.0,1.0,1.0,32.0,1,2875
Apartamento,Lagoa da Conceição,550.0,47.0,1.0,1.0,1.0,47.0,1,2600
Apartamento, Centro,855.0,106.0,3.0,3.0,1.0,35.333333333333336,1,7200
Apartamento,Cachoeira do Bom Jesus,250.0,49.0,2.0,2.0,1.0,24.5,1,3200
Casa,Balneário,0.0,320.0,1.0,3.0,1.0,106.66666666666669,1,8000
Casa, Vargem Grande,0.0,80.0,2.0,2.0,1.0,40.0,1,2300
Casa, Jardim Atlântico,560.0,260.0,1.0,2.0,5.0,130.0,1,12000
Apartamento,Lagoa da Conceição,450.0,30.0,1.0,1.0,1.0,30.0,1,2200
Casa,Itaguaçu,0.0,660.0,2.0,5.0,4.0,132.0,1,6000
Apartamento, Agronômica,0.0,41.0,1.0,1.0,1.0,41.0,1,3500
Casa,Campeche,0.0,153.0,2.0,2.0,2.0,76.5,1,6000
Casa, Bom Abrigo,0.0,330.0,4.0,4.0,5.0,82.5,1,7760
Apartamento, Trindade,561.0,56.0,1.0,1.0,1.0,56.0,1,2700
Apartamento, Carvoeira,1100.0,63.0,3.0,2.0,1.0,31.5,1,3250
Apartamento,Carianos,44.0,50.0,1.0,2.0,1.0,25.0,1,1400
Apartamento,Centro,0.0,35.0,1.0,1.0,1.0,35.0,1,1300
Apartamento,Agronômica,125.0,50.0,1.0,1.0,1.0,50.0,1,1750
Apartamento, Estreito,470.0,46.0,1.0,1.0,1.0,46.0,1,3300
Casa, Santo Antônio de Lisboa,0.0,130.0,2.0,3.0,1.0,43.333333333333336,1,3000
Apartamento, Centro,1450.0,157.0,4.0,3.0,1.0,52.333333333333336,1,3500
Apartamento,Campeche,0.0,30.0,1.0,1.0,1.0,30.0,1,2000
Apartamento,Ingleses do Rio Vermelho,100.0,60.0,2.0,2.0,1.0,30.0,1,2550
Casa,Armação do Pântano do Sul,0.0,210.0,5.0,4.0,2.0,52.5,1,9900
Casa, Tapera,0.0,198.0,1.0,3.0,1.0,66.0,1,3300
Apartamento, Cachoeira do Bom Jesus,0.0,22.0,1.0,1.0,1.0,22.0,1,2300
Apartamento,Itacorubi,545.0,60.0,1.0,2.0,1.0,30.0,1,2300
Apartamento, Canasvieiras,0.0,90.0,2.0,2.0,1.0,45.0,1,3300
Apartamento, Centro,548.0,69.0,2.0,2.0,1.0,34.5,1,3900
Apartamento, Córrego Grande,560.0,43.0,1.0,2.0,1.0,21.5,1,2200
Apartamento,Carvoeira,450.0,36.0,1.0,1.0,1.0,36.0,1,2600
Casa,Campeche,0.0,125.0,3.0,3.0,2.0,41.66666666666666,1,5800
Casa,Centro,0.0,50.0,1.0,2.0,1.0,25.0,1,1900
Casa,Campeche,0.0,145.0,4.0,3.0,1.0,48.333333333333336,1,4500
Casa,Campeche,0.0,165.0,2.0,3.0,3.0,55.0,1,5400
Apartamento, Campeche,270.0,40.0,1.0,1.0,1.0,40.0,1,2750
Apartamento, Córrego Grande,390.0,48.0,1.0,1.0,1.0,48.0,1,3800
Apartamento,Itacorubi,420.0,52.0,1.0,2.0,1.0,26.0,1,2200
Apartamento, Córrego Grande,770.0,69.0,1.0,2.0,1.0,34.5,1,2200
Apartamento,Pantanal,750.0,117.0,2.0,2.0,1.0,58.5,1,3100
Casa,Campeche,0.0,115.0,2.0,2.0,1.0,57.5,1,4500
Apartamento, Itacorubi,850.0,70.0,2.0,2.0,2.0,35.0,1,4800
Apartamento, Centro,529.0,42.0,1.0,1.0,1.0,42.0,1,4500
Apartamento,Carvoeira,500.0,44.0,1.0,1.0,1.0,44.0,1,2400
Casa,São João do Rio Vermelho,0.0,150.0,2.0,3.0,1.0,50.0,1,3500
Casa,Saco Grande,0.0,700.0,4.0,1.0,2.0,700.0,1,28000
Kitnet/Conjugado,Carvoeira,0.0,30.0,1.0,1.0,1.0,30.0,1,1500
Casa, Jardim Atlântico,0.0,80.0,1.0,2.0,1.0,40.0,1,2250
Casa, Santa Mônica,0.0,140.0,3.0,3.0,1.0,46.66666666666666,1,3900
Apartamento,Trindade,500.0,60.0,2.0,2.0,1.0,30.0,1,2100
Apartamento,Trindade,430.0,47.0,1.0,1.0,1.0,47.0,1,2300
Casa,Campeche,0.0,145.0,2.0,3.0,4.0,48.333333333333336,1,4880
Apartamento,Pantanal,680.0,62.0,2.0,2.0,1.0,31.0,1,3250
Apartamento, Córrego Grande,800.0,93.0,2.0,3.0,1.0,31.0,1,4700
Casa, Trindade,0.0,370.0,6.0,4.0,4.0,92.5,1,10000
Casa, Centro,11.0,500.0,3.0,3.0,4.0,166.66666666666666,1,7000
Apartamento, Jurerê,0.0,37.0,1.0,1.0,1.0,37.0,1,200
Casa, Jurerê,0.0,70.0,2.0,3.0,1.0,23.33333333333333,1,5000
Casa,Lagoa da Conceição,0.0,170.0,6.0,1.0,2.0,170.0,1,8900
Casa, Agronômica,0.0,190.0,2.0,4.0,3.0,47.5,1,7690
Apartamento, Campeche,1200.0,80.0,2.0,2.0,1.0,40.0,1,5900
Apartamento, Carvoeira,684.0,62.0,3.0,2.0,1.0,31.0,1,3900
Apartamento, Trindade,175.0,15.0,1.0,1.0,1.0,15.0,1,768
Apartamento, Monte Verde,0.0,43.0,1.0,1.0,1.0,43.0,1,1800
Casa, Jurerê Internacional,0.0,370.0,5.0,4.0,1.0,92.5,1,25000
Casa,Carianos,0.0,200.0,1.0,3.0,2.0,66.66666666666667,1,4900
Casa,Canto,0.0,420.0,7.0,4.0,3.0,105.0,1,8700
Apartamento, Centro,1600.0,109.0,4.0,3.0,2.0,36.333333333333336,1,6000
Apartamento, Carvoeira,650.0,89.0,3.0,3.0,1.0,29.666666666666668,1,3500
Casa, Jurerê Internacional,0.0,290.0,5.0,4.0,4.0,72.5,1,25000
Apartamento, Lagoa da Conceição,1754.0,124.0,2.0,3.0,2.0,41.333333333333336,1,4500
Casa, Armação do Pântano do Sul,0.0,170.0,4.0,4.0,1.0,42.5,1,5500
Casa, Lagoa da Conceição,1.0,221.0,5.0,3.0,2.0,73.66666666666667,1,18000
Casa, Joao Paulo,0.0,280.0,3.0,4.0,2.0,70.0,1,9800
Casa,Agronômica,0.0,330.0,3.0,2.0,2.0,165.0,1,20000
Apartamento, Agronômica,213.0,32.0,1.0,1.0,1.0,32.0,1,3300
Casa,Joao Paulo,0.0,276.0,4.0,4.0,2.0,69.0,1,9800
Casa, Agronômica,0.0,100.0,2.0,4.0,2.0,25.0,1,6000
Casa, Campeche,0.0,147.0,3.0,4.0,4.0,36.75,1,6000
Casa, Campeche,0.0,148.0,2.0,3.0,4.0,49.333333333333336,1,7000
Apartamento,Cachoeira do Bom Jesus,0.0,25.0,1.0,1.0,1.0,25.0,1,2750
Apartamento,Campeche,1000.0,39.0,1.0,1.0,1.0,39.0,1,3500
Casa, Cacupé,0.0,730.0,1.0,5.0,5.0,146.0,1,18000
Casa, Centro,342.0,78.0,1.0,2.0,1.0,39.0,1,22000
Apartamento, Centro,1600.0,150.0,3.0,3.0,1.0,50.0,1,5500
Apartamento, Cachoeira do Bom Jesus,1900.0,224.0,5.0,4.0,3.0,56.0,1,11500
Casa, Cachoeira do Bom Jesus,0.0,150.0,3.0,4.0,1.0,37.5,1,5500
Casa,Carvoeira,0.0,447.0,3.0,1.0,8.0,447.0,1,40000
Casa, Centro,12.0,772.0,3.0,3.0,1.0,257.3333333333333,1,60000
Casa,Ribeirão da Ilha,0.0,90.0,1.0,2.0,2.0,45.0,1,4300
Kitnet/Conjugado,Ingleses do Rio Vermelho,0.0,50.0,1.0,1.0,1.0,50.0,1,1900
Casa, Rio Tavares,0.0,200.0,3.0,3.0,3.0,66.66666666666667,1,9000
Casa, Ribeirão da Ilha,0.0,190.0,3.0,3.0,3.0,63.333333333333336,1,8000
Apartamento, Coqueiros,777.0,115.0,2.0,3.0,2.0,38.333333333333336,1,8500
Apartamento, Rio Tavares,1210.0,90.0,2.0,2.0,2.0,45.0,1,5290
Apartamento, Abraão,473.0,118.0,1.0,3.0,1.0,39.333333333333336,1,3300
Casa,Jardim Atlântico,0.0,800.0,8.0,4.0,8.0,200.0,1,14000
Apartamento, São João do Rio Vermelho,50.0,30.0,1.0,1.0,1.0,30.0,1,1030
Casa, Carvoeira,0.0,75.0,1.0,2.0,1.0,37.5,1,2200
Casa,Joao Paulo,0.0,350.0,5.0,4.0,2.0,87.5,1,10950
Apartamento, Jardim Atlântico,1200.0,122.0,3.0,3.0,2.0,40.66666666666666,1,3800
Apartamento, Agronômica,840.0,110.0,5.0,3.0,2.0,36.66666666666666,1,6500
Apartamento, Rio Tavares,600.0,68.0,2.0,2.0,1.0,34.0,1,3500
Apartamento, Campeche,565.0,71.0,2.0,2.0,1.0,35.5,1,4000
Apartamento, Carvoeira,700.0,75.0,2.0,3.0,1.0,25.0,1,3000
Apartamento,Carvoeira,307.0,59.0,1.0,2.0,1.0,29.5,1,3100
Casa, Campeche,400.0,180.0,4.0,4.0,2.0,45.0,1,6500
Casa, Campeche,0.0,118.0,2.0,3.0,3.0,39.333333333333336,1,4200
Apartamento, Coqueiros,467.0,56.0,1.0,2.0,1.0,28.0,1,2600
Apartamento, Itacorubi,654.0,64.0,2.0,2.0,1.0,32.0,1,4300
Apartamento, Trindade,660.0,74.0,2.0,2.0,1.0,37.0,1,2750
Casa,Trindade,0.0,463.0,1.0,5.0,8.0,92.6,1,8500
Apartamento,Santinho,1740.0,166.0,1.0,3.0,3.0,55.333333333333336,1,5500
Apartamento, Pantanal,640.0,71.0,1.0,2.0,1.0,35.5,1,2400
Apartamento,Centro,850.0,66.0,1.0,2.0,1.0,33.0,1,2700
Apartamento, Estreito,1080.0,156.0,3.0,2.0,2.0,78.0,1,3890
Loft,Pantanal,0.0,36.0,1.0,2.0,1.0,18.0,1,1100
Apartamento, Jurerê,1.0,35.0,1.0,1.0,1.0,35.0,1,2750
Apartamento, Capoeiras,732.0,86.0,2.0,3.0,1.0,28.666666666666668,1,3600
Apartamento, Jurerê Internacional,1190.0,93.0,2.0,3.0,1.0,31.0,1,5000
Apartamento, Abraão,427.0,42.0,1.0,1.0,1.0,42.0,1,1300
Apartamento,Vargem do Bom Jesus,496.0,60.0,1.0,3.0,1.0,20.0,1,2100
Apartamento,Ingleses do Rio Vermelho,400.0,82.0,2.0,2.0,1.0,41.0,1,4200
Apartamento, Campeche,150.0,60.0,1.0,2.0,1.0,30.0,1,2750
Apartamento, Balneário,950.0,123.0,3.0,3.0,1.0,41.0,1,3650
Apartamento, Campeche,0.0,35.0,1.0,1.0,1.0,35.0,1,1700
Apartamento, Trindade,500.0,50.0,1.0,1.0,1.0,50.0,1,2400
Apartamento, Capoeiras,478.0,87.0,2.0,3.0,2.0,29.0,1,3600
Casa, Campeche,0.0,100.0,2.0,2.0,1.0,50.0,1,3000
Apartamento, Abraão,839.0,84.0,2.0,2.0,1.0,42.0,1,3200
Casa,Lagoa da Conceição,600.0,292.0,4.0,3.0,4.0,97.33333333333331,1,10000
Apartamento, Itacorubi,450.0,43.0,1.0,1.0,1.0,43.0,1,2700
Apartamento, Centro,850.0,71.0,2.0,2.0,1.0,35.5,1,4350
Apartamento, Capoeiras,529.0,88.0,2.0,3.0,1.0,29.33333333333333,1,1900
Apartamento, Carvoeira,520.0,61.0,2.0,1.0,1.0,61.0,1,5200
Apartamento, Estreito,750.0,102.0,3.0,3.0,2.0,34.0,1,5500
Apartamento, Córrego Grande,650.0,67.0,1.0,2.0,1.0,33.5,1,3000
Apartamento, Agronômica,600.0,85.0,2.0,3.0,1.0,28.33333333333333,1,3800
Apartamento, Jardim Atlântico,1200.0,122.0,3.0,3.0,2.0,40.66666666666666,1,3800
Apartamento,Jardim Atlântico,550.0,70.0,2.0,2.0,1.0,35.0,1,1800
Apartamento, Coqueiros,1310.0,109.0,2.0,3.0,2.0,36.333333333333336,1,5500
Apartamento,Córrego Grande,465.0,105.0,2.0,3.0,1.0,35.0,1,3000
Kitnet/Conjugado, Coqueiros,0.0,30.0,1.0,1.0,1.0,30.0,1,1000
Apartamento, Agronômica,450.0,42.0,1.0,1.0,1.0,42.0,1,3200
Apartamento, Campeche,600.0,92.0,2.0,2.0,2.0,46.0,1,6700
Apartamento,Centro,950.0,37.0,1.0,1.0,1.0,37.0,1,1200
Apartamento,Agronômica,550.0,50.0,1.0,1.0,1.0,50.0,1,3800
Apartamento,Ingleses do Rio Vermelho,680.0,55.0,1.0,1.0,1.0,55.0,1,1600
Apartamento,Pantanal,600.0,63.0,1.0,2.0,1.0,31.5,1,3100
Apartamento, Estreito,300.0,61.0,1.0,2.0,1.0,30.5,1,2000
Apartamento,Agronômica,800.0,70.0,2.0,2.0,1.0,35.0,1,3800
Apartamento,Trindade,450.0,38.0,1.0,1.0,1.0,38.0,1,1700
Casa,Santa Mônica,0.0,151.0,4.0,3.0,3.0,50.333333333333336,1,8900
Apartamento,Trindade,500.0,65.0,1.0,2.0,1.0,32.5,1,3000
Apartamento,Centro,1200.0,80.0,3.0,2.0,2.0,40.0,1,8940
Apartamento,Itacorubi,473.0,78.0,2.0,2.0,2.0,39.0,1,3890
Casa, Trindade,0.0,376.0,5.0,1.0,2.0,376.0,1,7500
Casa, Santa Mônica,150.0,80.0,1.0,3.0,1.0,26.666666666666668,1,3290
Apartamento,Centro,600.0,94.0,2.0,2.0,2.0,47.0,1,3200
Apartamento,Campeche,200.0,30.0,1.0,1.0,1.0,30.0,1,1600
Apartamento,Agronômica,500.0,50.0,1.0,1.0,1.0,50.0,1,1600
Apartamento,Agronômica,500.0,41.0,1.0,1.0,1.0,41.0,1,1900
Apartamento,Estreito,480.0,59.0,1.0,3.0,1.0,19.666666666666668,1,1600
Apartamento,Coqueiros,520.0,62.0,1.0,2.0,1.0,31.0,1,1850
Kitnet/Conjugado,São João do Rio Vermelho,0.0,40.0,1.0,1.0,1.0,40.0,1,1650
Apartamento, Ingleses do Rio Vermelho,300.0,48.0,1.0,2.0,1.0,24.0,1,4000
Apartamento,Ingleses do Rio Vermelho,365.0,109.0,2.0,2.0,1.0,54.5,1,2800
Apartamento,Trindade,450.0,60.0,1.0,2.0,1.0,30.0,1,2100
Apartamento,São João do Rio Vermelho,120.0,49.0,1.0,2.0,1.0,24.5,1,1300
Apartamento,Córrego Grande,550.0,57.0,1.0,2.0,1.0,28.5,1,2800
Apartamento, Itacorubi,890.0,116.0,3.0,3.0,2.0,38.66666666666666,1,5300
Casa, Campeche,0.0,130.0,3.0,3.0,1.0,43.333333333333336,1,4500
Casa,Joao Paulo,0.0,220.0,3.0,3.0,4.0,73.33333333333333,1,4500
Apartamento, Itacorubi,455.0,52.0,1.0,2.0,1.0,26.0,1,2300
Apartamento, Balneário,382.0,70.0,2.0,2.0,2.0,35.0,1,4100
Apartamento, Centro,900.0,83.0,2.0,2.0,1.0,41.5,1,5200
Apartamento,Santinho,379.0,48.0,1.0,1.0,1.0,48.0,1,1600
Apartamento, Abraão,1059.0,98.0,2.0,3.0,2.0,32.666666666666664,1,4200
Apartamento, Campeche,250.0,38.0,1.0,1.0,1.0,38.0,1,3950
Apartamento, Pantanal,470.0,33.0,1.0,1.0,1.0,33.0,1,2400
Casa, Trindade,0.0,140.0,1.0,3.0,2.0,46.66666666666666,1,3600
Apartamento, Itacorubi,900.0,68.0,2.0,1.0,1.0,68.0,1,2650
Apartamento, Trindade,665.0,124.0,2.0,3.0,1.0,41.333333333333336,1,3100
Apartamento, Coqueiros,789.0,108.0,3.0,3.0,2.0,36.0,1,5500
Apartamento, Coqueiros,365.0,62.0,1.0,3.0,1.0,20.666666666666668,1,2800
Apartamento, Trindade,500.0,45.0,1.0,1.0,1.0,45.0,1,2400
Apartamento, Estreito,1000.0,111.0,3.0,3.0,2.0,37.0,1,3500
Apartamento, Rio Tavares,0.0,70.0,1.0,2.0,1.0,35.0,1,2200
Apartamento, Trindade,100.0,32.0,1.0,1.0,1.0,32.0,1,900
Apartamento, Balneário,550.0,71.0,1.0,3.0,1.0,23.666666666666668,1,2200
Apartamento, Estreito,185.0,50.0,1.0,2.0,1.0,25.0,1,1350
Apartamento, Carianos,784.0,78.0,2.0,3.0,1.0,26.0,1,1800
Apartamento,Centro,681.0,60.0,1.0,2.0,1.0,30.0,1,2400
Apartamento, Santinho,1.0,70.0,1.0,3.0,1.0,23.33333333333333,1,2500
Casa, Campeche,0.0,225.0,2.0,3.0,3.0,75.0,1,4880
Apartamento, Estreito,840.0,87.0,1.0,3.0,2.0,29.0,1,3800
Apartamento, Trindade,540.0,52.0,1.0,2.0,1.0,26.0,1,2250
Casa, Centro,0.0,268.0,3.0,4.0,3.0,67.0,1,9500
Casa, Morro das Pedras,0.0,250.0,2.0,3.0,1.0,83.33333333333333,1,4800
Apartamento, Centro,740.0,77.0,2.0,2.0,2.0,38.5,1,3700
Apartamento, Centro,461.0,43.0,1.0,1.0,1.0,43.0,1,1500
Kitnet/Conjugado, Carvoeira,0.0,16.0,1.0,1.0,1.0,16.0,1,1100
Apartamento, Trindade,900.0,70.0,3.0,2.0,1.0,35.0,1,3000
Apartamento, Capoeiras,50.0,40.0,1.0,1.0,1.0,40.0,1,1600
Apartamento, Campeche,800.0,83.0,2.0,2.0,2.0,41.5,1,4500
Casa,Cachoeira do Bom Jesus,0.0,110.0,1.0,5.0,1.0,22.0,1,4150
Casa,Ribeirão da Ilha,600.0,250.0,4.0,5.0,2.0,50.0,1,9000
Apartamento, Estreito,1100.0,79.0,1.0,2.0,1.0,39.5,1,3800
Casa, Campeche,0.0,104.0,3.0,3.0,1.0,34.666666666666664,1,5300
Casa, Campeche,0.0,170.0,3.0,3.0,1.0,56.66666666666666,1,6600
Casa, Rio Tavares,0.0,72.0,2.0,2.0,2.0,36.0,1,3900
Apartamento, Coqueiros,1310.0,110.0,2.0,3.0,2.0,36.66666666666666,1,5500
Apartamento, Beira Mar,1000.0,96.0,2.0,3.0,2.0,32.0,1,7500
Casa,Campeche,0.0,130.0,2.0,3.0,2.0,43.333333333333336,1,4400
Casa, Itacorubi,0.0,400.0,5.0,5.0,2.0,80.0,1,12500
Apartamento, Lagoa da Conceição,779.0,95.0,1.0,2.0,1.0,47.5,1,3200
Apartamento, Capoeiras,383.0,65.0,1.0,2.0,1.0,32.5,1,2200
Casa, Rio Tavares,0.0,67.0,1.0,2.0,1.0,33.5,1,3500
Apartamento, Agronômica,402.0,48.0,1.0,1.0,1.0,48.0,1,3300
Casa, Carianos,0.0,200.0,6.0,3.0,2.0,66.66666666666667,1,5000
Apartamento,Trindade,495.0,31.0,1.0,1.0,1.0,31.0,1,2200
Casa, Agronômica,0.0,90.0,1.0,2.0,3.0,45.0,1,3000
Apartamento, Ribeirão da Ilha,250.0,38.0,1.0,1.0,1.0,38.0,1,2000
Apartamento, Carvoeira,694.0,35.0,1.0,1.0,1.0,35.0,1,2550
Apartamento, Abraão,827.0,97.0,3.0,3.0,2.0,32.333333333333336,1,4100
Apartamento, Itacorubi,425.0,65.0,1.0,2.0,1.0,32.5,1,3500
Casa, Campeche,0.0,104.0,3.0,3.0,1.0,34.666666666666664,1,5300
Casa, Jurerê Internacional,0.0,1000.0,7.0,4.0,6.0,250.0,1,50000
Casa, Rio Tavares,0.0,55.0,1.0,2.0,1.0,27.5,1,2700
Apartamento, Itacorubi,568.0,64.0,1.0,2.0,1.0,32.0,1,3500
Apartamento, Trindade,425.0,30.0,1.0,1.0,1.0,30.0,1,3500
Apartamento, Beira Mar,590.0,60.0,2.0,2.0,1.0,30.0,1,3980
Apartamento, Centro,800.0,55.0,1.0,1.0,1.0,55.0,1,2000
Apartamento, Bom Abrigo,872.0,109.0,3.0,4.0,2.0,27.25,1,3000
Apartamento, Córrego Grande,0.0,28.0,1.0,1.0,1.0,28.0,1,1800
Casa,Ingleses do Rio Vermelho,0.0,95.0,3.0,2.0,2.0,47.5,1,4000
Apartamento, Centro,577.0,53.0,1.0,1.0,1.0,53.0,1,5450
Casa,Santa Mônica,0.0,85.0,1.0,2.0,1.0,42.5,1,4900
Casa, Agronômica,0.0,100.0,2.0,4.0,2.0,25.0,1,6000
Casa,São João do Rio Vermelho,0.0,84.0,2.0,2.0,2.0,42.0,1,2400
Apartamento, Trindade,800.0,69.0,2.0,2.0,2.0,34.5,1,3200
Casa, Carianos,0.0,120.0,2.0,3.0,2.0,40.0,1,3950
Apartamento, Itacorubi,604.0,66.0,1.0,2.0,1.0,33.0,1,3100
Apartamento, Saco dos Limões,796.0,61.0,2.0,2.0,1.0,30.5,1,2150
Apartamento, Campeche,0.0,90.0,2.0,3.0,1.0,30.0,1,4000
Apartamento, Itacorubi,520.0,95.0,2.0,2.0,2.0,47.5,1,4200
Apartamento, São João do Rio Vermelho,0.0,40.0,1.0,1.0,1.0,40.0,1,1600
Casa,Canto,126.0,26.0,1.0,1.0,1.0,26.0,1,1714
Casa, Jurerê Internacional,0.0,350.0,5.0,4.0,3.0,87.5,1,18000
Casa,Monte Verde,0.0,160.0,4.0,4.0,4.0,40.0,1,6000
Apartamento, Rio Tavares,600.0,80.0,2.0,2.0,1.0,40.0,1,4100
Apartamento, Carvoeira,760.0,67.0,2.0,3.0,1.0,22.33333333333333,1,3000
Apartamento, Trindade,670.0,77.0,2.0,2.0,1.0,38.5,1,3500
Apartamento,Rio Tavares,0.0,20.0,1.0,1.0,1.0,20.0,1,1700
Casa,Campeche,0.0,120.0,2.0,2.0,1.0,60.0,1,3500
Apartamento, Itacorubi,677.0,85.0,2.0,3.0,1.0,28.33333333333333,1,2900
Casa, Sambaqui,200.0,180.0,2.0,3.0,2.0,60.0,1,4500
Apartamento, Trindade,506.0,80.0,2.0,4.0,2.0,20.0,1,4400
Apartamento, Córrego Grande,450.0,65.0,1.0,1.0,1.0,65.0,1,2250
Casa, Campeche,0.0,120.0,2.0,3.0,3.0,40.0,1,8000
Apartamento, Capoeiras,450.0,84.0,2.0,3.0,1.0,28.0,1,3000
Casa,Monte Verde,0.0,92.0,2.0,2.0,1.0,46.0,1,3500
Apartamento, Córrego Grande,734.0,87.0,1.0,1.0,2.0,87.0,1,3900
Apartamento, Centro,637.0,75.0,1.0,2.0,1.0,37.5,1,2250
Casa,Saco dos Limões,0.0,47.0,1.0,2.0,1.0,23.5,1,1600
Apartamento, Agronômica,680.0,101.0,2.0,2.0,1.0,50.5,1,3800
Apartamento, Córrego Grande,570.0,80.0,2.0,3.0,1.0,26.666666666666668,1,3470
Apartamento, Jurerê Internacional,1250.0,145.0,5.0,4.0,3.0,36.25,1,8500
Casa, Jurerê Internacional,0.0,310.0,3.0,3.0,3.0,103.33333333333331,1,12000
Apartamento, Centro,600.0,41.0,1.0,1.0,1.0,41.0,1,5000
Apartamento, Rio Tavares,620.0,70.0,2.0,2.0,1.0,35.0,1,3500
Apartamento, Trindade,655.0,75.0,1.0,3.0,1.0,25.0,1,2500
Casa, São João do Rio Vermelho,0.0,120.0,2.0,2.0,4.0,60.0,1,4450
Casa,Santa Mônica,0.0,85.0,1.0,2.0,3.0,42.5,1,4900
Apartamento, Carianos,84.0,29.0,1.0,1.0,1.0,29.0,1,1300
Apartamento, São João do Rio Vermelho,0.0,37.0,1.0,1.0,1.0,37.0,1,1780
Casa, Campeche,0.0,160.0,2.0,3.0,1.0,53.333333333333336,1,6700
Apartamento, Beira Mar,1150.0,119.0,2.0,2.0,1.0,59.5,1,4200
Apartamento,Vargem do Bom Jesus,0.0,35.0,1.0,1.0,1.0,35.0,1,1600
Apartamento, Centro,723.0,72.0,1.0,3.0,1.0,24.0,1,3800
Apartamento,Campeche,1700.0,104.0,2.0,3.0,2.0,34.666666666666664,1,7500
Apartamento, Cachoeira do Bom Jesus,0.0,40.0,1.0,1.0,1.0,40.0,1,2000
Apartamento, Jardim Atlântico,0.0,75.0,3.0,2.0,1.0,37.5,1,3980
Apartamento, Canasvieiras,0.0,52.0,1.0,2.0,1.0,26.0,1,2600
Apartamento, Campeche,700.0,39.0,1.0,1.0,1.0,39.0,1,3300
Apartamento, Centro,770.0,87.0,2.0,2.0,1.0,43.5,1,4500
Loft,Trindade,0.0,35.0,1.0,1.0,1.0,35.0,1,1300
Apartamento, Abraão,855.0,80.0,2.0,2.0,1.0,40.0,1,2300
Apartamento, Centro,660.0,83.0,2.0,3.0,1.0,27.666666666666668,1,3850
Apartamento,Carvoeira,300.0,35.0,1.0,1.0,1.0,35.0,1,1550
Apartamento, Pântano do Sul,0.0,47.0,1.0,1.0,1.0,47.0,1,2000
Casa, Sambaqui,0.0,264.0,4.0,3.0,1.0,88.0,1,14000
Apartamento, Estreito,685.0,106.0,3.0,3.0,2.0,35.333333333333336,1,5200
Casa,Jurerê Internacional,0.0,535.0,7.0,4.0,4.0,133.75,1,8500
Apartamento, Centro,0.0,35.0,1.0,1.0,1.0,35.0,1,2200
Apartamento, Estreito,170.0,35.0,1.0,1.0,1.0,35.0,1,1690
Casa, Campeche,0.0,125.0,3.0,3.0,1.0,41.66666666666666,1,4800
Apartamento, Centro,503.0,76.0,1.0,2.0,1.0,38.0,1,2600
Apartamento, Centro,650.0,70.0,1.0,3.0,1.0,23.33333333333333,1,2140
Apartamento,Saco Grande,1085.0,102.0,3.0,3.0,1.0,34.0,1,3900
Apartamento, Centro,496.0,63.0,2.0,2.0,2.0,31.5,1,4350
Casa,Bom Abrigo,0.0,330.0,4.0,4.0,5.0,82.5,1,8500
Apartamento, Córrego Grande,1009.0,94.0,3.0,3.0,2.0,31.33333333333333,1,3800
Apartamento, Centro,850.0,76.0,2.0,3.0,1.0,25.33333333333333,1,3500
Apartamento, Canasvieiras,459.0,40.0,1.0,1.0,1.0,40.0,1,1200
Apartamento, Centro,1173.0,105.0,3.0,2.0,1.0,52.5,1,4800
Casa, Campeche,0.0,70.0,1.0,3.0,2.0,23.33333333333333,1,3880
Apartamento, Canto,910.0,125.0,3.0,3.0,2.0,41.66666666666666,1,5200
Apartamento, Córrego Grande,605.0,70.0,2.0,2.0,1.0,35.0,1,3500
Apartamento, Trindade,792.0,91.0,2.0,3.0,2.0,30.33333333333333,1,4850
Apartamento, Itacorubi,424.0,80.0,1.0,2.0,1.0,40.0,1,2400
Apartamento, Centro,1263.0,132.0,4.0,3.0,2.0,44.0,1,6800
Apartamento, Centro,1523.0,167.0,5.0,3.0,2.0,55.66666666666666,1,19415
Apartamento, Joao Paulo,776.0,67.0,2.0,2.0,1.0,33.5,1,2150
Casa,Pântano do Sul,0.0,50.0,1.0,1.0,1.0,50.0,1,1100
Casa, Monte Verde,0.0,213.0,3.0,3.0,4.0,71.0,1,3500
Apartamento, Centro,479.0,83.0,1.0,1.0,1.0,83.0,1,5600
Apartamento, Centro,882.0,78.0,3.0,2.0,2.0,39.0,1,3700
Apartamento, Centro,794.0,92.0,1.0,3.0,1.0,30.666666666666668,1,2450
Apartamento, Ingleses do Rio Vermelho,140.0,40.0,2.0,2.0,1.0,20.0,1,1950
Apartamento, Coqueiros,550.0,45.0,1.0,2.0,1.0,22.5,1,2600
Apartamento, São João do Rio Vermelho,0.0,80.0,2.0,2.0,1.0,40.0,1,1626
Apartamento, Carvoeira,1080.0,120.0,4.0,3.0,1.0,40.0,1,4500
Apartamento, Itacorubi,432.0,45.0,1.0,1.0,1.0,45.0,1,1700
Apartamento, Ingleses do Rio Vermelho,1.0,70.0,1.0,1.0,1.0,70.0,1,1600
Apartamento, Rio Tavares,800.0,100.0,2.0,3.0,2.0,33.333333333333336,1,4840
Apartamento, Itacorubi,550.0,74.0,2.0,2.0,2.0,37.0,1,3637
Apartamento, Jurerê Internacional,650.0,72.0,2.0,2.0,1.0,36.0,1,4500
Apartamento, Joao Paulo,650.0,81.0,1.0,2.0,1.0,40.5,1,3800
Apartamento, Itacorubi,890.0,72.0,2.0,2.0,2.0,36.0,1,3900
Apartamento, Beira Mar,780.0,87.0,3.0,2.0,1.0,43.5,1,5800
Apartamento, Capoeiras,300.0,50.0,1.0,1.0,1.0,50.0,1,1500
Casa, Centro,0.0,47.0,1.0,1.0,1.0,47.0,1,1800
Apartamento, Carvoeira,0.0,38.0,1.0,1.0,1.0,38.0,1,2400
Casa, Rio Tavares,365.0,180.0,8.0,4.0,2.0,45.0,1,7000
Apartamento,Ingleses do Rio Vermelho,10.0,55.0,1.0,2.0,1.0,27.5,1,1600
Apartamento, Centro,800.0,85.0,3.0,2.0,1.0,42.5,1,7500
Apartamento, Ingleses do Rio Vermelho,800.0,68.0,1.0,2.0,1.0,34.0,1,2762
Apartamento, Centro,1250.0,96.0,2.0,3.0,1.0,32.0,1,5800
Apartamento, Balneário,370.0,49.0,1.0,2.0,1.0,24.5,1,1900
Apartamento, Ingleses do Rio Vermelho,253.0,59.0,1.0,2.0,1.0,29.5,1,2600
Apartamento, Itacorubi,380.0,86.0,1.0,1.0,1.0,86.0,1,2150
Apartamento, Itacorubi,750.0,60.0,1.0,2.0,1.0,30.0,1,2200
Apartamento, Lagoa da Conceição,0.0,60.0,1.0,1.0,1.0,60.0,1,2850
Casa,Jurerê Internacional,0.0,400.0,5.0,4.0,3.0,100.0,1,7500
Apartamento, Abraão,987.0,104.0,3.0,3.0,2.0,34.666666666666664,1,4000
Apartamento,Ingleses do Rio Vermelho,300.0,76.0,2.0,2.0,1.0,38.0,1,2450
Casa, Tapera,0.0,198.0,1.0,3.0,1.0,66.0,1,3300
Casa, Carianos,0.0,180.0,3.0,3.0,2.0,60.0,1,5600
Casa,Jurerê Internacional,0.0,450.0,8.0,6.0,5.0,75.0,1,11500
Apartamento,Itacorubi,532.0,67.0,2.0,2.0,1.0,33.5,1,3810
Casa, Campeche,365.0,180.0,4.0,4.0,2.0,45.0,1,6500
Kitnet/Conjugado, Trindade,0.0,18.0,1.0,1.0,1.0,18.0,1,1200
Apartamento, Campeche,450.0,93.0,2.0,3.0,2.0,31.0,1,4900
Casa,Santa Mônica,0.0,84.0,1.0,2.0,4.0,42.0,1,4900
Apartamento,Carvoeira,390.0,44.0,1.0,1.0,1.0,44.0,1,4900
Apartamento,Itacorubi,550.0,60.0,1.0,2.0,1.0,30.0,1,2900
Casa, São João do Rio Vermelho,0.0,65.0,1.0,2.0,1.0,32.5,1,1500
Apartamento, Itacorubi,1154.0,124.0,3.0,4.0,2.0,31.0,1,5500
Apartamento, Carvoeira,490.0,48.0,2.0,1.0,1.0,48.0,1,4600
Casa, Saco dos Limões,0.0,90.0,1.0,1.0,1.0,90.0,1,1615
Casa, São João do Rio Vermelho,0.0,42.0,1.0,1.0,1.0,42.0,1,1650
Casa, Carvoeira,2200.0,477.0,7.0,5.0,3.0,95.4,1,15000
Casa,Santo Antônio de Lisboa,0.0,69.0,1.0,2.0,1.0,34.5,1,2500
Apartamento,Ingleses do Rio Vermelho,0.0,60.0,1.0,2.0,1.0,30.0,1,1800
Casa, Rio Tavares,0.0,70.0,1.0,2.0,1.0,35.0,1,4000
Casa, São João do Rio Vermelho,0.0,40.0,1.0,1.0,1.0,40.0,1,1872
Casa, Vargem Grande,0.0,210.0,3.0,3.0,1.0,70.0,1,3500
Apartamento, Estreito,550.0,72.0,1.0,2.0,1.0,36.0,1,1630
Casa,Rio Tavares,0.0,168.0,2.0,3.0,3.0,56.0,1,9400
Apartamento,Centro,663.0,53.0,1.0,2.0,1.0,26.5,1,1500
Apartamento, Carvoeira,684.0,61.0,2.0,1.0,1.0,61.0,1,3400
Casa, Rio Tavares,0.0,102.0,2.0,2.0,2.0,51.0,1,3900
Apartamento,Carvoeira,480.0,42.0,1.0,1.0,1.0,42.0,1,2600
Casa,Córrego Grande,0.0,350.0,4.0,4.0,4.0,87.5,1,15000
Casa,Jurerê,0.0,450.0,6.0,5.0,4.0,90.0,1,7250
Casa, Estreito,0.0,200.0,3.0,5.0,2.0,40.0,1,5800
Apartamento, Centro,740.0,77.0,3.0,2.0,2.0,38.5,1,3700
Apartamento, Coqueiros,990.0,93.0,3.0,2.0,1.0,46.5,1,3300
Apartamento,Centro,750.0,36.0,1.0,1.0,1.0,36.0,1,4806
Apartamento, Itacorubi,1600.0,100.0,3.0,3.0,1.0,33.333333333333336,1,5750
Apartamento,Agronômica,500.0,40.0,1.0,1.0,1.0,40.0,1,3300
Casa, Ingleses do Rio Vermelho,0.0,130.0,2.0,3.0,4.0,43.333333333333336,1,3800
Casa,Centro,0.0,235.0,3.0,2.0,1.0,117.5,1,9400
Apartamento,Vargem do Bom Jesus,630.0,62.0,1.0,2.0,2.0,31.0,1,1900
Apartamento, Pantanal,781.0,78.0,1.0,2.0,1.0,39.0,1,3441
Apartamento, Estreito,944.0,104.0,2.0,3.0,1.0,34.666666666666664,1,3900
Casa,Vargem Grande,0.0,120.0,4.0,3.0,2.0,40.0,1,2900
Apartamento,Ingleses do Rio Vermelho,537.0,83.0,1.0,2.0,1.0,41.5,1,3000
Casa,Ingleses do Rio Vermelho,0.0,59.0,1.0,2.0,1.0,29.5,1,2300
Apartamento,Cachoeira do Bom Jesus,463.0,42.0,1.0,1.0,1.0,42.0,1,1800
Apartamento,Coqueiros,990.0,93.0,3.0,2.0,1.0,46.5,1,3300
Apartamento, Campeche,0.0,35.0,1.0,1.0,1.0,35.0,1,1350
Casa, Campeche,0.0,140.0,1.0,3.0,1.0,46.66666666666666,1,4880
Apartamento, Agronômica,0.0,41.0,1.0,1.0,1.0,41.0,1,3500
Casa, Rio Tavares,50.0,67.0,1.0,2.0,1.0,33.5,1,3300
Apartamento, Centro,700.0,60.0,1.0,1.0,1.0,60.0,1,2820
Apartamento, Saco dos Limões,500.0,42.0,1.0,1.0,1.0,42.0,1,2860
Apartamento, Estreito,887.0,142.0,4.0,4.0,2.0,35.5,1,4350
Casa,Estreito,0.0,226.0,2.0,5.0,4.0,45.2,1,8500
Casa, Jurerê Internacional,0.0,540.0,8.0,6.0,4.0,90.0,1,28000
Apartamento,Trindade,800.0,89.0,2.0,3.0,1.0,29.666666666666668,1,3700
Apartamento, Canasvieiras,0.0,89.0,1.0,3.0,1.0,29.666666666666668,1,3000
Apartamento,Jurerê Internacional,0.0,80.0,2.0,3.0,1.0,26.666666666666668,1,5000
Casa, Joao Paulo,0.0,160.0,2.0,3.0,1.0,53.333333333333336,1,3400
Apartamento,Centro,749.0,46.0,1.0,1.0,2.0,46.0,1,4850
Casa,Balneário,0.0,190.0,2.0,1.0,1.0,190.0,1,4000
Apartamento,Agronômica,1493.0,131.0,4.0,3.0,3.0,43.66666666666666,1,13900
Apartamento, Coqueiros,0.0,60.0,1.0,2.0,2.0,30.0,1,2500
Apartamento, Jardim Atlântico,500.0,70.0,1.0,2.0,1.0,35.0,1,1550
Casa, Rio Tavares,0.0,180.0,2.0,2.0,2.0,90.0,1,6000
Apartamento, Agronômica,1900.0,230.0,5.0,4.0,2.0,57.5,1,5990
Casa, Campeche,0.0,83.0,3.0,3.0,2.0,27.666666666666668,1,4700
Apartamento, Campeche,1000.0,104.0,2.0,3.0,2.0,34.666666666666664,1,7000
Casa, Santa Mônica,0.0,330.0,5.0,5.0,3.0,66.0,1,13000
Apartamento, Beira Mar,5000.0,750.0,6.0,5.0,6.0,150.0,1,37000
Casa,Santo Antônio de Lisboa,500.0,270.0,4.0,3.0,3.0,90.0,1,13500
Casa,Balneário,0.0,489.0,1.0,1.0,1.0,489.0,1,13000
Casa,Rio Tavares,0.0,180.0,3.0,2.0,2.0,90.0,1,6000
Casa, Campeche,0.0,125.0,2.0,3.0,2.0,41.66666666666666,1,8200
Casa, Cacupé,1150.0,402.0,3.0,5.0,2.0,80.4,1,9500
Apartamento, Centro,947.0,103.0,4.0,3.0,2.0,34.333333333333336,1,9000
Casa, Córrego Grande,1500.0,400.0,6.0,4.0,2.0,100.0,1,15000
Casa,Campeche,0.0,452.0,4.0,4.0,4.0,113.0,1,10000
Apartamento,Tapera da Base,0.0,33.0,1.0,2.0,1.0,16.5,1,1200
Apartamento, Centro,791.0,65.0,1.0,2.0,1.0,32.5,1,2300
Apartamento, Campeche,565.0,70.0,2.0,2.0,1.0,35.0,1,3800
Casa,Estreito,0.0,118.0,2.0,1.0,1.0,118.0,1,8000
Apartamento,Agronômica,500.0,40.0,1.0,1.0,1.0,40.0,1,3300
Apartamento, Agronômica,0.0,33.0,1.0,1.0,1.0,33.0,1,3500
Apartamento, Centro,1900.0,247.0,4.0,3.0,1.0,82.33333333333333,1,5000
Apartamento, Campeche,1070.0,115.0,2.0,3.0,1.0,38.333333333333336,1,7450
Casa, Centro,0.0,267.0,3.0,5.0,2.0,53.4,1,9900
Apartamento, Campeche,5000.0,750.0,6.0,5.0,6.0,150.0,1,37000
Casa,Lagoa da Conceição,0.0,140.0,1.0,3.0,1.0,46.66666666666666,1,8000
Casa,Estreito,0.0,150.0,1.0,1.0,1.0,150.0,1,4500
Apartamento,Centro,1000.0,147.0,3.0,2.0,2.0,73.5,1,9900
Casa,Lagoa da Conceição,0.0,230.0,4.0,7.0,1.0,32.857142857142854,1,9000
Casa,Centro,0.0,168.0,2.0,3.0,2.0,56.0,1,8500
Apartamento, Balneário,900.0,123.0,3.0,3.0,2.0,41.0,1,4600
Casa, Campeche,0.0,145.0,3.0,3.0,1.0,48.333333333333336,1,8500
Apartamento,Carvoeira,466.0,55.0,2.0,1.0,1.0,55.0,1,4800
Apartamento, Capoeiras,0.0,35.0,1.0,1.0,1.0,35.0,1,1400
Apartamento, Jurerê,1650.0,114.0,3.0,3.0,2.0,38.0,1,10000
Apartamento, Centro,600.0,25.0,1.0,1.0,1.0,25.0,1,3545
Kitnet/Conjugado, Estreito,0.0,24.0,1.0,1.0,1.0,24.0,1,1200
Apartamento, Carvoeira,300.0,35.0,1.0,1.0,1.0,35.0,1,1550
Casa, Campeche,0.0,155.0,2.0,3.0,3.0,51.66666666666666,1,8000
Casa, Carianos,0.0,180.0,2.0,3.0,2.0,60.0,1,5600
Casa,Canto,0.0,273.0,3.0,5.0,4.0,54.6,1,9500
Casa, Jardim Atlântico,0.0,420.0,2.0,6.0,1.0,70.0,1,25000
Casa, Itaguaçu,0.0,131.0,4.0,2.0,1.0,65.5,1,8000
Casa, Córrego Grande,1600.0,299.0,5.0,4.0,2.0,74.75,1,15400
Apartamento,Campeche,850.0,48.0,1.0,1.0,1.0,48.0,1,4800
Casa, Santo Antônio de Lisboa,1600.0,270.0,5.0,3.0,1.0,90.0,1,13500
Casa,Balneário,0.0,432.0,5.0,5.0,5.0,86.4,1,14000
Casa, Jurerê Internacional,0.0,515.0,9.0,6.0,4.0,85.83333333333333,1,18000
Casa,São João do Rio Vermelho,0.0,320.0,9.0,6.0,1.0,53.333333333333336,1,12000
Apartamento, Campeche,0.0,50.0,1.0,2.0,1.0,25.0,1,2000
Apartamento, Trindade,470.0,68.0,1.0,2.0,1.0,34.0,1,2250
Apartamento, Pantanal,550.0,50.0,1.0,1.0,1.0,50.0,1,2500
Apartamento, Rio Tavares,80.0,55.0,2.0,2.0,1.0,27.5,1,2000
Apartamento, Jurerê,630.0,72.0,3.0,2.0,1.0,36.0,1,4500
Apartamento, Coqueiros,415.0,90.0,1.0,2.0,1.0,45.0,1,2000
Apartamento, Estreito,360.0,70.0,2.0,2.0,1.0,35.0,1,3900
Apartamento, Ponta das Canas,1.0,90.0,2.0,3.0,1.0,30.0,1,2700
Apartamento, Centro,700.0,113.0,3.0,3.0,2.0,37.66666666666666,1,6500
Casa, Monte Verde,0.0,160.0,3.0,3.0,3.0,53.333333333333336,1,4217
Apartamento, Jurerê Internacional,10.0,62.0,1.0,2.0,1.0,31.0,1,4500
Apartamento, Centro,600.0,78.0,4.0,2.0,2.0,39.0,1,4100
Casa, Rio Tavares,1.0,90.0,1.0,1.0,1.0,90.0,1,3200
Casa,Coqueiros,0.0,174.0,2.0,3.0,3.0,58.0,1,6900
Apartamento,Agronômica,1000.0,99.0,3.0,2.0,1.0,49.5,1,8550
Apartamento, Centro,1273.0,68.0,1.0,1.0,1.0,68.0,1,8447
Apartamento, Campeche,5000.0,744.0,5.0,5.0,3.0,148.8,1,37000
Casa, Jurerê Internacional,0.0,268.0,3.0,4.0,2.0,67.0,1,15000
Casa, Campeche,0.0,175.0,3.0,2.0,2.0,87.5,1,7000
Casa, Jurerê Internacional,0.0,1100.0,6.0,5.0,6.0,220.0,1,50000
Casa,Campeche,0.0,160.0,4.0,3.0,1.0,53.333333333333336,1,6700
Apartamento,Canasvieiras,200.0,35.0,1.0,1.0,1.0,35.0,1,2000
Apartamento, Estreito,230.0,33.0,1.0,1.0,1.0,33.0,1,1890
Apartamento, Pantanal,625.0,65.0,2.0,2.0,1.0,32.5,1,4550
Apartamento, Estreito,450.0,84.0,2.0,3.0,1.0,28.0,1,2950
Kitnet/Conjugado, Carvoeira,0.0,23.0,1.0,1.0,1.0,23.0,1,1100
Apartamento, Canasvieiras,0.0,45.0,1.0,1.0,1.0,45.0,1,2650
Apartamento, Centro,1620.0,193.0,4.0,3.0,1.0,64.33333333333333,1,7600
Apartamento, Estreito,479.0,42.0,1.0,1.0,1.0,42.0,1,1850
Apartamento, Pantanal,100.0,40.0,1.0,2.0,1.0,20.0,1,1700
Apartamento,Carvoeira,320.0,50.0,1.0,1.0,1.0,50.0,1,2950
Kitnet/Conjugado,Cachoeira do Bom Jesus,0.0,40.0,1.0,1.0,1.0,40.0,1,2750
Apartamento, Jardim Atlântico,1228.0,87.0,3.0,3.0,2.0,29.0,1,4200
Apartamento, Abraão,670.0,126.0,3.0,3.0,2.0,42.0,1,3600
Casa, Trindade,0.0,370.0,6.0,4.0,4.0,92.5,1,10000
Casa,Ribeirão da Ilha,0.0,420.0,1.0,2.0,6.0,210.0,1,8000
Apartamento, Canasvieiras,396.0,132.0,2.0,3.0,1.0,44.0,1,3490
Casa,Coqueiros,0.0,120.0,1.0,2.0,1.0,60.0,1,2800
Apartamento, Carvoeira,630.0,78.0,1.0,3.0,1.0,26.0,1,2000
Casa, Agronômica,0.0,110.0,1.0,4.0,2.0,27.5,1,6000
Apartamento, Itacorubi,800.0,70.0,1.0,2.0,1.0,35.0,1,5500
Casa,Campeche,400.0,180.0,4.0,4.0,2.0,45.0,1,6500
Apartamento, Parque São Jorge,1150.0,125.0,3.0,4.0,2.0,31.25,1,5500
Apartamento, Abraão,593.0,76.0,1.0,2.0,1.0,38.0,1,3100
Casa, Jurerê Internacional,0.0,450.0,5.0,4.0,3.0,112.5,1,8000
Apartamento, Coqueiros,750.0,84.0,3.0,3.0,1.0,28.0,1,3950
Apartamento, Carvoeira,480.0,37.0,1.0,1.0,1.0,37.0,1,2980
Apartamento, Jurerê Internacional,1200.0,126.0,4.0,3.0,2.0,42.0,1,10000
Apartamento, Centro,1200.0,49.0,1.0,1.0,1.0,49.0,1,1900
Casa,Trindade,0.0,285.0,4.0,4.0,4.0,71.25,1,10000
Casa, Jurerê,0.0,350.0,6.0,5.0,4.0,70.0,1,4500
Apartamento,Trindade,400.0,45.0,1.0,2.0,1.0,22.5,1,2400
Apartamento, Centro,1062.0,108.0,3.0,2.0,2.0,54.0,1,11487
Apartamento,Santo Antônio de Lisboa,0.0,40.0,1.0,1.0,1.0,40.0,1,2848
Apartamento, Ingleses do Rio Vermelho,180.0,120.0,4.0,4.0,1.0,30.0,1,4390
Apartamento, Estreito,468.0,95.0,2.0,3.0,2.0,31.666666666666668,1,3900
Apartamento, Itacorubi,682.0,57.0,1.0,2.0,1.0,28.5,1,2700
Apartamento,Joao Paulo,750.0,92.0,2.0,3.0,2.0,30.666666666666668,1,3500
Apartamento,Joao Paulo,750.0,80.0,2.0,2.0,1.0,40.0,1,4500
Apartamento, Campeche,190.0,35.0,1.0,1.0,1.0,35.0,1,1600
Apartamento, Capoeiras,600.0,68.0,2.0,2.0,1.0,34.0,1,2750
Casa, Campeche,250.0,90.0,2.0,2.0,1.0,45.0,1,4000
Apartamento, Canajure,500.0,58.0,1.0,1.0,1.0,58.0,1,3000
Casa, Campeche,0.0,150.0,3.0,3.0,2.0,50.0,1,6000
Apartamento,Ingleses do Rio Vermelho,200.0,70.0,2.0,2.0,1.0,35.0,1,2300
Apartamento, Centro,1493.0,167.0,4.0,3.0,2.0,55.66666666666666,1,20361
Apartamento, Coqueiros,917.0,100.0,1.0,3.0,1.0,33.333333333333336,1,3700
Casa,Campeche,0.0,147.0,3.0,3.0,1.0,49.0,1,9500
Apartamento,Canto,650.0,96.0,1.0,3.0,2.0,32.0,1,4300
Casa, Saco dos Limões,0.0,80.0,1.0,2.0,1.0,40.0,1,3100
Apartamento,Jardim Atlântico,325.0,52.0,1.0,2.0,1.0,26.0,1,2150
Apartamento, Canasvieiras,490.0,52.0,1.0,1.0,1.0,52.0,1,2300
Casa,Campeche,0.0,250.0,3.0,3.0,5.0,83.33333333333333,1,9500
Apartamento,Agronômica,800.0,70.0,2.0,2.0,1.0,35.0,1,3980
Apartamento,Agronômica,360.0,48.0,1.0,3.0,1.0,16.0,1,1790
Casa, São João do Rio Vermelho,0.0,270.0,2.0,2.0,1.0,135.0,1,3500
Apartamento,Jurerê Internacional,590.0,81.0,2.0,2.0,1.0,40.5,1,3550
Apartamento, Campeche,457.0,60.0,1.0,2.0,1.0,30.0,1,3200
Casa, Jurerê Internacional,0.0,400.0,5.0,5.0,2.0,80.0,1,16500
Apartamento, Pantanal,900.0,68.0,2.0,2.0,2.0,34.0,1,3190
Apartamento, Centro,0.0,20.0,1.0,1.0,1.0,20.0,1,1800
Apartamento, Centro,890.0,80.0,2.0,3.0,2.0,26.666666666666668,1,3700
Loft,Pantanal,0.0,31.0,1.0,1.0,1.0,31.0,1,1100
Casa,Santo Antônio de Lisboa,0.0,180.0,5.0,2.0,2.0,90.0,1,7000
Apartamento, Agronômica,900.0,105.0,2.0,3.0,1.0,35.0,1,4400
Apartamento,Trindade,800.0,71.0,2.0,2.0,1.0,35.5,1,3000
Apartamento, Canto,376.0,72.0,1.0,3.0,1.0,24.0,1,1750
Apartamento, Itacorubi,530.0,62.0,2.0,2.0,1.0,31.0,1,4200
Apartamento,Centro,750.0,64.0,1.0,2.0,1.0,32.0,1,1500
Apartamento,Trindade,605.0,35.0,1.0,1.0,1.0,35.0,1,2200
Kitnet/Conjugado, Estreito,0.0,24.0,1.0,1.0,1.0,24.0,1,1200
Apartamento, Centro,0.0,29.0,1.0,1.0,1.0,29.0,1,2300
Apartamento, Itacorubi,610.0,65.0,2.0,2.0,1.0,32.5,1,3500
Casa,Trindade,0.0,406.0,4.0,5.0,3.0,81.2,1,8000
Casa,Campeche,0.0,200.0,3.0,4.0,3.0,50.0,1,9800
Apartamento, Capoeiras,330.0,54.0,1.0,2.0,1.0,27.0,1,1550
Apartamento, Ingleses do Rio Vermelho,0.0,65.0,1.0,3.0,1.0,21.666666666666668,1,3000
Apartamento,Campeche,950.0,84.0,3.0,2.0,1.0,42.0,1,5500
Casa, Campeche,0.0,130.0,3.0,3.0,1.0,43.333333333333336,1,4600
Casa, Campeche,0.0,45.0,1.0,1.0,2.0,45.0,1,3650
Apartamento, Saco Grande,350.0,15.0,1.0,1.0,1.0,15.0,1,1580
Casa, Córrego Grande,0.0,260.0,4.0,4.0,2.0,65.0,1,5500
Casa, Joao Paulo,0.0,280.0,3.0,4.0,2.0,70.0,1,9800
Apartamento, Campeche,270.0,40.0,1.0,1.0,1.0,40.0,1,2750
Apartamento, Carvoeira,300.0,45.0,1.0,1.0,1.0,45.0,1,1900
Casa, Jurerê,1300.0,400.0,4.0,3.0,2.0,133.33333333333334,1,19000
Apartamento, Ingleses do Rio Vermelho,200.0,137.0,2.0,3.0,2.0,45.66666666666666,1,3400
Apartamento,Capoeiras,700.0,68.0,2.0,2.0,1.0,34.0,1,3300
Apartamento, Lagoa da Conceição,250.0,51.0,1.0,1.0,1.0,51.0,1,2500
Apartamento, Córrego Grande,430.0,68.0,2.0,1.0,2.0,68.0,1,3500
Apartamento,Abraão,530.0,70.0,1.0,2.0,1.0,35.0,1,1700
Apartamento, Saco dos Limões,700.0,71.0,2.0,2.0,2.0,35.5,1,2950
Apartamento, Centro,850.0,73.0,2.0,2.0,2.0,36.5,1,4050
Apartamento, Campeche,877.0,106.0,2.0,2.0,2.0,53.0,1,7300
Casa, Lagoa da Conceição,0.0,100.0,2.0,3.0,1.0,33.333333333333336,1,3400
Apartamento,Lagoa da Conceição,450.0,67.0,2.0,2.0,1.0,33.5,1,3600
Apartamento, Ingleses do Rio Vermelho,700.0,98.0,3.0,3.0,2.0,32.666666666666664,1,3600
Apartamento, Trindade,600.0,91.0,2.0,3.0,2.0,30.33333333333333,1,3500
Apartamento, Agronômica,477.0,39.0,1.0,1.0,1.0,39.0,1,2750
Apartamento, Canasvieiras,350.0,60.0,1.0,2.0,1.0,30.0,1,2360
Casa, Centro,0.0,126.0,3.0,2.0,1.0,63.0,1,4100
Apartamento, Morro das Pedras,634.0,39.0,1.0,1.0,1.0,39.0,1,2700
Apartamento, Campeche,600.0,72.0,2.0,2.0,1.0,36.0,1,4600
Apartamento, Saco Grande,678.0,73.0,2.0,2.0,1.0,36.5,1,4500
Apartamento, Trindade,530.0,82.0,1.0,2.0,1.0,41.0,1,2100
Apartamento,Ingleses do Rio Vermelho,220.0,69.0,2.0,2.0,1.0,34.5,1,1380
Apartamento, Centro,1062.0,113.0,3.0,2.0,2.0,56.5,1,6500
Casa,Trindade,0.0,483.0,7.0,7.0,2.0,69.0,1,9000
Apartamento, Saco Grande,350.0,15.0,1.0,1.0,1.0,15.0,1,1580
Apartamento, Campeche,1000.0,98.0,2.0,3.0,1.0,32.666666666666664,1,7000
Apartamento, Centro,1600.0,109.0,4.0,3.0,1.0,36.333333333333336,1,6000
Casa, Rio Tavares,0.0,120.0,4.0,3.0,2.0,40.0,1,5800
Apartamento, Campeche,650.0,70.0,2.0,2.0,1.0,35.0,1,4600
Apartamento, Centro,557.0,69.0,2.0,2.0,2.0,34.5,1,4390
Apartamento, Centro,600.0,69.0,5.0,2.0,1.0,34.5,1,3200
Casa,Jurerê Internacional,0.0,450.0,6.0,6.0,2.0,75.0,1,8000
Apartamento, Canasvieiras,1800.0,560.0,5.0,4.0,2.0,140.0,1,23000
Casa, Saco dos Limões,114.0,65.0,1.0,2.0,1.0,32.5,1,2500
Casa, Campeche,0.0,130.0,3.0,3.0,2.0,43.333333333333336,1,4900
Apartamento,Estreito,690.0,100.0,3.0,3.0,2.0,33.333333333333336,1,5500
Casa, Carianos,0.0,83.0,2.0,2.0,1.0,41.5,1,2850
Apartamento, Centro,1499.0,156.0,3.0,4.0,2.0,39.0,1,5600
Casa, Santa Mônica,0.0,140.0,3.0,3.0,1.0,46.66666666666666,1,5180
Apartamento, Abraão,1012.0,96.0,3.0,3.0,2.0,32.0,1,4200
Apartamento, Rio Tavares,250.0,40.0,1.0,1.0,1.0,40.0,1,2100
Apartamento, Campeche,50.0,55.0,2.0,2.0,1.0,27.5,1,2390
Casa, Campeche,0.0,472.0,3.0,4.0,2.0,118.0,1,9000
Apartamento,Campeche,1100.0,98.0,2.0,3.0,1.0,32.666666666666664,1,5200
Casa, Campeche,600.0,172.0,4.0,4.0,2.0,43.0,1,6500
Casa, Santo Antônio de Lisboa,1515.0,270.0,4.0,3.0,3.0,90.0,1,13500
Apartamento, Ingleses do Rio Vermelho,250.0,94.0,2.0,2.0,1.0,47.0,1,4439
Apartamento, Campeche,600.0,91.0,2.0,2.0,2.0,45.5,1,5800
Casa,Campeche,0.0,125.0,1.0,3.0,3.0,41.66666666666666,1,7500
Apartamento, Canasvieiras,0.0,55.0,1.0,2.0,1.0,27.5,1,2800
Apartamento, Canasvieiras,0.0,45.0,1.0,2.0,1.0,22.5,1,1380
Apartamento, Ingleses do Rio Vermelho,770.0,90.0,2.0,2.0,1.0,45.0,1,3190
Apartamento, Lagoa da Conceição,150.0,50.0,1.0,1.0,1.0,50.0,1,2750
Casa, Campeche,0.0,250.0,4.0,3.0,1.0,83.33333333333333,1,9500
Apartamento,Carvoeira,695.0,32.0,1.0,1.0,1.0,32.0,1,3000
Apartamento, Jardim Atlântico,496.0,80.0,1.0,3.0,1.0,26.666666666666668,1,2350
Apartamento, Joao Paulo,0.0,71.0,2.0,2.0,1.0,35.5,1,4500
Apartamento, Itacorubi,1100.0,89.0,2.0,3.0,2.0,29.666666666666668,1,4000
Apartamento, Ingleses do Rio Vermelho,305.0,30.0,1.0,1.0,1.0,30.0,1,1850
Apartamento, Capoeiras,630.0,105.0,2.0,3.0,2.0,35.0,1,3200
Casa,Rio Tavares,0.0,300.0,2.0,4.0,2.0,75.0,1,15000
Apartamento, Carvoeira,467.0,41.0,1.0,1.0,1.0,41.0,1,2100
Apartamento, Itaguaçu,400.0,52.0,1.0,1.0,1.0,52.0,1,1400
Apartamento, Centro,1046.0,43.0,1.0,1.0,1.0,43.0,1,2600
Casa,Campeche,0.0,137.0,3.0,3.0,1.0,45.66666666666666,1,5300
Apartamento, Jurerê Internacional,0.0,131.0,4.0,3.0,3.0,43.66666666666666,1,15000
Apartamento, Pantanal,500.0,52.0,1.0,2.0,1.0,26.0,1,2780
Kitnet/Conjugado, Trindade,0.0,18.0,1.0,1.0,1.0,18.0,1,1200
Apartamento, Centro,320.0,47.0,1.0,1.0,1.0,47.0,1,1600
Apartamento, Campeche,550.0,90.0,2.0,2.0,2.0,45.0,1,5900
Casa,Coqueiros,0.0,120.0,1.0,2.0,1.0,60.0,1,3000
Casa,Estreito,0.0,200.0,2.0,5.0,2.0,40.0,1,5800
Casa,Cachoeira do Bom Jesus,0.0,50.0,1.0,1.0,1.0,50.0,1,2200
Casa, Cachoeira do Bom Jesus,0.0,176.0,3.0,3.0,4.0,58.66666666666666,1,8000
Casa,Centro,0.0,70.0,2.0,2.0,1.0,35.0,1,3000
Casa, Costeira do Pirajubaé,0.0,114.0,2.0,4.0,1.0,28.5,1,3000
Apartamento, Jurerê,800.0,100.0,3.0,2.0,2.0,50.0,1,8500
Apartamento, Agronômica,283.0,37.0,1.0,1.0,1.0,37.0,1,3650
Apartamento, Coqueiros,959.0,112.0,1.0,3.0,2.0,37.333333333333336,1,4300
Apartamento, Centro,720.0,61.0,1.0,2.0,1.0,30.5,1,2600
Apartamento, Campeche,860.0,68.0,2.0,2.0,1.0,34.0,1,3800
Apartamento, Saco Grande,1725.0,171.0,3.0,3.0,3.0,57.0,1,4550
Apartamento, São João do Rio Vermelho,90.0,89.0,2.0,2.0,1.0,44.5,1,2800
Apartamento, Agronômica,1072.0,137.0,2.0,3.0,1.0,45.66666666666666,1,3500
Apartamento, Trindade,919.0,86.0,2.0,3.0,2.0,28.666666666666668,1,4600
Apartamento, Centro,1844.0,206.0,4.0,3.0,2.0,68.66666666666667,1,11000
Apartamento, Pantanal,800.0,63.0,1.0,2.0,1.0,31.5,1,2500
Apartamento, Ingleses do Rio Vermelho,580.0,118.0,2.0,3.0,2.0,39.333333333333336,1,6500
Apartamento, Abraão,1007.0,95.0,3.0,3.0,1.0,31.666666666666668,1,4300
Apartamento,Carvoeira,300.0,42.0,1.0,1.0,1.0,42.0,1,3000
Apartamento, Abraão,1290.0,187.0,3.0,2.0,2.0,93.5,1,3600
Apartamento, Joao Paulo,1000.0,82.0,2.0,3.0,2.0,27.33333333333333,1,3500
Apartamento, Córrego Grande,460.0,42.0,1.0,1.0,2.0,42.0,1,2500
Apartamento, Armação do Pântano do Sul,160.0,41.0,1.0,1.0,1.0,41.0,1,1900
Apartamento, Itacorubi,1018.0,128.0,2.0,4.0,2.0,32.0,1,5500
Apartamento, Capoeiras,200.0,35.0,1.0,2.0,1.0,17.5,1,1550
Apartamento, Itacorubi,785.0,69.0,1.0,2.0,1.0,34.5,1,2900
Apartamento, Centro,1400.0,79.0,2.0,3.0,2.0,26.33333333333333,1,3700
Apartamento,Balneário,1419.0,128.0,4.0,3.0,2.0,42.66666666666666,1,4900
Casa,Rio Tavares,0.0,680.0,4.0,4.0,1.0,170.0,1,15000
Apartamento, Itacorubi,846.0,105.0,2.0,3.0,1.0,35.0,1,3600
Apartamento, Córrego Grande,0.0,110.0,1.0,2.0,1.0,55.0,1,2400
Casa, Lagoa da Conceição,0.0,50.0,1.0,1.0,1.0,50.0,1,3100
Apartamento, Trindade,919.0,86.0,2.0,3.0,2.0,28.666666666666668,1,4600
Apartamento, Trindade,175.0,15.0,1.0,1.0,1.0,15.0,1,768
Casa, Coqueiros,0.0,174.0,2.0,3.0,2.0,58.0,1,6900
Apartamento, Campeche,650.0,65.0,2.0,2.0,1.0,32.5,1,4800
Apartamento, Estreito,371.0,50.0,1.0,2.0,1.0,25.0,1,1450
Apartamento, Capoeiras,759.0,72.0,2.0,2.0,1.0,36.0,1,2300
Apartamento, Capoeiras,511.0,60.0,1.0,2.0,1.0,30.0,1,1750
Casa, Campeche,0.0,144.0,3.0,3.0,1.0,48.0,1,8500
Apartamento, Pantanal,674.0,71.0,1.0,2.0,1.0,35.5,1,2800
Apartamento, Coqueiros,481.0,56.0,1.0,3.0,2.0,18.666666666666668,1,1800
Apartamento, Campeche,1100.0,126.0,2.0,2.0,2.0,63.0,1,7500
Apartamento, Rio Tavares,895.0,68.0,2.0,2.0,1.0,34.0,1,5500
Apartamento, Trindade,623.0,86.0,3.0,3.0,1.0,28.666666666666668,1,3500
Apartamento,Centro,495.0,60.0,1.0,1.0,1.0,60.0,1,5450
Apartamento, Jurerê Internacional,2000.0,197.0,4.0,3.0,2.0,65.66666666666667,1,25000
Apartamento, Campeche,737.0,70.0,2.0,2.0,1.0,35.0,1,3500
Apartamento,Centro,659.0,54.0,1.0,1.0,1.0,54.0,1,5000
Apartamento, Jardim Atlântico,0.0,72.0,2.0,2.0,2.0,36.0,1,6100
Apartamento, Agronômica,967.0,77.0,2.0,3.0,1.0,25.666666666666668,1,2950
Apartamento, Trindade,600.0,80.0,1.0,1.0,1.0,80.0,1,3400
Apartamento, Jurerê Internacional,4500.0,418.0,5.0,3.0,3.0,139.33333333333334,1,45000
Casa, Santa Mônica,150.0,80.0,1.0,3.0,1.0,26.666666666666668,1,3700
Apartamento, Centro,1571.0,85.0,2.0,3.0,2.0,28.33333333333333,1,9800
Casa,Ingleses do Rio Vermelho,50.0,108.0,2.0,3.0,2.0,36.0,1,2900
Casa, Ingleses do Rio Vermelho,0.0,231.0,2.0,3.0,3.0,77.0,1,5650
Apartamento, Ingleses do Rio Vermelho,0.0,49.0,1.0,2.0,1.0,24.5,1,2100
Casa,Cacupé,0.0,519.0,6.0,5.0,4.0,103.8,1,18000
Apartamento, Pantanal,607.0,71.0,1.0,2.0,1.0,35.5,1,2800
Kitnet/Conjugado, Carvoeira,0.0,22.0,1.0,1.0,1.0,22.0,1,1100
Apartamento, Daniela,100.0,40.0,1.0,1.0,1.0,40.0,1,1000
Apartamento, Ingleses do Rio Vermelho,0.0,123.0,1.0,3.0,1.0,41.0,1,3900
Casa, Campeche,0.0,55.0,1.0,2.0,1.0,27.5,1,2500
Apartamento, Trindade,500.0,66.0,1.0,2.0,1.0,33.0,1,2500
Apartamento, Vargem do Bom Jesus,0.0,60.0,1.0,2.0,1.0,30.0,1,3600
Apartamento, Lagoa da Conceição,0.0,40.0,1.0,1.0,1.0,40.0,1,1750
Apartamento, Itacorubi,700.0,75.0,2.0,3.0,2.0,25.0,1,3800
Apartamento, Centro,406.0,47.0,1.0,1.0,1.0,47.0,1,3000
Apartamento, Coqueiros,1673.0,145.0,3.0,2.0,3.0,72.5,1,6900
Casa, Lagoa da Conceição,0.0,110.0,3.0,3.0,1.0,36.66666666666666,1,6800
Apartamento, Trindade,470.0,68.0,1.0,2.0,1.0,34.0,1,2250
Apartamento,Trindade,364.0,31.0,1.0,1.0,1.0,31.0,1,2600
Casa, Vargem Grande,170.0,80.0,2.0,2.0,3.0,40.0,1,2800
Apartamento, Cachoeira do Bom Jesus,550.0,88.0,1.0,2.0,1.0,44.0,1,3600
Apartamento, Agronômica,0.0,50.0,1.0,1.0,1.0,50.0,1,2000
Casa,Carianos,0.0,200.0,1.0,3.0,3.0,66.66666666666667,1,4600
Apartamento,Agronômica,0.0,60.0,1.0,1.0,1.0,60.0,1,3200
Apartamento, Ingleses do Rio Vermelho,0.0,40.0,1.0,1.0,1.0,40.0,1,1550
Apartamento, Centro,946.0,78.0,2.0,2.0,2.0,39.0,1,5200
Apartamento, Centro,948.0,103.0,3.0,3.0,1.0,34.333333333333336,1,9000
Casa,Ingleses do Rio Vermelho,10.0,85.0,1.0,3.0,1.0,28.33333333333333,1,2800
Casa, Ingleses do Rio Vermelho,0.0,120.0,2.0,4.0,2.0,30.0,1,3810
Casa, Cacupé,1200.0,402.0,3.0,5.0,2.0,80.4,1,9500
Apartamento, Centro,688.0,117.0,4.0,3.0,2.0,39.0,1,5800
Casa,Ingleses do Rio Vermelho,0.0,117.0,3.0,3.0,4.0,39.0,1,5500
Apartamento, Beira Mar,1369.0,117.0,3.0,3.0,1.0,39.0,1,5100
Apartamento, Estreito,550.0,78.0,1.0,2.0,1.0,39.0,1,2300
Casa,Morro das Pedras,0.0,203.0,3.0,3.0,2.0,67.66666666666667,1,5000
Apartamento,Carvoeira,466.0,55.0,2.0,1.0,1.0,55.0,1,4800
Casa,São João do Rio Vermelho,0.0,103.0,2.0,3.0,1.0,34.333333333333336,1,3900
Apartamento,Campeche,431.0,48.0,2.0,1.0,1.0,48.0,1,4500
Apartamento, Centro,835.0,98.0,2.0,3.0,1.0,32.666666666666664,1,3500
Apartamento, Pantanal,800.0,63.0,1.0,2.0,1.0,31.5,1,2500
Casa,Ingleses do Rio Vermelho,180.0,120.0,3.0,4.0,2.0,30.0,1,5600
Apartamento, Trindade,790.0,121.0,2.0,4.0,2.0,30.25,1,4400
Apartamento, Itacorubi,0.0,51.0,1.0,1.0,1.0,51.0,1,2350
Casa,Carianos,0.0,155.0,4.0,3.0,2.0,51.66666666666666,1,4600
Apartamento,Jurerê,850.0,105.0,3.0,3.0,2.0,35.0,1,8800
Apartamento,Centro,1500.0,90.0,2.0,3.0,1.0,30.0,1,2900
Casa, Lagoa da Conceição,0.0,90.0,2.0,2.0,1.0,45.0,1,6000
Apartamento, Trindade,650.0,65.0,1.0,3.0,1.0,21.666666666666668,1,2600
Apartamento, Jurerê,800.0,80.0,1.0,2.0,1.0,40.0,1,6000
Casa,Jurerê Internacional,0.0,450.0,6.0,5.0,2.0,90.0,1,9500
Casa, Trindade,0.0,170.0,2.0,3.0,2.0,56.66666666666666,1,4980
Apartamento, Abraão,958.0,96.0,2.0,3.0,1.0,32.0,1,4500
Apartamento, Ingleses do Rio Vermelho,0.0,65.0,3.0,2.0,1.0,32.5,1,4000
Apartamento,Centro,850.0,112.0,2.0,3.0,1.0,37.333333333333336,1,3500
Apartamento, Ingleses do Rio Vermelho,0.0,134.0,1.0,3.0,2.0,44.66666666666666,1,2850
Casa,Córrego Grande,0.0,260.0,4.0,5.0,2.0,52.0,1,5200
Apartamento,Agronômica,0.0,49.0,1.0,1.0,1.0,49.0,1,3200
Apartamento,Carvoeira,60.0,30.0,1.0,1.0,1.0,30.0,1,1500
Apartamento, Centro,400.0,140.0,2.0,3.0,1.0,46.66666666666666,1,3400
Apartamento,Lagoa da Conceição,1200.0,160.0,3.0,3.0,2.0,53.333333333333336,1,6000
Apartamento, Centro,567.0,66.0,1.0,2.0,1.0,33.0,1,2500
Apartamento, Trindade,100.0,32.0,1.0,1.0,1.0,32.0,1,900
Apartamento, Ingleses do Rio Vermelho,263.0,85.0,1.0,2.0,2.0,42.5,1,2500
Apartamento,Itacorubi,560.0,67.0,1.0,2.0,1.0,33.5,1,2700
Apartamento, Rio Tavares,0.0,20.0,1.0,1.0,1.0,20.0,1,2000
Apartamento, Capoeiras,268.0,52.0,1.0,2.0,1.0,26.0,1,1084
Apartamento, Vargem Pequena,430.0,63.0,1.0,2.0,1.0,31.5,1,3000
Apartamento,Campeche,660.0,75.0,1.0,2.0,1.0,37.5,1,3600
Casa, Trindade,0.0,50.0,1.0,2.0,1.0,25.0,1,1750
Apartamento, Itacorubi,692.0,58.0,1.0,2.0,1.0,29.0,1,4500
Apartamento, Abraão,1272.0,96.0,2.0,3.0,2.0,32.0,1,4350
Apartamento,Rio Tavares,650.0,60.0,2.0,2.0,1.0,30.0,1,3300
Casa, Rio Tavares,0.0,95.0,2.0,3.0,1.0,31.666666666666668,1,3750
Apartamento, Trindade,560.0,103.0,3.0,3.0,1.0,34.333333333333336,1,3200
Casa, São João do Rio Vermelho,0.0,40.0,1.0,1.0,1.0,40.0,1,1800
Apartamento, Carvoeira,450.0,42.0,1.0,1.0,1.0,42.0,1,1500
Apartamento, Centro,480.0,57.0,1.0,1.0,1.0,57.0,1,1450
Casa, Cachoeira do Bom Jesus,0.0,168.0,2.0,3.0,1.0,56.0,1,4000
Apartamento,Rio Tavares,0.0,53.0,1.0,2.0,1.0,26.5,1,2200
Casa, Ingleses do Rio Vermelho,0.0,220.0,4.0,5.0,4.0,44.0,1,7000
Apartamento, Campeche,1100.0,98.0,2.0,3.0,1.0,32.666666666666664,1,5700
Apartamento,Itacorubi,911.0,117.0,3.0,3.0,2.0,39.0,1,5800
Casa,Campeche,0.0,130.0,2.0,2.0,2.0,65.0,1,8500
Apartamento, Rio Tavares,1210.0,90.0,2.0,2.0,2.0,45.0,1,5450
Casa, Rio Tavares,0.0,80.0,8.0,3.0,2.0,26.666666666666668,1,5800
Apartamento,Trindade,429.0,70.0,2.0,2.0,1.0,35.0,1,3800
Apartamento,Centro,585.0,62.0,1.0,1.0,1.0,62.0,1,3000
Apartamento, Saco Grande,700.0,89.0,2.0,3.0,1.0,29.666666666666668,1,4500
Casa, Alto Ribeirão,0.0,108.0,3.0,3.0,2.0,36.0,1,4200
Apartamento, Itacorubi,700.0,71.0,2.0,2.0,2.0,35.5,1,4250
Casa,Santa Mônica,0.0,75.0,2.0,1.0,2.0,75.0,1,5600
Casa, Campeche,0.0,300.0,2.0,4.0,3.0,75.0,1,15000
Casa,Lagoa da Conceição,0.0,63.0,1.0,1.0,2.0,63.0,1,3500
Apartamento,Agronômica,297.0,31.0,1.0,1.0,1.0,31.0,1,2650
Casa, Balneário,0.0,86.0,1.0,3.0,1.0,28.666666666666668,1,3800
Casa,Lagoa da Conceição,600.0,191.0,4.0,3.0,2.0,63.66666666666666,1,10000
Apartamento,Carvoeira,400.0,43.0,1.0,1.0,1.0,43.0,1,3200
Apartamento, Centro,986.0,136.0,2.0,3.0,2.0,45.333333333333336,1,5900
Apartamento,Jurerê,831.0,69.0,2.0,2.0,2.0,34.5,1,7500
Apartamento,Jurerê,750.0,89.0,2.0,2.0,1.0,44.5,1,4400
Apartamento, Jurerê Internacional,1000.0,80.0,2.0,3.0,1.0,26.666666666666668,1,5500
Casa, Rio Tavares,0.0,70.0,1.0,2.0,1.0,35.0,1,3900
Apartamento, Ingleses do Rio Vermelho,0.0,70.0,3.0,2.0,1.0,35.0,1,3900
Casa,Ribeirão da Ilha,42.0,106.0,3.0,3.0,1.0,35.333333333333336,1,4200
Casa,Cacupé,680.0,280.0,4.0,4.0,4.0,70.0,1,11900
Apartamento, Coqueiros,1520.0,110.0,2.0,3.0,2.0,36.66666666666666,1,5500
Casa,Saco dos Limões,0.0,90.0,1.0,1.0,1.0,90.0,1,1700
Casa, Rio Tavares,0.0,60.0,1.0,2.0,2.0,30.0,1,7600
Casa, Trindade,0.0,140.0,1.0,3.0,2.0,46.66666666666666,1,4980
Apartamento, Agronômica,950.0,91.0,2.0,3.0,1.0,30.33333333333333,1,3800
Apartamento, Itacorubi,480.0,52.0,1.0,1.0,1.0,52.0,1,3500
Apartamento, Canasvieiras,200.0,35.0,1.0,1.0,1.0,35.0,1,2000
Apartamento, Agronômica,1200.0,128.0,4.0,3.0,2.0,42.66666666666666,1,5900
Casa, Jurerê Internacional,0.0,1000.0,5.0,4.0,5.0,250.0,1,80000
Apartamento, Estreito,530.0,78.0,2.0,3.0,1.0,26.0,1,2300
Apartamento, Jardim Atlântico,620.0,83.0,2.0,3.0,1.0,27.666666666666668,1,2700
Apartamento, Agronômica,690.0,101.0,2.0,2.0,1.0,50.5,1,3500
Apartamento,Ingleses do Rio Vermelho,984.0,100.0,2.0,3.0,2.0,33.333333333333336,1,3000
Apartamento, Carianos,90.0,130.0,2.0,3.0,1.0,43.333333333333336,1,2700
Casa, Itacorubi,750.0,100.0,1.0,1.0,1.0,100.0,1,1700
Casa, Rio Tavares,0.0,90.0,1.0,2.0,1.0,45.0,1,3200
Apartamento, Coqueiros,533.0,62.0,1.0,2.0,1.0,31.0,1,1800
Apartamento, Centro,868.0,98.0,2.0,3.0,1.0,32.666666666666664,1,2400
Apartamento, Abraão,1012.0,96.0,3.0,3.0,2.0,32.0,1,4200
Apartamento, Abraão,827.0,97.0,3.0,3.0,2.0,32.333333333333336,1,4100
Apartamento, Abraão,891.0,96.0,3.0,3.0,2.0,32.0,1,4500
Apartamento, Lagoa da Conceição,1400.0,160.0,3.0,3.0,2.0,53.333333333333336,1,6200
Casa, Morro das Pedras,620.0,400.0,5.0,3.0,2.0,133.33333333333334,1,11000
Apartamento, Agronômica,478.0,39.0,1.0,1.0,1.0,39.0,1,2750
Casa, Tapera da Base,0.0,120.0,2.0,2.0,1.0,60.0,1,2800
Apartamento, Trindade,780.0,95.0,2.0,3.0,2.0,31.666666666666668,1,5700
Apartamento, Itacorubi,955.0,100.0,2.0,3.0,2.0,33.333333333333336,1,4400
Apartamento, Centro,850.0,68.0,2.0,2.0,1.0,34.0,1,4450
Apartamento, Centro,1150.0,117.0,3.0,3.0,1.0,39.0,1,5000
Apartamento, Campeche,600.0,81.0,2.0,2.0,1.0,40.5,1,3200
Apartamento, Monte Cristo,729.0,97.0,2.0,3.0,1.0,32.333333333333336,1,3500
Apartamento, Ingleses do Rio Vermelho,400.0,45.0,1.0,1.0,1.0,45.0,1,3600
Apartamento, Capoeiras,756.0,86.0,2.0,3.0,1.0,28.666666666666668,1,2700
Apartamento, Campeche,580.0,69.0,1.0,2.0,2.0,34.5,1,5200
Apartamento, Campeche,0.0,35.0,1.0,1.0,1.0,35.0,1,2000
Apartamento, Agronômica,840.0,110.0,5.0,3.0,2.0,36.66666666666666,1,6500
Apartamento, Ingleses do Rio Vermelho,70.0,45.0,1.0,1.0,1.0,45.0,1,1700
Apartamento, Centro,600.0,29.0,1.0,1.0,1.0,29.0,1,1500
Apartamento, Carvoeira,450.0,42.0,1.0,1.0,1.0,42.0,1,1500
Casa, Lagoa da Conceição,0.0,196.0,3.0,3.0,1.0,65.33333333333333,1,5200
Apartamento, Carvoeira,460.0,40.0,1.0,1.0,1.0,40.0,1,3500
Apartamento, Centro,682.0,65.0,1.0,2.0,1.0,32.5,1,2350
Casa, Ingleses do Rio Vermelho,0.0,260.0,4.0,5.0,4.0,52.0,1,7000
Apartamento, Abraão,483.0,64.0,2.0,2.0,1.0,32.0,1,2500
Casa, Estreito,0.0,154.0,2.0,3.0,1.0,51.333333333333336,1,3500
Apartamento, Campeche,650.0,72.0,2.0,2.0,1.0,36.0,1,4600
Apartamento, Abraão,1247.0,137.0,3.0,4.0,2.0,34.25,1,3700
Apartamento, Estreito,800.0,73.0,2.0,2.0,1.0,36.5,1,2200
Apartamento, Jurerê,500.0,100.0,2.0,3.0,2.0,33.333333333333336,1,7800
Kitnet/Conjugado, Estreito,0.0,20.0,1.0,1.0,1.0,20.0,1,980
Kitnet/Conjugado, Estreito,0.0,45.0,1.0,1.0,1.0,45.0,1,950
Apartamento, Itacorubi,533.0,72.0,2.0,2.0,1.0,36.0,1,3800
Apartamento, Jardim Atlântico,547.0,44.0,1.0,2.0,1.0,22.0,1,1900
Apartamento, Carvoeira,700.0,82.0,2.0,3.0,1.0,27.33333333333333,1,2500
Apartamento, Centro,0.0,30.0,1.0,1.0,1.0,30.0,1,1300
Apartamento, Capoeiras,695.0,85.0,2.0,3.0,1.0,28.33333333333333,1,3300
Casa,Santa Mônica,0.0,150.0,2.0,1.0,1.0,150.0,1,5000
Apartamento, Abraão,539.0,72.0,2.0,2.0,1.0,36.0,1,3000
Casa, Campeche,0.0,520.0,2.0,3.0,1.0,173.33333333333334,1,7000
Apartamento, Pantanal,550.0,35.0,1.0,1.0,1.0,35.0,1,3400
Casa, Campeche,0.0,200.0,2.0,5.0,5.0,40.0,1,11250
Apartamento, Campeche,500.0,60.0,2.0,2.0,1.0,30.0,1,5000
Apartamento, Agronômica,313.0,31.0,1.0,1.0,2.0,31.0,1,2880
Apartamento, Pantanal,550.0,35.0,1.0,1.0,1.0,35.0,1,3400
Casa, Ingleses do Rio Vermelho,1.0,250.0,4.0,4.0,4.0,62.5,1,7150
Casa, Pântano do Sul,0.0,80.0,2.0,2.0,1.0,40.0,1,2500
Apartamento, Centro,1005.0,90.0,2.0,3.0,1.0,30.0,1,3000
Apartamento, Canto,1152.0,186.0,4.0,3.0,3.0,62.0,1,4900
Apartamento, Jardim Atlântico,166.0,25.0,1.0,1.0,1.0,25.0,1,1100
Apartamento, Agronômica,1200.0,91.0,2.0,2.0,1.0,45.5,1,9350
Apartamento, Ribeirão da Ilha,375.0,63.0,2.0,2.0,1.0,31.5,1,2800
Apartamento, Carvoeira,506.0,61.0,1.0,1.0,1.0,61.0,1,3200
Apartamento, Canto,377.0,68.0,1.0,3.0,1.0,22.666666666666668,1,2200
Apartamento, Abraão,603.0,84.0,2.0,2.0,2.0,42.0,1,2600
Apartamento, Abraão,1290.0,187.0,3.0,2.0,2.0,93.5,1,3600
Apartamento, Coqueiros,2000.0,130.0,4.0,4.0,2.0,32.5,1,6500
Casa, Campeche,0.0,80.0,1.0,1.0,1.0,80.0,1,4000
Casa, Jurerê Internacional,5000.0,1100.0,9.0,6.0,4.0,183.33333333333331,1,77000
Apartamento,Ingleses do Rio Vermelho,364.0,100.0,2.0,2.0,1.0,50.0,1,5000
Casa, Trindade,0.0,370.0,6.0,4.0,4.0,92.5,1,10000
Apartamento, Centro,431.0,54.0,1.0,2.0,1.0,27.0,1,1800
Apartamento, Trindade,574.0,34.0,1.0,1.0,1.0,34.0,1,2100
Apartamento, Canasvieiras,200.0,35.0,1.0,1.0,1.0,35.0,1,2000
Apartamento, Costeira do Pirajubaé,537.0,60.0,1.0,2.0,1.0,30.0,1,1750
Apartamento, Itacorubi,709.0,72.0,1.0,2.0,1.0,36.0,1,2600
Casa, Campeche,250.0,228.0,4.0,3.0,2.0,76.0,1,9000
Apartamento, Pantanal,950.0,68.0,2.0,2.0,2.0,34.0,1,3200
Apartamento, Pantanal,70.0,18.0,1.0,1.0,1.0,18.0,1,1100
Casa, Canto,0.0,127.0,3.0,5.0,4.0,25.4,1,6000
Casa, Armação do Pântano do Sul,0.0,213.0,2.0,2.0,1.0,106.5,1,7100
Casa, Ingleses do Rio Vermelho,1.0,62.0,2.0,2.0,1.0,31.0,1,2000
Casa, Canto,0.0,127.0,3.0,5.0,4.0,25.4,1,6000
Loft,Campeche,0.0,48.0,1.0,1.0,1.0,48.0,1,4500
Apartamento, Campeche,1000.0,98.0,2.0,3.0,1.0,32.666666666666664,1,6780
Apartamento, Ingleses do Rio Vermelho,0.0,50.0,1.0,1.0,1.0,50.0,1,900
Apartamento, Trindade,520.0,56.0,1.0,2.0,1.0,28.0,1,2450
Apartamento, Saco Grande,0.0,25.0,1.0,1.0,1.0,25.0,1,999
Casa, Trindade,0.0,370.0,6.0,4.0,4.0,92.5,1,10000
Apartamento, Centro,505.0,34.0,1.0,1.0,1.0,34.0,1,1500
Apartamento, Agronômica,360.0,49.0,1.0,1.0,1.0,49.0,1,3200
Apartamento, Córrego Grande,664.0,87.0,2.0,3.0,1.0,29.0,1,5100
Casa, Coqueiros,0.0,380.0,3.0,5.0,3.0,76.0,1,6000
Apartamento, Centro,700.0,69.0,2.0,2.0,1.0,34.5,1,4500
Apartamento,Agronômica,1765.0,206.0,5.0,4.0,2.0,51.5,1,5500
Casa, Lagoa da Conceição,0.0,100.0,2.0,3.0,1.0,33.333333333333336,1,3400
Apartamento, Ingleses do Rio Vermelho,50.0,55.0,2.0,2.0,1.0,27.5,1,3100
Apartamento, Centro,915.0,78.0,2.0,2.0,2.0,39.0,1,5150
Casa,Jardim Atlântico,0.0,150.0,4.0,4.0,3.0,37.5,1,7000
Apartamento, Canasvieiras,487.0,55.0,1.0,2.0,1.0,27.5,1,2400
Apartamento, São João do Rio Vermelho,0.0,37.0,1.0,1.0,1.0,37.0,1,1780
Apartamento, Agronômica,985.0,69.0,2.0,2.0,2.0,34.5,1,4600
Apartamento, Centro,806.0,95.0,1.0,2.0,1.0,47.5,1,2500
Apartamento, Agronômica,550.0,39.0,1.0,1.0,1.0,39.0,1,2990
Casa, Rio Tavares,0.0,60.0,1.0,2.0,1.0,30.0,1,3200
Casa, Ingleses do Rio Vermelho,0.0,180.0,3.0,2.0,2.0,90.0,1,7000
Apartamento, Jardim Atlântico,0.0,36.0,1.0,1.0,1.0,36.0,1,1500
Apartamento, Campeche,550.0,86.0,2.0,2.0,2.0,43.0,1,5800
Apartamento, Itacorubi,680.0,64.0,2.0,2.0,1.0,32.0,1,3900
Apartamento, Trindade,0.0,30.0,1.0,1.0,1.0,30.0,1,2200
Apartamento, Campeche,800.0,113.0,3.0,3.0,2.0,37.66666666666666,1,7350
Apartamento,Santo Antônio de Lisboa,0.0,50.0,1.0,2.0,1.0,25.0,1,2250
Apartamento, Centro,1041.0,68.0,2.0,1.0,1.0,68.0,1,6683
Apartamento, Itacorubi,535.0,68.0,1.0,2.0,1.0,34.0,1,3100
Apartamento, Campeche,600.0,73.0,2.0,2.0,1.0,36.5,1,4600
Casa, Carianos,0.0,155.0,3.0,3.0,2.0,51.66666666666666,1,4600
Apartamento, Centro,850.0,68.0,2.0,2.0,1.0,34.0,1,4450
Apartamento,Joao Paulo,0.0,50.0,1.0,1.0,1.0,50.0,1,1448
Casa,São João do Rio Vermelho,0.0,76.0,1.0,3.0,1.0,25.33333333333333,1,2300
Casa, Centro,0.0,85.0,3.0,2.0,2.0,42.5,1,4100
Apartamento, Itacorubi,75.0,110.0,1.0,1.0,1.0,110.0,1,2399
Casa, Campeche,0.0,126.0,2.0,3.0,1.0,42.0,1,4900
Apartamento,Trindade,678.0,86.0,2.0,3.0,1.0,28.666666666666668,1,3500
Apartamento, Coqueiros,1009.0,100.0,2.0,3.0,1.0,33.333333333333336,1,3700
Apartamento, Trindade,690.0,74.0,2.0,2.0,1.0,37.0,1,2400
Casa, Jardim Atlântico,0.0,110.0,2.0,3.0,2.0,36.66666666666666,1,2400
Apartamento, Canasvieiras,480.0,52.0,1.0,2.0,1.0,26.0,1,2500
Apartamento, Centro,1545.0,167.0,4.0,3.0,2.0,55.66666666666666,1,20695
Apartamento, Córrego Grande,1205.0,127.0,3.0,3.0,2.0,42.333333333333336,1,4990
Casa, Centro,0.0,636.0,6.0,4.0,4.0,159.0,1,21000
Apartamento, Itacorubi,496.0,52.0,1.0,2.0,1.0,26.0,1,1800
Apartamento, Coqueiros,750.0,116.0,2.0,3.0,2.0,38.66666666666666,1,3600
Apartamento,Centro,600.0,32.0,1.0,1.0,1.0,32.0,1,3000
Apartamento,Jardim Atlântico,200.0,30.0,1.0,1.0,1.0,30.0,1,1150
Casa, Cachoeira do Bom Jesus,300.0,85.0,2.0,2.0,1.0,42.5,1,4255
Casa, Saco dos Limões,0.0,208.0,3.0,4.0,2.0,52.0,1,6000
Casa, Córrego Grande,0.0,213.0,3.0,5.0,4.0,42.6,1,7400
Casa, Rio Tavares,0.0,350.0,2.0,4.0,4.0,87.5,1,15000
Apartamento, Centro,868.0,103.0,4.0,3.0,1.0,34.333333333333336,1,9000
Apartamento,Carianos,65.0,25.0,1.0,1.0,1.0,25.0,1,1350
Apartamento,Ingleses do Rio Vermelho,260.0,90.0,2.0,3.0,1.0,30.0,1,1800
Apartamento, Centro,1450.0,120.0,2.0,2.0,1.0,60.0,1,4000
Casa, Jurerê Internacional,0.0,420.0,5.0,3.0,4.0,140.0,1,21000
Apartamento,Centro,700.0,69.0,2.0,2.0,1.0,34.5,1,4500
Apartamento, Jardim Atlântico,0.0,72.0,2.0,2.0,1.0,36.0,1,4150
Apartamento, Campeche,529.0,69.0,2.0,2.0,1.0,34.5,1,5800
Casa, Campeche,650.0,300.0,5.0,4.0,3.0,75.0,1,18000
Casa, Morro das Pedras,0.0,203.0,2.0,3.0,2.0,67.66666666666667,1,5000
Apartamento, Ingleses do Rio Vermelho,400.0,45.0,1.0,1.0,1.0,45.0,1,3600
Apartamento,Estreito,907.0,123.0,3.0,3.0,2.0,41.0,1,4800
Casa, Costeira do Pirajubaé,0.0,150.0,2.0,3.0,1.0,50.0,1,4000
Casa, Campeche,0.0,150.0,3.0,2.0,2.0,75.0,1,7500
Apartamento, Itacorubi,561.0,45.0,1.0,1.0,1.0,45.0,1,3900
Apartamento, Campeche,1000.0,102.0,2.0,3.0,2.0,34.0,1,7500
Apartamento, Parque São Jorge,1018.0,124.0,3.0,4.0,2.0,31.0,1,5500
Apartamento,Centro,1525.0,195.0,3.0,3.0,1.0,65.0,1,8000
Apartamento, Agronômica,329.0,43.0,1.0,1.0,1.0,43.0,1,3000
Apartamento, Agronômica,1300.0,146.0,4.0,3.0,2.0,48.66666666666666,1,6000
Casa, Cacupé,6000.0,900.0,7.0,5.0,5.0,180.0,1,50000
Apartamento, Abraão,1059.0,98.0,2.0,3.0,2.0,32.666666666666664,1,4200
Apartamento, Balneário,390.0,69.0,2.0,2.0,1.0,34.5,1,4100
Apartamento, Campeche,700.0,70.0,2.0,2.0,1.0,35.0,1,4500
Apartamento, Itacorubi,1500.0,83.0,2.0,2.0,2.0,41.5,1,3400
Casa, Saco dos Limões,0.0,110.0,2.0,4.0,2.0,27.5,1,3500
Casa, Campeche,0.0,240.0,3.0,3.0,2.0,80.0,1,8000
Apartamento,Ingleses do Rio Vermelho,1009.0,264.0,3.0,3.0,2.0,88.0,1,5800
Casa,Santa Mônica,150.0,80.0,1.0,3.0,1.0,26.666666666666668,1,3700
Apartamento, Campeche,0.0,32.0,1.0,1.0,1.0,32.0,1,2400
Apartamento,Rio Tavares,0.0,40.0,1.0,1.0,1.0,40.0,1,3700
Casa,Jurerê,0.0,650.0,8.0,6.0,2.0,108.33333333333331,1,28000
Apartamento, Pantanal,500.0,50.0,1.0,1.0,1.0,50.0,1,2000
Apartamento,Joao Paulo,840.0,81.0,3.0,2.0,2.0,40.5,1,3000
Apartamento, Canasvieiras,480.0,55.0,1.0,2.0,1.0,27.5,1,2000
Apartamento, Carvoeira,665.0,86.0,1.0,3.0,1.0,28.666666666666668,1,2800
Apartamento, Coqueiros,532.0,87.0,1.0,3.0,1.0,29.0,1,2600
Apartamento, Lagoa da Conceição,150.0,60.0,1.0,1.0,1.0,60.0,1,2850
Apartamento, Agronômica,840.0,110.0,5.0,3.0,2.0,36.66666666666666,1,6500
Apartamento,Jardim Atlântico,850.0,87.0,2.0,3.0,2.0,29.0,1,5600
Apartamento, Jurerê Internacional,850.0,127.0,4.0,3.0,2.0,42.333333333333336,1,7900
Apartamento, Centro,300.0,21.0,1.0,1.0,1.0,21.0,1,2000
Apartamento, Centro,700.0,119.0,4.0,3.0,2.0,39.66666666666666,1,6750
Apartamento, Campeche,1215.0,196.0,3.0,3.0,2.0,65.33333333333333,1,13600
Apartamento, São João do Rio Vermelho,60.0,28.0,1.0,1.0,1.0,28.0,1,1217
Kitnet/Conjugado, Jardim Atlântico,0.0,35.0,1.0,1.0,1.0,35.0,1,900
Casa, Carianos,0.0,100.0,1.0,2.0,1.0,50.0,1,2900
Apartamento, Trindade,950.0,71.0,2.0,2.0,1.0,35.5,1,3500
Apartamento, Campeche,838.0,88.0,2.0,2.0,1.0,44.0,1,6200
Apartamento, Ingleses do Rio Vermelho,300.0,74.0,2.0,3.0,1.0,24.666666666666668,1,3500
Apartamento, Centro,607.0,48.0,3.0,1.0,1.0,48.0,1,3500
Apartamento,Pantanal,365.0,47.0,1.0,1.0,1.0,47.0,1,2400
Apartamento, Centro,1351.0,132.0,3.0,4.0,2.0,33.0,1,6000
Apartamento, Abraão,570.0,70.0,2.0,2.0,1.0,35.0,1,1900
Apartamento, Carvoeira,500.0,45.0,1.0,1.0,1.0,45.0,1,2900
Casa, Itacorubi,0.0,175.0,4.0,3.0,2.0,58.333333333333336,1,12000
Apartamento, Estreito,426.0,71.0,1.0,2.0,1.0,35.5,1,2200
Apartamento, Itacorubi,600.0,75.0,2.0,2.0,1.0,37.5,1,3100
Apartamento, Saco dos Limões,700.0,71.0,2.0,2.0,2.0,35.5,1,2950
Casa, Rio Tavares,320.0,300.0,3.0,3.0,2.0,100.0,1,8500
Apartamento, Jardim Atlântico,600.0,87.0,3.0,3.0,2.0,29.0,1,3900
Apartamento, Itacorubi,650.0,83.0,1.0,2.0,1.0,41.5,1,3100
Apartamento,Agronômica,890.0,87.0,3.0,2.0,3.0,43.5,1,5600
Apartamento, Capoeiras,0.0,70.0,1.0,1.0,1.0,70.0,1,1500
Kitnet/Conjugado,Carianos,0.0,29.0,1.0,1.0,1.0,29.0,1,950
Apartamento, Itacorubi,1400.0,88.0,2.0,3.0,1.0,29.33333333333333,1,3500
Apartamento, Centro,770.0,33.0,1.0,1.0,1.0,33.0,1,1600
Apartamento,Ribeirão da Ilha,150.0,35.0,1.0,1.0,1.0,35.0,1,1450
Apartamento, Trindade,400.0,50.0,1.0,1.0,1.0,50.0,1,3500
Apartamento, Jurerê,0.0,90.0,2.0,2.0,1.0,45.0,1,6590
Casa, São João do Rio Vermelho,0.0,84.0,2.0,2.0,2.0,42.0,1,3500
Apartamento, Centro,1100.0,94.0,2.0,3.0,1.0,31.33333333333333,1,4500
Apartamento,Trindade,360.0,30.0,1.0,1.0,1.0,30.0,1,2600
Casa,Ratones,0.0,192.0,2.0,2.0,5.0,96.0,1,7000
Apartamento,Praia Brava,1225.0,111.0,2.0,2.0,1.0,55.5,1,3000
Apartamento, Centro,950.0,51.0,1.0,2.0,1.0,25.5,1,2200
Apartamento, Centro,1600.0,155.0,4.0,5.0,2.0,31.0,1,6500
Apartamento,Ingleses do Rio Vermelho,461.0,68.0,2.0,2.0,2.0,34.0,1,3000
Apartamento, Centro,745.0,40.0,1.0,1.0,1.0,40.0,1,1250
Apartamento, Centro,690.0,65.0,2.0,2.0,2.0,32.5,1,4500
Apartamento, Trindade,752.0,80.0,2.0,2.0,2.0,40.0,1,5000
Apartamento,Centro,500.0,40.0,1.0,1.0,1.0,40.0,1,2799
Apartamento, Canasvieiras,430.0,107.0,2.0,2.0,1.0,53.5,1,3500
Apartamento, Lagoa da Conceição,899.0,109.0,2.0,3.0,1.0,36.333333333333336,1,3700
Apartamento, Abraão,760.0,85.0,2.0,2.0,1.0,42.5,1,3200
Apartamento,Ingleses do Rio Vermelho,0.0,60.0,2.0,3.0,1.0,20.0,1,1900
Casa, Trindade,90.0,240.0,4.0,3.0,2.0,80.0,1,9500
Apartamento, Campeche,1000.0,39.0,1.0,1.0,1.0,39.0,1,3000
Apartamento, Estreito,436.0,65.0,2.0,2.0,2.0,32.5,1,3300
Casa, Santinho,1.0,350.0,4.0,4.0,5.0,87.5,1,5500
Casa, Ingleses do Rio Vermelho,0.0,139.0,2.0,2.0,2.0,69.5,1,3350
Apartamento, Trindade,530.0,75.0,1.0,3.0,1.0,25.0,1,2500
Apartamento, Itacorubi,850.0,69.0,2.0,2.0,2.0,34.5,1,4800
Apartamento,Carvoeira,600.0,42.0,1.0,1.0,1.0,42.0,1,2900
Apartamento, Estreito,567.0,68.0,2.0,2.0,1.0,34.0,1,2350
Apartamento, Pantanal,1000.0,63.0,2.0,2.0,1.0,31.5,1,3500
Apartamento,Ingleses do Rio Vermelho,385.0,80.0,2.0,2.0,1.0,40.0,1,2750
Casa,Trindade,0.0,165.0,2.0,2.0,1.0,82.5,1,5500
Apartamento, Campeche,420.0,45.0,1.0,1.0,1.0,45.0,1,5800
Apartamento, Itacorubi,900.0,68.0,2.0,1.0,1.0,68.0,1,2650
Apartamento, Centro,304.0,41.0,1.0,1.0,1.0,41.0,1,2990
Apartamento, Trindade,400.0,67.0,2.0,2.0,2.0,33.5,1,3400
Kitnet/Conjugado, Sambaqui,0.0,35.0,1.0,1.0,1.0,35.0,1,1600
Apartamento, Centro,1188.0,158.0,4.0,3.0,1.0,52.66666666666666,1,5000
Apartamento,Saco dos Limões,690.0,74.0,2.0,2.0,1.0,37.0,1,2900
Casa, São João do Rio Vermelho,1.0,102.0,2.0,3.0,1.0,34.0,1,3400
Casa, Cachoeira do Bom Jesus,300.0,266.0,4.0,3.0,4.0,88.66666666666667,1,15000
Apartamento, Itacorubi,1273.0,152.0,2.0,3.0,2.0,50.66666666666666,1,5100
Apartamento,Joao Paulo,450.0,48.0,1.0,1.0,1.0,48.0,1,3100
Apartamento, Centro,400.0,95.0,3.0,3.0,1.0,31.666666666666668,1,3650
Apartamento, Capoeiras,618.0,65.0,1.0,2.0,1.0,32.5,1,2250
Apartamento,Trindade,731.0,63.0,1.0,2.0,1.0,31.5,1,2700
Apartamento, Trindade,690.0,74.0,2.0,2.0,1.0,37.0,1,2400
Apartamento, Centro,490.0,80.0,1.0,2.0,1.0,40.0,1,3900
Apartamento, Itacorubi,663.0,65.0,1.0,2.0,1.0,32.5,1,2200
Apartamento,Trindade,314.0,28.0,1.0,1.0,1.0,28.0,1,3000
Apartamento, Trindade,630.0,86.0,2.0,3.0,1.0,28.666666666666668,1,3700
Apartamento,Centro,740.0,94.0,2.0,2.0,1.0,47.0,1,2100
Apartamento, Itacorubi,1100.0,95.0,2.0,2.0,1.0,47.5,1,3850
Apartamento, Ingleses do Rio Vermelho,0.0,28.0,1.0,1.0,1.0,28.0,1,1750
Apartamento, Ribeirão da Ilha,250.0,37.0,1.0,1.0,1.0,37.0,1,2000
Apartamento, Saco dos Limões,550.0,43.0,2.0,1.0,1.0,43.0,1,3000
Casa, Rio Tavares,0.0,22.0,1.0,1.0,1.0,22.0,1,1600
Apartamento, Beira Mar,1298.0,90.0,3.0,3.0,2.0,30.0,1,4600
Casa, Morro das Pedras,0.0,85.0,2.0,2.0,2.0,42.5,1,3700
Apartamento, Centro,954.0,96.0,3.0,3.0,1.0,32.0,1,2800
Apartamento, Campeche,350.0,60.0,2.0,2.0,1.0,30.0,1,4000
Apartamento, Beira Mar,980.0,131.0,4.0,3.0,3.0,43.66666666666666,1,12000
Apartamento,Agronômica,400.0,60.0,1.0,1.0,1.0,60.0,1,2800
Apartamento, Centro,850.0,52.0,1.0,1.0,1.0,52.0,1,3100
Apartamento, Centro,530.0,65.0,2.0,2.0,1.0,32.5,1,3300
Fazenda/Sítio/Chácara,São João do Rio Vermelho,0.0,130.0,2.0,1.0,2.0,130.0,1,4800
Casa,Jurerê Internacional,0.0,600.0,6.0,5.0,8.0,120.0,1,35000
Apartamento, Campeche,706.0,153.0,2.0,3.0,1.0,51.0,1,7000
Apartamento,Beira Mar,2587.0,265.0,5.0,3.0,2.0,88.33333333333333,1,9000
Apartamento, Pantanal,190.0,27.0,1.0,1.0,1.0,27.0,1,1250
Casa, Campeche,0.0,130.0,3.0,3.0,2.0,43.333333333333336,1,4900
Apartamento,Campeche,0.0,110.0,2.0,3.0,1.0,36.66666666666666,1,3400
Apartamento,Ingleses do Rio Vermelho,170.0,44.0,1.0,1.0,1.0,44.0,1,1500
Apartamento, Estreito,528.0,66.0,1.0,2.0,1.0,33.0,1,2750
Apartamento, Coloninha,400.0,62.0,2.0,2.0,2.0,31.0,1,3228
Apartamento, Capoeiras,525.0,64.0,2.0,1.0,1.0,64.0,1,1300
Apartamento, Lagoa da Conceição,1300.0,155.0,2.0,3.0,2.0,51.66666666666666,1,4950
Apartamento,Ingleses do Rio Vermelho,490.0,46.0,1.0,1.0,1.0,46.0,1,1200
Apartamento, Centro,317.0,56.0,1.0,1.0,1.0,56.0,1,2100
Apartamento,Ingleses do Rio Vermelho,350.0,60.0,1.0,2.0,1.0,30.0,1,1650
Casa, Ingleses do Rio Vermelho,82.0,153.0,4.0,4.0,2.0,38.25,1,6520
Loft,Trindade,0.0,18.0,1.0,1.0,1.0,18.0,1,1500
Apartamento,Ingleses do Rio Vermelho,500.0,47.0,1.0,1.0,1.0,47.0,1,1600
Apartamento, Monte Verde,0.0,48.0,1.0,2.0,1.0,24.0,1,1250
Casa,Praia Mole,914.0,137.0,2.0,3.0,2.0,45.66666666666666,1,6400
Apartamento, Carvoeira,650.0,43.0,1.0,1.0,1.0,43.0,1,2900
Casa, Canto,0.0,150.0,1.0,3.0,1.0,50.0,1,4000
Apartamento,Trindade,500.0,92.0,2.0,3.0,1.0,30.666666666666668,1,3500
Casa, Jurerê Internacional,0.0,1000.0,8.0,6.0,5.0,166.66666666666666,1,55000
Apartamento, Ingleses do Rio Vermelho,300.0,100.0,2.0,2.0,1.0,50.0,1,2000
Apartamento,Córrego Grande,590.0,65.0,2.0,2.0,1.0,32.5,1,3500
Casa, Capoeiras,0.0,85.0,2.0,2.0,2.0,42.5,1,3500
Casa, Campeche,0.0,110.0,3.0,2.0,1.0,55.0,1,4100
Apartamento,Ribeirão da Ilha,250.0,74.0,1.0,2.0,1.0,37.0,1,2700
Apartamento, Pantanal,660.0,50.0,1.0,1.0,1.0,50.0,1,2100
Apartamento, Campeche,1000.0,80.0,2.0,2.0,1.0,40.0,1,6500
Apartamento, Estreito,251.0,36.0,1.0,1.0,1.0,36.0,1,1890
Apartamento,Itacorubi,470.0,50.0,1.0,2.0,1.0,25.0,1,2000
Apartamento, Trindade,500.0,50.0,1.0,1.0,1.0,50.0,1,3590
Casa,Pântano do Sul,0.0,115.0,3.0,4.0,2.0,28.75,1,6500
Apartamento, Ingleses do Rio Vermelho,400.0,78.0,2.0,2.0,1.0,39.0,1,3100
Casa,Cacupé,0.0,519.0,1.0,5.0,8.0,103.8,1,18000
Apartamento,Estreito,460.0,96.0,2.0,3.0,2.0,32.0,1,3900
Apartamento, Carvoeira,648.0,43.0,1.0,1.0,1.0,43.0,1,3400
Apartamento, Abraão,397.0,87.0,2.0,3.0,2.0,29.0,1,2950
Apartamento, Itacorubi,1400.0,82.0,2.0,3.0,2.0,27.33333333333333,1,3500
Casa, Santinho,0.0,150.0,1.0,3.0,3.0,50.0,1,3800
Apartamento, Carvoeira,648.0,43.0,1.0,1.0,1.0,43.0,1,3400
Apartamento,Coqueiros,708.0,105.0,2.0,3.0,2.0,35.0,1,5000
Casa, Trindade,120.0,24.0,1.0,1.0,1.0,24.0,1,1899
Apartamento, Coqueiros,2483.0,254.0,3.0,3.0,3.0,84.66666666666667,1,8300
Apartamento, Rio Tavares,0.0,70.0,1.0,2.0,1.0,35.0,1,2200
Apartamento, Centro,850.0,71.0,2.0,2.0,2.0,35.5,1,4400
Apartamento, Jardim Atlântico,200.0,25.0,1.0,1.0,1.0,25.0,1,1150
Apartamento, Pantanal,0.0,48.0,2.0,1.0,1.0,48.0,1,2500
Apartamento, Lagoa da Conceição,300.0,37.0,1.0,1.0,1.0,37.0,1,2300
Casa, Ingleses do Rio Vermelho,0.0,35.0,1.0,1.0,2.0,35.0,1,2250
Apartamento, Carvoeira,500.0,50.0,1.0,1.0,1.0,50.0,1,3000
Casa, Cacupé,0.0,519.0,1.0,5.0,1.0,103.8,1,25000
Apartamento, Campeche,0.0,52.0,1.0,1.0,1.0,52.0,1,2200
Casa, Ingleses do Rio Vermelho,0.0,120.0,3.0,3.0,2.0,40.0,1,4700
Apartamento, Campeche,804.0,71.0,1.0,1.0,1.0,71.0,1,3700
Apartamento,Centro,620.0,77.0,2.0,3.0,1.0,25.666666666666668,1,3500
Apartamento,Ingleses do Rio Vermelho,300.0,60.0,2.0,2.0,1.0,30.0,1,2200
Apartamento,Centro,495.0,60.0,1.0,1.0,1.0,60.0,1,4800
Apartamento, Capoeiras,0.0,38.0,1.0,1.0,1.0,38.0,1,1290
Apartamento,Pantanal,600.0,50.0,1.0,1.0,1.0,50.0,1,2000
Casa,Itacorubi,0.0,330.0,5.0,4.0,5.0,82.5,1,13500
Apartamento, Trindade,678.0,103.0,2.0,3.0,1.0,34.333333333333336,1,3200
Casa, Campeche,250.0,228.0,4.0,3.0,2.0,76.0,1,9000
Apartamento, Coqueiros,358.0,57.0,1.0,2.0,1.0,28.5,1,2450
Casa, Jurerê Internacional,0.0,390.0,5.0,4.0,1.0,97.5,1,19000
Apartamento, Agronômica,550.0,41.0,1.0,1.0,1.0,41.0,1,1950
Apartamento, Trindade,320.0,65.0,1.0,1.0,1.0,65.0,1,1550
Apartamento, Campeche,1162.0,84.0,3.0,2.0,1.0,42.0,1,6700
Apartamento, Ingleses do Rio Vermelho,275.0,75.0,2.0,2.0,1.0,37.5,1,2500
Casa, Joao Paulo,0.0,300.0,3.0,5.0,4.0,60.0,1,7000
Kitnet/Conjugado, Pantanal,0.0,30.0,1.0,1.0,1.0,30.0,1,1200
Casa, Ingleses do Rio Vermelho,0.0,175.0,2.0,3.0,2.0,58.333333333333336,1,4000
Apartamento, Agronômica,1400.0,120.0,2.0,3.0,1.0,40.0,1,5775
Apartamento, Centro,1400.0,106.0,1.0,2.0,1.0,53.0,1,2750
Casa, Carianos,0.0,122.0,1.0,3.0,1.0,40.66666666666666,1,3300
Apartamento, Pântano do Sul,0.0,47.0,1.0,1.0,1.0,47.0,1,1650
Casa, Lagoa da Conceição,0.0,70.0,2.0,2.0,1.0,35.0,1,2600
Apartamento, Centro,550.0,35.0,1.0,1.0,1.0,35.0,1,1220
Apartamento,Cachoeira do Bom Jesus,0.0,83.0,1.0,1.0,1.0,83.0,1,2900
Casa, Ingleses do Rio Vermelho,0.0,150.0,2.0,3.0,2.0,50.0,1,4690
Apartamento, Itacorubi,450.0,63.0,2.0,2.0,1.0,31.5,1,4500
Apartamento, São João do Rio Vermelho,0.0,35.0,1.0,1.0,1.0,35.0,1,1150
Casa, Jardim Atlântico,0.0,35.0,1.0,1.0,1.0,35.0,1,2500
Apartamento,Córrego Grande,700.0,68.0,2.0,2.0,1.0,34.0,1,2850
Apartamento, Centro,568.0,72.0,1.0,2.0,1.0,36.0,1,2600
Apartamento, Centro,490.0,32.0,1.0,1.0,1.0,32.0,1,1250
Apartamento, Centro,934.0,70.0,2.0,2.0,1.0,35.0,1,3200
Casa, Rio Tavares,0.0,22.0,1.0,1.0,1.0,22.0,1,1600
Apartamento, Jurerê,442.0,60.0,1.0,2.0,1.0,30.0,1,2500
Apartamento,Ribeirão da Ilha,944.0,65.0,2.0,2.0,1.0,32.5,1,2700
Apartamento, Trindade,0.0,160.0,2.0,3.0,2.0,53.333333333333336,1,4350
Apartamento,Trindade,315.0,34.0,1.0,1.0,1.0,34.0,1,1700
Casa,Campeche,0.0,70.0,1.0,2.0,1.0,35.0,1,2750
Apartamento, Campeche,929.0,78.0,2.0,2.0,1.0,39.0,1,4100
Apartamento, Itacorubi,700.0,90.0,5.0,3.0,1.0,30.0,1,3700
Apartamento, Cachoeira do Bom Jesus,2100.0,224.0,6.0,4.0,3.0,56.0,1,10000
Casa, Jardim Atlântico,0.0,200.0,2.0,3.0,1.0,66.66666666666667,1,3300
Apartamento, Centro,566.0,68.0,1.0,2.0,1.0,34.0,1,2200
Kitnet/Conjugado,Pantanal,0.0,21.0,1.0,1.0,1.0,21.0,1,1250
Apartamento, Pântano do Sul,0.0,35.0,1.0,2.0,1.0,17.5,1,1700
Casa,Campeche,0.0,65.0,1.0,2.0,1.0,32.5,1,3850
Casa, Rio Tavares,0.0,75.0,1.0,2.0,2.0,37.5,1,4500
Casa, Campeche,0.0,200.0,3.0,4.0,6.0,50.0,1,8500
Casa,Ingleses do Rio Vermelho,0.0,30.0,1.0,1.0,1.0,30.0,1,1250
Casa,Campeche,0.0,68.0,1.0,2.0,2.0,34.0,1,3850
Apartamento, Campeche,550.0,86.0,2.0,2.0,1.0,43.0,1,5900
Casa, Jardim Atlântico,0.0,150.0,4.0,4.0,4.0,37.5,1,7000
Casa,Bom Abrigo,0.0,370.0,4.0,6.0,2.0,61.66666666666666,1,6000
Casa, Armação do Pântano do Sul,0.0,90.0,1.0,2.0,2.0,45.0,1,2800
Casa, Campeche,0.0,147.0,6.0,3.0,4.0,49.0,1,7000
Casa, Ingleses do Rio Vermelho,0.0,231.0,2.0,3.0,3.0,77.0,1,6650
Casa,Morro das Pedras,900.0,102.0,1.0,3.0,2.0,34.0,1,5000
Loft,Trindade,0.0,18.0,1.0,1.0,1.0,18.0,1,1000
Loft,Trindade,0.0,18.0,1.0,1.0,1.0,18.0,1,950
Casa, Campeche,250.0,228.0,4.0,3.0,2.0,76.0,1,9000
Casa, Capoeiras,0.0,300.0,4.0,1.0,1.0,300.0,1,5000
Apartamento, Centro,650.0,28.0,1.0,1.0,1.0,28.0,1,3300
Casa, Porto da Lagoa,1200.0,400.0,5.0,5.0,4.0,80.0,1,25000
Casa,Canto dos Araçás,0.0,54.0,1.0,2.0,1.0,27.0,1,2000
Casa, Campeche,0.0,130.0,3.0,3.0,2.0,43.333333333333336,1,7500
Apartamento, Centro,1062.0,108.0,3.0,2.0,2.0,54.0,1,11487
Apartamento, Centro,1300.0,82.0,2.0,3.0,2.0,27.33333333333333,1,6500
Casa,Agronômica,0.0,216.0,2.0,3.0,2.0,72.0,1,8000
Apartamento, Pantanal,781.0,78.0,1.0,2.0,1.0,39.0,1,3441
Apartamento, Itacorubi,740.0,72.0,2.0,2.0,1.0,36.0,1,4450
Casa, Centro,0.0,70.0,1.0,1.0,1.0,70.0,1,2000
Apartamento, Trindade,840.0,75.0,3.0,2.0,2.0,37.5,1,3500
Casa, Morro das Pedras,0.0,79.0,1.0,3.0,2.0,26.33333333333333,1,3800
Apartamento, Itacorubi,650.0,83.0,2.0,2.0,1.0,41.5,1,2950
Apartamento, Campeche,1100.0,80.0,2.0,1.0,3.0,80.0,1,10310
Apartamento, Centro,1523.0,167.0,5.0,3.0,2.0,55.66666666666666,1,19415
Casa, Campeche,0.0,147.0,3.0,4.0,4.0,36.75,1,6000
Casa, Jardim Atlântico,0.0,45.0,1.0,1.0,1.0,45.0,1,2500
Casa, Campeche,0.0,168.0,2.0,4.0,2.0,42.0,1,6000
Apartamento, Córrego Grande,650.0,90.0,2.0,3.0,1.0,30.0,1,3700
Apartamento, Capoeiras,526.0,109.0,2.0,3.0,2.0,36.333333333333336,1,3700
Casa, Jurerê Internacional,0.0,500.0,6.0,5.0,3.0,100.0,1,50000
Casa, Coqueiros,0.0,300.0,3.0,5.0,1.0,60.0,1,5950
Apartamento, Capoeiras,581.0,85.0,2.0,3.0,2.0,28.33333333333333,1,3650
Apartamento, Saco dos Limões,630.0,71.0,2.0,2.0,1.0,35.5,1,3000
Apartamento, Canto,1201.0,92.0,2.0,3.0,2.0,30.666666666666668,1,2800
Apartamento, Jurerê Internacional,590.0,82.0,2.0,2.0,1.0,41.0,1,6600
Apartamento, Jurerê,360.0,56.0,1.0,1.0,1.0,56.0,1,2350
Apartamento, Saco dos Limões,630.0,71.0,2.0,2.0,1.0,35.5,1,3000
Casa, Tapera da Base,0.0,150.0,1.0,3.0,1.0,50.0,1,2600
Apartamento, Balneário,580.0,70.0,2.0,2.0,1.0,35.0,1,2800
Apartamento,Itacorubi,630.0,74.0,1.0,2.0,1.0,37.0,1,2500
Apartamento, Trindade,640.0,85.0,2.0,3.0,1.0,28.33333333333333,1,3500
Apartamento, Capoeiras,908.0,86.0,2.0,3.0,1.0,28.666666666666668,1,2500
Apartamento, Rio Tavares,1000.0,113.0,3.0,3.0,2.0,37.66666666666666,1,6900
Apartamento, Centro,827.0,98.0,2.0,3.0,1.0,32.666666666666664,1,3300
Casa, Carianos,0.0,200.0,6.0,3.0,2.0,66.66666666666667,1,5000
Apartamento,Centro,510.0,42.0,1.0,1.0,1.0,42.0,1,4700
Apartamento, Monte Cristo,190.0,55.0,1.0,3.0,1.0,18.33333333333333,1,1300
Apartamento, Itacorubi,590.0,80.0,1.0,2.0,1.0,40.0,1,3200
Apartamento, Campeche,0.0,57.0,2.0,2.0,1.0,28.5,1,2950
Casa,Santo Antônio de Lisboa,0.0,107.0,3.0,3.0,1.0,35.666666666666664,1,8000
Apartamento, Carvoeira,460.0,50.0,1.0,1.0,1.0,50.0,1,3400
Apartamento, Jardim Atlântico,730.0,100.0,2.0,3.0,1.0,33.333333333333336,1,1900
Casa, Balneário,0.0,240.0,1.0,1.0,1.0,240.0,1,1400
Apartamento, Abraão,1272.0,139.0,3.0,3.0,1.0,46.333333333333336,1,4350
Apartamento, Agronômica,945.0,91.0,2.0,3.0,1.0,30.33333333333333,1,4000
Apartamento,Centro,702.0,113.0,3.0,3.0,1.0,37.66666666666666,1,7500
Casa,Santo Antônio de Lisboa,0.0,131.0,3.0,3.0,1.0,43.66666666666666,1,8000
Apartamento, Itaguaçu,503.0,80.0,2.0,2.0,1.0,40.0,1,2200
Apartamento, Trindade,490.0,38.0,2.0,1.0,1.0,38.0,1,2800
Apartamento, Centro,829.0,86.0,2.0,2.0,2.0,43.0,1,5300
Apartamento, Centro,448.0,50.0,1.0,1.0,1.0,50.0,1,2100
Apartamento, Centro,1020.0,93.0,3.0,3.0,1.0,31.0,1,3100
Apartamento, Abraão,425.0,69.0,1.0,1.0,1.0,69.0,1,1940
Apartamento, Campeche,0.0,57.0,2.0,2.0,1.0,28.5,1,2950
Casa, Capoeiras,0.0,142.0,1.0,2.0,2.0,71.0,1,4100
Apartamento, Centro,1230.0,100.0,2.0,3.0,2.0,33.333333333333336,1,3800
Apartamento, Centro,700.0,95.0,3.0,3.0,1.0,31.666666666666668,1,2400
Apartamento, Capoeiras,509.0,59.0,1.0,2.0,1.0,29.5,1,2000
Apartamento, Joao Paulo,568.0,78.0,2.0,2.0,1.0,39.0,1,7500
Apartamento, Coqueiros,980.0,99.0,2.0,3.0,1.0,33.0,1,4000
Apartamento, Centro,950.0,86.0,1.0,3.0,1.0,28.666666666666668,1,3500
Apartamento, Rio Tavares,550.0,77.0,2.0,2.0,1.0,38.5,1,4100
Apartamento,Ingleses do Rio Vermelho,590.0,81.0,2.0,2.0,2.0,40.5,1,4500
Apartamento, Cachoeira do Bom Jesus,600.0,22.0,1.0,1.0,1.0,22.0,1,2200
Apartamento, Itacorubi,1300.0,152.0,3.0,4.0,2.0,38.0,1,8000
Casa, Campeche,0.0,80.0,2.0,3.0,1.0,26.666666666666668,1,4800
Casa, Cachoeira do Bom Jesus,350.0,226.0,3.0,3.0,2.0,75.33333333333333,1,6500
Apartamento, Centro,975.0,67.0,1.0,2.0,1.0,33.5,1,1800
Apartamento, Capoeiras,445.0,51.0,1.0,2.0,1.0,25.5,1,1100
Apartamento, Jardim Atlântico,450.0,59.0,1.0,3.0,1.0,19.666666666666668,1,1790
Casa, Campeche,0.0,170.0,1.0,3.0,5.0,56.66666666666666,1,6000
Apartamento,Trindade,395.0,52.0,1.0,1.0,1.0,52.0,1,2800
Apartamento, Centro,850.0,73.0,2.0,2.0,2.0,36.5,1,4550
Apartamento, Campeche,680.0,78.0,2.0,2.0,2.0,39.0,1,5300
Apartamento, Trindade,450.0,76.0,1.0,3.0,1.0,25.33333333333333,1,3000
Apartamento, Centro,400.0,29.0,1.0,1.0,1.0,29.0,1,1900
Apartamento, Centro,750.0,72.0,2.0,3.0,1.0,24.0,1,3500
Apartamento, Balneário,475.0,40.0,1.0,1.0,1.0,40.0,1,2100
Apartamento, Estreito,400.0,63.0,2.0,2.0,1.0,31.5,1,3100
Apartamento, Carvoeira,500.0,40.0,1.0,1.0,2.0,40.0,1,2950
Apartamento, Centro,792.0,119.0,3.0,3.0,1.0,39.66666666666666,1,5500
Apartamento,Jurerê,766.0,113.0,2.0,3.0,1.0,37.66666666666666,1,4800
Casa, Itacorubi,0.0,190.0,4.0,3.0,2.0,63.333333333333336,1,12000
Apartamento, Trindade,650.0,98.0,2.0,3.0,1.0,32.666666666666664,1,2900
Apartamento, Cachoeira do Bom Jesus,500.0,65.0,1.0,2.0,1.0,32.5,1,2300
Casa, Canto,0.0,50.0,1.0,1.0,1.0,50.0,1,2000
Casa, Joao Paulo,0.0,213.0,3.0,4.0,2.0,53.25,1,8500
Apartamento, Centro,800.0,75.0,2.0,2.0,2.0,37.5,1,3000
Casa, Saco dos Limões,0.0,110.0,2.0,2.0,1.0,55.0,1,2800
Apartamento, Estreito,445.0,84.0,2.0,3.0,2.0,28.0,1,2800
Apartamento, Centro,900.0,122.0,3.0,3.0,1.0,40.66666666666666,1,2700
Apartamento, Estreito,400.0,63.0,2.0,2.0,1.0,31.5,1,3200
Apartamento, Agronômica,919.0,87.0,3.0,2.0,3.0,43.5,1,5600
Casa, Itacorubi,0.0,198.0,4.0,3.0,2.0,66.0,1,12000
Apartamento, Trindade,720.0,65.0,3.0,2.0,1.0,32.5,1,3500
Casa, Campeche,0.0,170.0,1.0,3.0,1.0,56.66666666666666,1,6000
Casa, Jurerê Internacional,0.0,350.0,5.0,4.0,2.0,87.5,1,15500
Apartamento, Agronômica,650.0,130.0,4.0,3.0,2.0,43.333333333333336,1,7100
Apartamento, Córrego Grande,710.0,107.0,3.0,2.0,2.0,53.5,1,7500
Apartamento, Vargem do Bom Jesus,0.0,60.0,1.0,2.0,1.0,30.0,1,3600
Casa,Campeche,0.0,118.0,3.0,2.0,1.0,59.0,1,5000
Casa, Centro,0.0,114.0,1.0,3.0,1.0,38.0,1,2600
Casa, Canasvieiras,300.0,600.0,5.0,4.0,4.0,150.0,1,15000
Apartamento, Estreito,733.0,95.0,1.0,3.0,2.0,31.666666666666668,1,3700
Apartamento, Rio Tavares,0.0,20.0,1.0,1.0,1.0,20.0,1,1700
Casa,Rio Tavares,0.0,90.0,1.0,2.0,2.0,45.0,1,3200
Casa, Campeche,0.0,130.0,3.0,3.0,2.0,43.333333333333336,1,7500
Casa, Rio Tavares,0.0,120.0,4.0,3.0,2.0,40.0,1,5750
Apartamento, Agronômica,987.0,70.0,2.0,2.0,2.0,35.0,1,4900
Apartamento,Carvoeira,394.0,59.0,1.0,1.0,1.0,59.0,1,3700
Apartamento, Trindade,0.0,21.0,1.0,1.0,1.0,21.0,1,2100
Apartamento, Itacorubi,950.0,101.0,2.0,3.0,2.0,33.666666666666664,1,6000
Casa, Lagoa da Conceição,0.0,287.0,3.0,2.0,2.0,143.5,1,10500
Casa, Rio Tavares,0.0,55.0,1.0,1.0,2.0,55.0,1,3200
Apartamento, Saco Grande,695.0,88.0,2.0,2.0,1.0,44.0,1,3650
Casa, Coloninha,0.0,150.0,2.0,3.0,1.0,50.0,1,2700
Apartamento,Itacorubi,875.0,101.0,2.0,3.0,2.0,33.666666666666664,1,7200
Casa, Cacupé,1200.0,388.0,4.0,4.0,7.0,97.0,1,18890
Apartamento,Centro,685.0,68.0,1.0,1.0,1.0,68.0,1,8447
Apartamento,Centro,1165.0,198.0,2.0,3.0,1.0,66.0,1,4000
Casa, São João do Rio Vermelho,0.0,50.0,1.0,2.0,1.0,25.0,1,1800
Casa, Campeche,0.0,250.0,3.0,3.0,2.0,83.33333333333333,1,8500
Apartamento, Centro,495.0,41.0,1.0,1.0,1.0,41.0,1,5200
Apartamento, Centro,800.0,82.0,2.0,3.0,1.0,27.33333333333333,1,3097
Apartamento, Trindade,500.0,93.0,2.0,3.0,1.0,31.0,1,3500
Apartamento, Trindade,0.0,18.0,1.0,1.0,1.0,18.0,1,2000
Apartamento, Centro,470.0,60.0,1.0,2.0,1.0,30.0,1,1700
Apartamento, Abraão,1291.0,188.0,2.0,2.0,1.0,94.0,1,3600
Apartamento, Centro,500.0,45.0,2.0,1.0,1.0,45.0,1,3100
Apartamento, Abraão,580.0,67.0,2.0,2.0,1.0,33.5,1,2200
Apartamento, Itacorubi,850.0,79.0,2.0,2.0,1.0,39.5,1,4500
Apartamento, Barra da Lagoa,150.0,40.0,1.0,1.0,1.0,40.0,1,1400
Casa, Itacorubi,0.0,165.0,4.0,3.0,2.0,55.0,1,12000
Apartamento,Jardim Atlântico,650.0,72.0,2.0,2.0,1.0,36.0,1,6100
Apartamento, Trindade,520.0,107.0,2.0,2.0,1.0,53.5,1,2800
Apartamento, Campeche,700.0,72.0,2.0,2.0,2.0,36.0,1,4500
Apartamento,Balneario do Estreito,1300.0,103.0,3.0,3.0,3.0,34.333333333333336,1,8000
Apartamento,Capoeiras,581.0,80.0,2.0,3.0,2.0,26.666666666666668,1,4000
Casa,Cacupé,6000.0,1228.0,6.0,4.0,8.0,307.0,1,40000
Apartamento, Trindade,0.0,30.0,1.0,1.0,1.0,30.0,1,1100
Apartamento, Capoeiras,480.0,75.0,2.0,2.0,1.0,37.5,1,2900
Apartamento, Trindade,320.0,50.0,1.0,1.0,1.0,50.0,1,2750
Casa, Rio Tavares,0.0,180.0,2.0,2.0,2.0,90.0,1,6000
Apartamento,Centro,1100.0,70.0,2.0,2.0,2.0,35.0,1,9189
Apartamento, Carvoeira,439.0,16.0,1.0,1.0,1.0,16.0,1,2421
Apartamento, Pantanal,550.0,63.0,1.0,2.0,1.0,31.5,1,3100
Casa, Cacupé,0.0,1406.0,5.0,5.0,4.0,281.2,1,18000
Apartamento, Trindade,550.0,47.0,1.0,1.0,1.0,47.0,1,2000
Apartamento, Trindade,650.0,87.0,2.0,3.0,1.0,29.0,1,3700
Casa, Estreito,0.0,190.0,3.0,5.0,3.0,38.0,1,5800
Apartamento, Centro,1134.0,174.0,2.0,2.0,1.0,87.0,1,8500
Apartamento,Agronômica,1015.0,168.0,4.0,3.0,2.0,56.0,1,18000
Apartamento, Estreito,720.0,68.0,2.0,2.0,1.0,34.0,1,2900
Apartamento, Campeche,100.0,87.0,2.0,2.0,1.0,43.5,1,2950
Casa, Abraão,0.0,60.0,1.0,3.0,1.0,20.0,1,1700
Apartamento, Centro,650.0,35.0,1.0,1.0,1.0,35.0,1,2200
Casa,Cachoeira do Bom Jesus,382.0,214.0,1.0,3.0,2.0,71.33333333333333,1,6500
Apartamento, Itacorubi,500.0,74.0,3.0,2.0,1.0,37.0,1,3700
Casa, Jardim Atlântico,0.0,150.0,4.0,4.0,4.0,37.5,1,7000
Apartamento, Centro,1700.0,132.0,5.0,3.0,2.0,44.0,1,6500
Apartamento, Centro,1000.0,75.0,2.0,2.0,2.0,37.5,1,4800
Apartamento, Capoeiras,430.0,69.0,2.0,2.0,1.0,34.5,1,1600
Apartamento, Agronômica,1137.0,78.0,1.0,3.0,1.0,26.0,1,3000
Apartamento,Joao Paulo,0.0,50.0,1.0,1.0,1.0,50.0,1,1448
Apartamento, Centro,560.0,59.0,1.0,2.0,1.0,29.5,1,2000
Apartamento,Agronômica,732.0,110.0,2.0,3.0,1.0,36.66666666666666,1,4400
Apartamento, Córrego Grande,550.0,50.0,1.0,2.0,1.0,25.0,1,2500
Apartamento, Canto,1246.0,106.0,3.0,3.0,2.0,35.333333333333336,1,4500
Apartamento,Jardim Atlântico,650.0,72.0,2.0,2.0,1.0,36.0,1,6100
Apartamento, Canasvieiras,700.0,100.0,2.0,3.0,2.0,33.333333333333336,1,3750
Apartamento, Itacorubi,0.0,76.0,2.0,2.0,1.0,38.0,1,4500
Apartamento,Trindade,700.0,66.0,2.0,2.0,2.0,33.0,1,3200
Casa, Cacupé,520.0,290.0,4.0,5.0,5.0,58.0,1,9490
Casa, Coloninha,0.0,256.0,4.0,4.0,2.0,64.0,1,4800
Casa, Jardim Atlântico,0.0,150.0,4.0,4.0,4.0,37.5,1,7000
Apartamento, Itacorubi,390.0,60.0,1.0,1.0,1.0,60.0,1,2450
Apartamento, Centro,400.0,40.0,1.0,1.0,1.0,40.0,1,3800
Apartamento, Campeche,1000.0,60.0,1.0,1.0,1.0,60.0,1,4300
Apartamento, Ingleses do Rio Vermelho,500.0,58.0,1.0,1.0,1.0,58.0,1,1600
Apartamento, Beira Mar,426.0,41.0,1.0,1.0,1.0,41.0,1,1800
Apartamento, Cachoeira do Bom Jesus,500.0,60.0,1.0,2.0,1.0,30.0,1,2300
Apartamento,Centro,399.0,41.0,1.0,1.0,1.0,41.0,1,5500
Apartamento,Centro,800.0,80.0,2.0,2.0,2.0,40.0,1,4800
Apartamento, Balneário,990.0,143.0,2.0,4.0,2.0,35.75,1,4900
Apartamento, Ingleses do Rio Vermelho,280.0,120.0,4.0,4.0,1.0,30.0,1,4388
Apartamento, Centro,470.0,60.0,1.0,2.0,1.0,30.0,1,1700
Apartamento, Centro,975.0,67.0,1.0,2.0,1.0,33.5,1,1800
Apartamento, Campeche,550.0,83.0,2.0,2.0,2.0,41.5,1,5800
Apartamento,Ingleses do Rio Vermelho,790.0,114.0,2.0,3.0,2.0,38.0,1,7000
Apartamento, Centro,850.0,73.0,2.0,2.0,1.0,36.5,1,4150
Apartamento, Córrego Grande,358.0,32.0,1.0,1.0,1.0,32.0,1,4150
Apartamento, Morro das Pedras,900.0,84.0,2.0,2.0,1.0,42.0,1,4500
Apartamento, Jurerê,600.0,93.0,2.0,3.0,2.0,31.0,1,7500
Apartamento, Canto,668.0,96.0,2.0,2.0,2.0,48.0,1,4000
Apartamento, Campeche,600.0,77.0,2.0,2.0,1.0,38.5,1,4500
Apartamento, Centro,420.0,68.0,2.0,2.0,1.0,34.0,1,6000
Apartamento, Canto,600.0,96.0,2.0,2.0,2.0,48.0,1,4000
Casa, Jurerê Internacional,0.0,500.0,5.0,4.0,4.0,125.0,1,36000
Casa, Centro,0.0,130.0,1.0,5.0,1.0,26.0,1,4800
Apartamento, Jurerê,640.0,118.0,1.0,2.0,1.0,59.0,1,6500
Apartamento, Campeche,700.0,40.0,1.0,1.0,1.0,40.0,1,3500
Casa, Ingleses do Rio Vermelho,0.0,149.0,4.0,3.0,2.0,49.66666666666666,1,4900
Apartamento, Centro,440.0,43.0,1.0,1.0,1.0,43.0,1,1900
Casa, Estreito,0.0,153.0,2.0,5.0,4.0,30.6,1,8500
Casa, Rio Tavares,0.0,75.0,1.0,2.0,1.0,37.5,1,5000
Apartamento, Itacorubi,650.0,80.0,2.0,3.0,1.0,26.666666666666668,1,3700
Casa,Jurerê,0.0,380.0,6.0,6.0,2.0,63.333333333333336,1,10000
Apartamento, Coqueiros,550.0,79.0,1.0,3.0,1.0,26.33333333333333,1,3200
Apartamento, Carvoeira,500.0,40.0,1.0,1.0,2.0,40.0,1,2950
Apartamento,Agronômica,1120.0,114.0,3.0,3.0,2.0,38.0,1,7800
Apartamento, Centro,850.0,53.0,1.0,1.0,1.0,53.0,1,3500
Apartamento, Capoeiras,430.0,69.0,2.0,2.0,1.0,34.5,1,1600
Apartamento, Centro,850.0,98.0,3.0,2.0,1.0,49.0,1,5500
Apartamento,Centro,1400.0,164.0,3.0,3.0,2.0,54.66666666666666,1,4400
Apartamento, Lagoa da Conceição,150.0,50.0,1.0,1.0,1.0,50.0,1,2750
Casa, Jurerê Internacional,0.0,750.0,6.0,7.0,1.0,107.14285714285714,1,50000
Apartamento, Jardim Atlântico,0.0,72.0,2.0,2.0,1.0,36.0,1,5700
Apartamento,Córrego Grande,680.0,81.0,2.0,3.0,1.0,27.0,1,3500
Loft,Carvoeira,0.0,28.0,1.0,2.0,1.0,14.0,1,1950
Apartamento, Pantanal,350.0,44.0,1.0,2.0,1.0,22.0,1,1600
Apartamento, Centro,890.0,80.0,1.0,3.0,1.0,26.666666666666668,1,2500
Apartamento, Capoeiras,150.0,55.0,1.0,1.0,1.0,55.0,1,1500
Apartamento,Centro,1186.0,74.0,2.0,3.0,1.0,24.666666666666668,1,3900
Apartamento, Estreito,450.0,45.0,1.0,2.0,1.0,22.5,1,3200
Casa, Jurerê Internacional,0.0,260.0,4.0,4.0,2.0,65.0,1,14500
Casa, Jurerê Internacional,0.0,400.0,5.0,4.0,2.0,100.0,1,18000
Casa,Lagoa da Conceição,0.0,210.0,1.0,4.0,1.0,52.5,1,2500
Apartamento, Beira Mar,1800.0,136.0,3.0,3.0,2.0,45.333333333333336,1,6900
Apartamento, Centro,850.0,71.0,2.0,2.0,1.0,35.5,1,4350
Apartamento,Abraão,1247.0,119.0,3.0,4.0,2.0,29.75,1,3600
Apartamento, Itacorubi,800.0,65.0,2.0,2.0,1.0,32.5,1,4200
Apartamento,Jardim Atlântico,200.0,30.0,1.0,1.0,1.0,30.0,1,1150
Apartamento, Campeche,580.0,74.0,2.0,3.0,2.0,24.666666666666668,1,5250
Apartamento,Centro,1259.0,78.0,3.0,2.0,1.0,39.0,1,3500
Casa,Campeche,0.0,148.0,3.0,3.0,4.0,49.333333333333336,1,7000
Casa, Balneário,0.0,200.0,2.0,4.0,3.0,50.0,1,4500
Apartamento, Centro,850.0,53.0,1.0,1.0,1.0,53.0,1,3350
Apartamento, Campeche,890.0,98.0,2.0,3.0,1.0,32.666666666666664,1,10000
Casa,Campeche,0.0,138.0,3.0,3.0,2.0,46.0,1,7900
Casa, Estreito,0.0,149.0,1.0,3.0,2.0,49.66666666666666,1,3900
Apartamento,Campeche,800.0,110.0,4.0,3.0,2.0,36.66666666666666,1,7500
Apartamento, Estreito,630.0,80.0,2.0,2.0,1.0,40.0,1,4500
Apartamento, Córrego Grande,450.0,73.0,2.0,3.0,1.0,24.33333333333333,1,3000
Apartamento,Coqueiros,550.0,129.0,1.0,3.0,1.0,43.0,1,3500
Apartamento, Rio Tavares,1000.0,80.0,2.0,2.0,1.0,40.0,1,4900
Apartamento, Jurerê Internacional,1100.0,185.0,4.0,4.0,2.0,46.25,1,30000
Apartamento, Pantanal,500.0,65.0,2.0,2.0,1.0,32.5,1,3500
Apartamento, Centro,700.0,116.0,4.0,3.0,2.0,38.66666666666666,1,6650
Apartamento,Vargem Pequena,0.0,50.0,1.0,1.0,1.0,50.0,1,1398
Casa, Jurerê,1000.0,500.0,5.0,4.0,3.0,125.0,1,55000
Apartamento, Pantanal,70.0,20.0,1.0,1.0,1.0,20.0,1,1450
Casa, Jurerê,0.0,404.0,5.0,4.0,5.0,101.0,1,30000
Casa, Ingleses do Rio Vermelho,0.0,70.0,1.0,2.0,2.0,35.0,1,2750
Apartamento, Centro,2206.0,263.0,2.0,4.0,2.0,65.75,1,10000
Casa,Agronômica,0.0,110.0,2.0,4.0,2.0,27.5,1,6000
Loft,Estreito,0.0,40.0,1.0,2.0,1.0,20.0,1,1100
Apartamento, Carvoeira,419.0,34.0,1.0,1.0,1.0,34.0,1,2600
Apartamento, Campeche,580.0,101.0,3.0,2.0,1.0,50.5,1,8000
Apartamento,Centro,963.0,110.0,2.0,3.0,2.0,36.66666666666666,1,5650
Casa,Santo Antônio de Lisboa,1100.0,370.0,6.0,4.0,3.0,92.5,1,20000
Kitnet/Conjugado, Centro,0.0,47.0,1.0,1.0,1.0,47.0,1,1500
Casa, Barra da Lagoa,0.0,283.0,5.0,3.0,3.0,94.33333333333331,1,16000
Apartamento, Agronômica,600.0,85.0,2.0,3.0,1.0,28.33333333333333,1,3300
Apartamento,Trindade,692.0,68.0,2.0,2.0,2.0,34.0,1,3100
Apartamento, Ingleses do Rio Vermelho,0.0,28.0,1.0,1.0,1.0,28.0,1,2800
Apartamento, Estreito,0.0,87.0,3.0,2.0,1.0,43.5,1,3400
Apartamento, Ingleses do Rio Vermelho,0.0,70.0,1.0,2.0,1.0,35.0,1,2200
Apartamento, Itacorubi,450.0,63.0,2.0,2.0,1.0,31.5,1,4200
Casa, Campeche,590.0,320.0,5.0,4.0,3.0,80.0,1,16000
Apartamento, Centro,850.0,71.0,2.0,2.0,2.0,35.5,1,4450
Apartamento, Coqueiros,2000.0,131.0,4.0,3.0,2.0,43.66666666666666,1,6500
Casa, Jurerê,0.0,380.0,5.0,5.0,2.0,76.0,1,18000
Casa, Rio Tavares,0.0,121.0,4.0,3.0,2.0,40.333333333333336,1,6500
Casa,Rio Tavares,0.0,70.0,2.0,2.0,1.0,35.0,1,3380
Apartamento, Ribeirão da Ilha,477.0,63.0,2.0,2.0,1.0,31.5,1,2700
Apartamento, Centro,0.0,70.0,1.0,2.0,1.0,35.0,1,2800
Apartamento,Ingleses do Rio Vermelho,280.0,82.0,1.0,2.0,1.0,41.0,1,2400
Apartamento,Campeche,1100.0,106.0,2.0,3.0,1.0,35.333333333333336,1,4100
Apartamento,Centro,1304.0,112.0,3.0,3.0,2.0,37.333333333333336,1,7500
Casa, Rio Tavares,350.0,300.0,3.0,3.0,2.0,100.0,1,8500
Apartamento, Trindade,615.0,66.0,1.0,2.0,1.0,33.0,1,2950
Apartamento, Córrego Grande,750.0,90.0,2.0,3.0,2.0,30.0,1,5800
Casa, Sambaqui,0.0,150.0,2.0,4.0,2.0,37.5,1,5700
Apartamento, Itacorubi,1075.0,125.0,4.0,3.0,3.0,41.66666666666666,1,5500
Casa,Centro,0.0,268.0,4.0,5.0,4.0,53.6,1,9800
Apartamento, Trindade,1120.0,142.0,4.0,3.0,2.0,47.333333333333336,1,6600
Apartamento, Beira Mar,5100.0,319.0,6.0,4.0,3.0,79.75,1,24000
Apartamento,Jardim Atlântico,575.0,68.0,2.0,2.0,1.0,34.0,1,4413
Casa,Campeche,0.0,138.0,3.0,3.0,2.0,46.0,1,7900
Casa, Carianos,0.0,208.0,4.0,4.0,3.0,52.0,1,5950
Casa,Carianos,0.0,200.0,1.0,3.0,3.0,66.66666666666667,1,4480
Apartamento, Balneário,1060.0,105.0,3.0,3.0,1.0,35.0,1,4850
Apartamento,Centro,2500.0,278.0,4.0,3.0,2.0,92.66666666666669,1,4800
Apartamento,Centro,650.0,75.0,2.0,2.0,1.0,37.5,1,6500
Apartamento, Centro,400.0,95.0,3.0,3.0,1.0,31.666666666666668,1,3650
Apartamento, Centro,1500.0,215.0,2.0,4.0,2.0,53.75,1,6500
Apartamento, Campeche,478.0,47.0,1.0,1.0,1.0,47.0,1,4000
Apartamento,Itacorubi,451.0,63.0,1.0,2.0,1.0,31.5,1,4300
Apartamento, Estreito,500.0,83.0,1.0,3.0,1.0,27.666666666666668,1,2750
Apartamento, Agronômica,1072.0,137.0,2.0,3.0,1.0,45.66666666666666,1,3500
Apartamento, Centro,799.0,60.0,1.0,1.0,1.0,60.0,1,3800
Casa,Pantanal,0.0,48.0,1.0,1.0,1.0,48.0,1,2400
Apartamento, Centro,720.0,33.0,1.0,1.0,1.0,33.0,1,1580
Apartamento, Estreito,50.0,23.0,1.0,1.0,1.0,23.0,1,1200
Apartamento, Campeche,574.0,128.0,2.0,2.0,2.0,64.0,1,7000
Casa,Trindade,0.0,301.0,4.0,5.0,2.0,60.2,1,8000
Apartamento, Rio Tavares,820.0,92.0,2.0,3.0,1.0,30.666666666666668,1,6000
Apartamento, Ingleses do Rio Vermelho,305.0,30.0,1.0,1.0,1.0,30.0,1,1850
Apartamento, Estreito,900.0,94.0,2.0,3.0,2.0,31.33333333333333,1,3100
Apartamento,Centro,700.0,48.0,1.0,1.0,1.0,48.0,1,3400
Apartamento, Itacorubi,700.0,85.0,2.0,3.0,1.0,28.33333333333333,1,3300
Casa, Campeche,0.0,151.0,2.0,3.0,7.0,50.333333333333336,1,7000
Apartamento, Campeche,478.0,47.0,1.0,1.0,1.0,47.0,1,4000
Apartamento, Coqueiros,560.0,90.0,1.0,3.0,1.0,30.0,1,3200
Apartamento,Centro,820.0,60.0,1.0,1.0,1.0,60.0,1,5500
Apartamento, Cachoeira do Bom Jesus,350.0,15.0,1.0,1.0,1.0,15.0,1,1580
Apartamento, Canto,286.0,46.0,1.0,1.0,1.0,46.0,1,3550
Apartamento,Santinho,1000.0,98.0,2.0,2.0,1.0,49.0,1,4500
Apartamento,Santinho,1000.0,98.0,2.0,2.0,1.0,49.0,1,3900
Apartamento,Centro,800.0,55.0,1.0,1.0,1.0,55.0,1,2000
Apartamento, Centro,610.0,43.0,1.0,1.0,1.0,43.0,1,1800
Casa,Córrego Grande,0.0,800.0,6.0,4.0,4.0,200.0,1,25000
Apartamento, Centro,1500.0,164.0,3.0,3.0,2.0,54.66666666666666,1,4400
Casa, Jurerê Internacional,0.0,300.0,5.0,4.0,2.0,75.0,1,20000
Apartamento, Centro,750.0,76.0,2.0,2.0,1.0,38.0,1,3800
Apartamento,Carvoeira,50.0,19.0,1.0,1.0,1.0,19.0,1,1750
Apartamento, Coqueiros,95.0,20.0,1.0,1.0,1.0,20.0,1,1490
Casa, Ingleses do Rio Vermelho,0.0,110.0,1.0,3.0,1.0,36.66666666666666,1,2600
Casa, Campeche,0.0,60.0,1.0,2.0,2.0,30.0,1,3010
Apartamento,Joao Paulo,2500.0,179.0,5.0,4.0,3.0,44.75,1,6100
Apartamento, Agronômica,954.0,106.0,3.0,2.0,1.0,53.0,1,7046
Casa, Campeche,0.0,70.0,1.0,3.0,2.0,23.33333333333333,1,3890
Casa, Ingleses do Rio Vermelho,0.0,314.0,2.0,3.0,2.0,104.66666666666669,1,4000
Apartamento, Estreito,580.0,105.0,3.0,3.0,1.0,35.0,1,3400
Apartamento,Jurerê,640.0,64.0,2.0,2.0,1.0,32.0,1,6500
Apartamento, Ribeirão da Ilha,280.0,34.0,1.0,1.0,1.0,34.0,1,2000
Apartamento, Ingleses do Rio Vermelho,425.0,80.0,2.0,2.0,1.0,40.0,1,3000
Apartamento,Córrego Grande,497.0,46.0,1.0,1.0,1.0,46.0,1,3500
Apartamento,Campeche,2124.0,246.0,3.0,3.0,2.0,82.0,1,8000
Apartamento, Joao Paulo,0.0,50.0,1.0,1.0,1.0,50.0,1,3300
Apartamento,Estreito,680.0,105.0,3.0,3.0,1.0,35.0,1,5500
Apartamento, Centro,850.0,68.0,2.0,2.0,1.0,34.0,1,4000
Casa, Jurerê,0.0,437.0,5.0,4.0,6.0,109.25,1,40000
Apartamento,Ingleses do Rio Vermelho,980.0,53.0,2.0,2.0,1.0,26.5,1,1900
Apartamento, Campeche,350.0,37.0,1.0,1.0,1.0,37.0,1,3200
Apartamento, Centro,850.0,73.0,2.0,2.0,2.0,36.5,1,4050
Casa, Ingleses do Rio Vermelho,0.0,140.0,3.0,3.0,3.0,46.66666666666666,1,4200
Apartamento, Trindade,424.0,30.0,1.0,1.0,1.0,30.0,1,2900
Apartamento, Córrego Grande,462.0,58.0,1.0,1.0,1.0,58.0,1,3300
Apartamento,Córrego Grande,440.0,43.0,1.0,1.0,1.0,43.0,1,2600
Apartamento, Campeche,650.0,70.0,2.0,2.0,1.0,35.0,1,7000
Apartamento, Agronômica,961.0,101.0,3.0,3.0,1.0,33.666666666666664,1,4500
Apartamento, Itacorubi,645.0,68.0,1.0,3.0,1.0,22.666666666666668,1,2800
Apartamento,Ingleses do Rio Vermelho,250.0,44.0,1.0,1.0,1.0,44.0,1,1500
Apartamento,Centro,850.0,134.0,2.0,3.0,2.0,44.66666666666666,1,5500
Apartamento, Ribeirão da Ilha,500.0,40.0,1.0,1.0,1.0,40.0,1,2500
Apartamento, Ingleses do Rio Vermelho,0.0,47.0,1.0,1.0,1.0,47.0,1,2800
Apartamento, Carvoeira,600.0,90.0,3.0,2.0,1.0,45.0,1,5500
Apartamento, Saco dos Limões,395.0,59.0,1.0,1.0,1.0,59.0,1,3000
Apartamento,Joao Paulo,980.0,114.0,2.0,3.0,2.0,38.0,1,5400
Apartamento,Centro,550.0,58.0,1.0,2.0,1.0,29.0,1,2550
Casa, Capoeiras,0.0,73.0,2.0,2.0,1.0,36.5,1,2500
Kitnet/Conjugado, Centro,0.0,35.0,1.0,1.0,1.0,35.0,1,800
Apartamento, Jardim Atlântico,828.0,66.0,2.0,2.0,1.0,33.0,1,3200
Casa, Pantanal,1.0,100.0,2.0,2.0,1.0,50.0,1,3200
Apartamento,Jurerê Internacional,1200.0,160.0,6.0,5.0,3.0,32.0,1,10000
Apartamento, Centro,420.0,53.0,2.0,1.0,1.0,53.0,1,5300
Apartamento, Centro,800.0,110.0,3.0,2.0,1.0,55.0,1,7583
Apartamento, Centro,650.0,28.0,1.0,1.0,1.0,28.0,1,3300
Apartamento, Ingleses do Rio Vermelho,300.0,72.0,1.0,2.0,1.0,36.0,1,2400
Apartamento,Agronômica,0.0,49.0,1.0,1.0,1.0,49.0,1,3600
Apartamento, Estreito,386.0,43.0,1.0,1.0,1.0,43.0,1,1600
Casa,Jurerê Internacional,0.0,400.0,6.0,4.0,2.0,100.0,1,22000
Apartamento, Centro,1304.0,145.0,4.0,3.0,2.0,48.333333333333336,1,7500
Apartamento, Estreito,200.0,45.0,1.0,2.0,1.0,22.5,1,2250
Casa,Rio Tavares,150.0,230.0,4.0,3.0,2.0,76.66666666666667,1,8500
Kitnet/Conjugado,Trindade,0.0,20.0,1.0,1.0,1.0,20.0,1,1699
Apartamento, Balneário,520.0,46.0,1.0,1.0,1.0,46.0,1,3500
Apartamento, Lagoa da Conceição,1483.0,151.0,2.0,3.0,2.0,50.333333333333336,1,4950
Apartamento, Campeche,580.0,69.0,2.0,2.0,1.0,34.5,1,5750
Casa, Jardim Atlântico,0.0,68.0,1.0,2.0,1.0,34.0,1,3000
Apartamento, Centro,2174.0,145.0,3.0,2.0,1.0,72.5,1,7800
Casa, Jurerê,0.0,280.0,5.0,4.0,2.0,70.0,1,15000
Apartamento, Ingleses do Rio Vermelho,0.0,78.0,1.0,1.0,2.0,78.0,1,3800
Apartamento, Pantanal,610.0,35.0,1.0,1.0,1.0,35.0,1,3300
Apartamento, Centro,1018.0,105.0,2.0,3.0,2.0,35.0,1,4600
Casa, Jurerê Internacional,0.0,600.0,6.0,4.0,3.0,150.0,1,35000
Apartamento,Agronômica,2397.0,237.0,5.0,3.0,3.0,79.0,1,12500
Apartamento,Jurerê,565.0,64.0,1.0,2.0,1.0,32.0,1,6000
Apartamento,Ingleses do Rio Vermelho,500.0,115.0,2.0,3.0,2.0,38.333333333333336,1,4800
Apartamento, Coqueiros,365.0,62.0,1.0,3.0,1.0,20.666666666666668,1,2430
Casa, Agronômica,0.0,380.0,3.0,3.0,2.0,126.66666666666669,1,7700
Apartamento, Centro,420.0,52.0,2.0,1.0,1.0,52.0,1,5600
Apartamento, Estreito,300.0,61.0,1.0,2.0,1.0,30.5,1,1900
Apartamento,Ingleses do Rio Vermelho,1300.0,117.0,2.0,3.0,2.0,39.0,1,6700
Casa, Itacorubi,0.0,120.0,1.0,3.0,1.0,40.0,1,4000
Apartamento, Trindade,950.0,71.0,2.0,2.0,1.0,35.5,1,3800
Apartamento,Estreito,231.0,50.0,1.0,2.0,1.0,25.0,1,1800
Apartamento,Agronômica,704.0,102.0,2.0,3.0,2.0,34.0,1,6950
Apartamento,Itacorubi,550.0,71.0,2.0,2.0,1.0,35.5,1,3490
Apartamento, Estreito,650.0,80.0,2.0,3.0,2.0,26.666666666666668,1,2800
Apartamento,Itacorubi,450.0,40.0,1.0,1.0,1.0,40.0,1,1800
Apartamento,Ingleses do Rio Vermelho,50.0,63.0,1.0,2.0,1.0,31.5,1,1650
Casa,Santo Antônio de Lisboa,600.0,144.0,4.0,3.0,2.0,48.0,1,9500
Casa, Jurerê Internacional,0.0,450.0,6.0,6.0,2.0,75.0,1,28000
Casa,Balneário,0.0,220.0,3.0,4.0,3.0,55.0,1,5500
Casa,Cacupé,1661.0,568.0,5.0,4.0,4.0,142.0,1,15000
Apartamento, Estreito,850.0,88.0,2.0,3.0,1.0,29.33333333333333,1,1900
Casa, Cacupé,0.0,70.0,2.0,2.0,4.0,35.0,1,3200
Casa, Capoeiras,0.0,200.0,4.0,3.0,2.0,66.66666666666667,1,4500
Apartamento, Ingleses do Rio Vermelho,653.0,71.0,2.0,2.0,1.0,35.5,1,3500
Apartamento, Campeche,40.0,83.0,1.0,2.0,1.0,41.5,1,2700
Apartamento, Trindade,384.0,30.0,1.0,1.0,1.0,30.0,1,2400
Apartamento, Itacorubi,390.0,65.0,2.0,2.0,1.0,32.5,1,3500
Apartamento, Itacorubi,546.0,74.0,2.0,2.0,1.0,37.0,1,3450
Casa, Agronômica,0.0,180.0,2.0,2.0,1.0,90.0,1,3900
Apartamento, Coqueiros,750.0,62.0,2.0,2.0,1.0,31.0,1,4500
Casa, Canasvieiras,0.0,89.0,2.0,3.0,2.0,29.666666666666668,1,4000
Apartamento,Carvoeira,522.0,48.0,2.0,1.0,1.0,48.0,1,4200
Casa, Campeche,0.0,100.0,2.0,3.0,3.0,33.333333333333336,1,5650
Casa,Centro,0.0,17.0,3.0,1.0,1.0,17.0,1,4400
Casa, Coqueiros,0.0,30.0,1.0,1.0,1.0,30.0,1,1500
Apartamento,Centro,1568.0,166.0,3.0,3.0,2.0,55.333333333333336,1,5350
Casa, Campeche,0.0,100.0,2.0,3.0,3.0,33.333333333333336,1,5650
Apartamento,Centro,1100.0,112.0,2.0,3.0,1.0,37.333333333333336,1,3950
Casa, Córrego Grande,1550.0,350.0,7.0,5.0,2.0,70.0,1,16000
Apartamento, Saco dos Limões,0.0,40.0,1.0,1.0,1.0,40.0,1,1700
Casa,Itacorubi,0.0,360.0,2.0,3.0,2.0,120.0,1,12000
Casa,Morro das Pedras,0.0,150.0,2.0,3.0,2.0,50.0,1,5600
Apartamento, Centro,995.0,121.0,2.0,3.0,1.0,40.333333333333336,1,3000
Apartamento, Ingleses do Rio Vermelho,400.0,78.0,2.0,2.0,1.0,39.0,1,3100
Casa, Campeche,0.0,80.0,2.0,3.0,1.0,26.666666666666668,1,4150
Casa, Campeche,0.0,129.0,3.0,3.0,2.0,43.0,1,7900
Apartamento,Carvoeira,450.0,43.0,1.0,1.0,1.0,43.0,1,3400
Apartamento, Itacorubi,768.0,69.0,1.0,2.0,1.0,34.5,1,5500
Casa, Campeche,0.0,100.0,2.0,3.0,5.0,33.333333333333336,1,5500
Casa, Lagoa da Conceição,0.0,250.0,4.0,3.0,1.0,83.33333333333333,1,18000
Apartamento, Ingleses do Rio Vermelho,400.0,100.0,2.0,3.0,1.0,33.333333333333336,1,4400
Casa, Campeche,0.0,126.0,2.0,3.0,2.0,42.0,1,6400
Apartamento, Centro,1250.0,96.0,2.0,3.0,1.0,32.0,1,3200
Casa,Ingleses do Rio Vermelho,0.0,134.0,2.0,3.0,2.0,44.66666666666666,1,3999
Casa,Campeche,0.0,120.0,2.0,4.0,2.0,30.0,1,4900
Casa, Santa Mônica,0.0,190.0,4.0,2.0,3.0,95.0,1,8500
Casa, Trindade,300.0,414.0,5.0,3.0,4.0,138.0,1,14000
Apartamento, Joao Paulo,500.0,37.0,1.0,1.0,1.0,37.0,1,3800
Apartamento, Estreito,547.0,70.0,1.0,2.0,1.0,35.0,1,2200
Apartamento, Centro,0.0,61.0,3.0,2.0,1.0,30.5,1,4000
Apartamento, Capoeiras,416.0,70.0,1.0,2.0,1.0,35.0,1,1900
Apartamento, Jurerê Internacional,920.0,180.0,4.0,3.0,2.0,60.0,1,16000
Apartamento, Ingleses do Rio Vermelho,0.0,70.0,1.0,2.0,1.0,35.0,1,850
Apartamento, Campeche,1100.0,98.0,2.0,3.0,1.0,32.666666666666664,1,5200
Apartamento, Centro,1011.0,67.0,1.0,2.0,1.0,33.5,1,1800
Apartamento, Lagoa da Conceição,590.0,110.0,2.0,3.0,1.0,36.66666666666666,1,4980
Apartamento, Itacorubi,550.0,70.0,2.0,2.0,1.0,35.0,1,2420
Apartamento, Joao Paulo,500.0,37.0,1.0,1.0,1.0,37.0,1,3800
Apartamento, Centro,700.0,110.0,2.0,3.0,1.0,36.66666666666666,1,5300
Apartamento, Centro,720.0,120.0,2.0,3.0,1.0,40.0,1,5000
Apartamento, Centro,1250.0,157.0,4.0,3.0,1.0,52.333333333333336,1,6850
Apartamento, Coqueiros,95.0,30.0,1.0,1.0,1.0,30.0,1,2190
Apartamento,Ingleses do Rio Vermelho,1100.0,93.0,2.0,3.0,2.0,31.0,1,5500
Casa,Ingleses do Rio Vermelho,0.0,139.0,2.0,2.0,2.0,69.5,1,3850
Apartamento, Centro,1892.0,158.0,3.0,3.0,1.0,52.66666666666666,1,7600
Casa, Campeche,0.0,133.0,2.0,3.0,1.0,44.333333333333336,1,5900
Apartamento, Centro,405.0,31.0,1.0,2.0,1.0,15.5,1,1100
Apartamento,Beira Mar,1770.0,287.0,3.0,4.0,2.0,71.75,1,6000
Apartamento,Campeche,600.0,90.0,1.0,1.0,1.0,90.0,1,4900
Casa, Rio Tavares,0.0,150.0,4.0,3.0,2.0,50.0,1,10000
Apartamento, Centro,808.0,76.0,2.0,2.0,1.0,38.0,1,3500
Apartamento, Campeche,2300.0,120.0,3.0,2.0,2.0,60.0,1,9000
Casa, Rio Tavares,350.0,250.0,4.0,4.0,3.0,62.5,1,14000
Apartamento, Carvoeira,609.0,63.0,2.0,2.0,1.0,31.5,1,4000
Casa,Jurerê Internacional,0.0,394.0,6.0,5.0,2.0,78.8,1,35000
Apartamento,Ingleses do Rio Vermelho,250.0,44.0,1.0,1.0,2.0,44.0,1,2000
Apartamento,Campeche,500.0,77.0,3.0,2.0,1.0,38.5,1,3900
Casa, Centro,0.0,114.0,1.0,3.0,1.0,38.0,1,3950
Apartamento, Centro,814.0,79.0,3.0,2.0,1.0,39.5,1,3500
Apartamento,Pantanal,400.0,50.0,1.0,1.0,1.0,50.0,1,2000
Casa,Estreito,0.0,330.0,5.0,5.0,2.0,66.0,1,15000
Apartamento, Centro,516.0,45.0,1.0,1.0,1.0,45.0,1,5500
Apartamento, Estreito,650.0,86.0,2.0,2.0,1.0,43.0,1,4900
Apartamento,Trindade,430.0,47.0,1.0,1.0,1.0,47.0,1,2300
Apartamento, Córrego Grande,750.0,81.0,2.0,2.0,2.0,40.5,1,3000
Apartamento, Campeche,40.0,64.0,1.0,2.0,1.0,32.0,1,2700
Apartamento,Campeche,800.0,80.0,2.0,3.0,1.0,26.666666666666668,1,7500
Apartamento,Ingleses Norte,750.0,75.0,2.0,2.0,1.0,37.5,1,4500
Casa,Santa Mônica,150.0,90.0,1.0,3.0,1.0,30.0,1,3600
Apartamento,Centro,600.0,38.0,1.0,1.0,1.0,38.0,1,4500
Casa, Rio Tavares,270.0,150.0,3.0,3.0,2.0,50.0,1,8000
Apartamento, Saco Grande,533.0,70.0,2.0,2.0,1.0,35.0,1,4200
Casa, Jurerê Internacional,0.0,1000.0,7.0,6.0,1.0,166.66666666666666,1,66000
Casa, Centro,0.0,113.0,2.0,2.0,1.0,56.5,1,3630
Apartamento,Tapera,0.0,48.0,1.0,2.0,1.0,24.0,1,1600
Casa, Itacorubi,0.0,73.0,1.0,2.0,1.0,36.5,1,2600
Apartamento, Itacorubi,598.0,72.0,2.0,2.0,1.0,36.0,1,3950
Casa, Cacupé,5000.0,1228.0,7.0,5.0,4.0,245.6,1,45000
Apartamento, Ribeirão da Ilha,0.0,60.0,1.0,2.0,1.0,30.0,1,2750
Kitnet/Conjugado, Carvoeira,0.0,28.0,1.0,1.0,1.0,28.0,1,1950
Apartamento,Jurerê Internacional,690.0,69.0,2.0,2.0,2.0,34.5,1,8950
Apartamento,Monte Verde,974.0,115.0,2.0,2.0,1.0,57.5,1,4400
Apartamento, Centro,1300.0,145.0,5.0,3.0,2.0,48.333333333333336,1,7000
Apartamento,Centro,862.0,57.0,1.0,1.0,1.0,57.0,1,2500
Casa,Cacupé,1615.0,380.0,3.0,3.0,2.0,126.66666666666669,1,19000
Apartamento, Campeche,858.0,80.0,2.0,2.0,1.0,40.0,1,7000
Apartamento, Beira Mar,3975.0,371.0,5.0,3.0,3.0,123.66666666666669,1,14500
Apartamento,Campeche,1000.0,80.0,2.0,2.0,1.0,40.0,1,7000
Apartamento, Centro,399.0,29.0,1.0,1.0,1.0,29.0,1,1480
Apartamento,Centro,1000.0,45.0,1.0,1.0,1.0,45.0,1,2300
Apartamento, Rio Tavares,800.0,100.0,2.0,3.0,2.0,33.333333333333336,1,5500
Apartamento,Itacorubi,600.0,90.0,2.0,2.0,2.0,45.0,1,5000
Apartamento, Centro,2331.0,148.0,4.0,3.0,3.0,49.333333333333336,1,5500
Apartamento, Joao Paulo,1095.0,150.0,4.0,3.0,2.0,50.0,1,6900
Apartamento, Centro,353.0,50.0,1.0,2.0,1.0,25.0,1,2550
Casa,Lagoa da Conceição,2000.0,195.0,4.0,3.0,1.0,65.0,1,16000
Apartamento, Centro,1350.0,77.0,1.0,2.0,1.0,38.5,1,2400
Casa, Cacupé,0.0,1004.0,8.0,5.0,1.0,200.8,1,30000
Apartamento, Estreito,1246.0,107.0,3.0,3.0,2.0,35.666666666666664,1,4500
Casa, Jurerê Internacional,0.0,315.0,5.0,4.0,3.0,78.75,1,16000
Casa, Capoeiras,0.0,70.0,1.0,3.0,1.0,23.33333333333333,1,2700
Apartamento,Itacorubi,1276.0,114.0,3.0,3.0,2.0,38.0,1,6350
Casa, Estreito,0.0,215.0,3.0,5.0,3.0,43.0,1,5800
Apartamento,Campeche,750.0,100.0,2.0,2.0,1.0,50.0,1,7500
Casa,Santa Mônica,0.0,70.0,2.0,1.0,2.0,70.0,1,4850
Apartamento,Agronômica,1923.0,250.0,3.0,4.0,2.0,62.5,1,9600
Apartamento, Córrego Grande,0.0,110.0,1.0,2.0,1.0,55.0,1,2496
Apartamento,Ribeirão da Ilha,200.0,31.0,1.0,1.0,1.0,31.0,1,2200
Apartamento, Centro,419.0,39.0,1.0,1.0,1.0,39.0,1,4300
Casa, Cachoeira do Bom Jesus,0.0,360.0,3.0,4.0,1.0,90.0,1,5500
Casa,Santo Antônio de Lisboa,0.0,200.0,3.0,3.0,2.0,66.66666666666667,1,4500
Casa,Santo Antônio de Lisboa,0.0,60.0,1.0,2.0,4.0,30.0,1,2500
Casa,Jurerê Internacional,0.0,787.0,8.0,7.0,6.0,112.42857142857144,1,35000
Apartamento, Carianos,90.0,80.0,2.0,3.0,1.0,26.666666666666668,1,2800
Apartamento, Centro,600.0,70.0,3.0,2.0,1.0,35.0,1,2900
Apartamento, Beira Mar,1900.0,156.0,4.0,3.0,2.0,52.0,1,15000
Apartamento,Campeche,1100.0,98.0,2.0,3.0,1.0,32.666666666666664,1,5200
Apartamento, Itacorubi,790.0,65.0,2.0,2.0,1.0,32.5,1,4000
Apartamento, Ingleses do Rio Vermelho,1.0,70.0,1.0,2.0,1.0,35.0,1,2000
Apartamento,Ingleses do Rio Vermelho,300.0,66.0,2.0,2.0,1.0,33.0,1,2700
Apartamento,Centro,1230.0,159.0,3.0,3.0,1.0,53.0,1,6800
Casa, Capoeiras,0.0,130.0,3.0,3.0,3.0,43.333333333333336,1,6410
Apartamento, Beira Mar,2060.0,208.0,4.0,3.0,2.0,69.33333333333333,1,15000
Apartamento, Lagoa da Conceição,300.0,35.0,1.0,1.0,1.0,35.0,1,2300
Casa, Capoeiras,0.0,80.0,1.0,3.0,1.0,26.666666666666668,1,3200
Apartamento, Carvoeira,800.0,55.0,1.0,1.0,1.0,55.0,1,4800
Casa, Capoeiras,0.0,190.0,3.0,4.0,2.0,47.5,1,2800
Casa,Joao Paulo,0.0,338.0,4.0,4.0,3.0,84.5,1,9500
Apartamento, Centro,623.0,100.0,1.0,2.0,1.0,50.0,1,3200
Apartamento, Itacorubi,568.0,65.0,2.0,2.0,1.0,32.5,1,3500
Apartamento, Agronômica,700.0,130.0,4.0,3.0,2.0,43.333333333333336,1,6500
Apartamento, Joao Paulo,1890.0,229.0,4.0,3.0,4.0,76.33333333333333,1,15900
Apartamento, Agronômica,1150.0,131.0,4.0,3.0,2.0,43.66666666666666,1,13300
Apartamento, Centro,380.0,50.0,1.0,1.0,1.0,50.0,1,1200
Apartamento, Pantanal,495.0,38.0,2.0,1.0,1.0,38.0,1,3200
Apartamento, Coqueiros,95.0,40.0,1.0,1.0,1.0,40.0,1,2650
Apartamento,Coqueiros,500.0,80.0,1.0,2.0,1.0,40.0,1,3200
Apartamento, Centro,420.0,53.0,1.0,1.0,1.0,53.0,1,5400
Casa, Agronômica,0.0,64.0,2.0,2.0,1.0,32.0,1,2450
Casa, Cachoeira do Bom Jesus,380.0,420.0,4.0,3.0,2.0,140.0,1,8000
Apartamento,Ingleses do Rio Vermelho,200.0,70.0,1.0,2.0,1.0,35.0,1,2600
Apartamento, Carvoeira,450.0,32.0,1.0,1.0,1.0,32.0,1,3000
Apartamento,Jurerê,1100.0,94.0,2.0,3.0,1.0,31.33333333333333,1,5500
Kitnet/Conjugado, Trindade,0.0,17.0,1.0,1.0,1.0,17.0,1,1900
Apartamento, Centro,924.0,68.0,2.0,2.0,1.0,34.0,1,2900
Apartamento, Capoeiras,435.0,65.0,1.0,2.0,1.0,32.5,1,2000
Apartamento, Trindade,623.0,75.0,2.0,3.0,1.0,25.0,1,2300
Apartamento, Capoeiras,412.0,65.0,1.0,2.0,1.0,32.5,1,1950
Apartamento, Capoeiras,464.0,75.0,1.0,3.0,1.0,25.0,1,1500
Apartamento, Centro,1180.0,116.0,3.0,3.0,1.0,38.66666666666666,1,5000
Apartamento,Joao Paulo,750.0,100.0,2.0,3.0,1.0,33.333333333333336,1,4800
Apartamento, Itacorubi,875.0,75.0,1.0,3.0,2.0,25.0,1,3000
Apartamento, Centro,1110.0,55.0,2.0,1.0,2.0,55.0,1,5600
Apartamento, Ingleses do Rio Vermelho,200.0,76.0,2.0,3.0,2.0,25.33333333333333,1,2400
Apartamento,Agronômica,924.0,101.0,3.0,3.0,1.0,33.666666666666664,1,4500
Casa, Campeche,0.0,107.0,3.0,2.0,5.0,53.5,1,10000
Apartamento, Itacorubi,750.0,79.0,2.0,2.0,1.0,39.5,1,4800
Casa, Morro das Pedras,0.0,81.0,2.0,3.0,2.0,27.0,1,5600
Apartamento, Campeche,850.0,87.0,3.0,2.0,2.0,43.5,1,6600
Apartamento,Rio Tavares,300.0,110.0,2.0,3.0,2.0,36.66666666666666,1,4700
Apartamento, Jurerê Internacional,2000.0,185.0,4.0,4.0,3.0,46.25,1,13000
Casa,Capoeiras,0.0,63.0,1.0,2.0,1.0,31.5,1,2400
Apartamento, Balneário,550.0,68.0,2.0,2.0,2.0,34.0,1,3999
Apartamento,Coqueiros,560.0,102.0,1.0,3.0,1.0,34.0,1,3200
Apartamento, Centro,992.0,82.0,2.0,2.0,1.0,41.0,1,2900
Apartamento,Centro,300.0,25.0,1.0,1.0,1.0,25.0,1,2500
Apartamento,Córrego Grande,520.0,58.0,1.0,1.0,2.0,58.0,1,4000
Apartamento, Córrego Grande,1098.0,97.0,2.0,3.0,2.0,32.333333333333336,1,3800
Casa, Capoeiras,0.0,100.0,2.0,3.0,6.0,33.333333333333336,1,2700
Apartamento,Campeche,0.0,54.0,1.0,2.0,1.0,27.0,1,2600
Apartamento, Beira Mar,1300.0,150.0,3.0,2.0,2.0,75.0,1,9000
Apartamento, Córrego Grande,465.0,73.0,2.0,3.0,2.0,24.33333333333333,1,3600
Apartamento,Carvoeira,550.0,39.0,1.0,1.0,1.0,39.0,1,2750
Casa,Campeche,0.0,180.0,2.0,3.0,2.0,60.0,1,9000
Casa,Lagoa da Conceição,0.0,300.0,4.0,4.0,2.0,75.0,1,18500
Apartamento, Campeche,1000.0,76.0,2.0,2.0,1.0,38.0,1,5600
Casa,Jardim Atlântico,0.0,151.0,2.0,4.0,4.0,37.75,1,7700
Apartamento, Itacorubi,0.0,76.0,1.0,2.0,1.0,38.0,1,4900
Apartamento, Itacorubi,554.0,71.0,2.0,2.0,1.0,35.5,1,3800
Casa,Agronômica,0.0,286.0,2.0,3.0,3.0,95.33333333333331,1,6500
Casa, Capoeiras,0.0,113.0,1.0,3.0,1.0,37.66666666666666,1,4100
Apartamento, Joao Paulo,800.0,101.0,3.0,2.0,2.0,50.5,1,6800
Apartamento, Trindade,430.0,93.0,1.0,3.0,1.0,31.0,1,3500
Casa, Capoeiras,0.0,170.0,1.0,3.0,2.0,56.66666666666666,1,4500
Apartamento, Cacupé,1550.0,172.0,7.0,3.0,2.0,57.333333333333336,1,9990
Apartamento, Campeche,1200.0,75.0,2.0,2.0,2.0,37.5,1,6300
Apartamento, Centro,924.0,68.0,2.0,2.0,1.0,34.0,1,3800
Apartamento, Joao Paulo,600.0,67.0,2.0,2.0,1.0,33.5,1,4100
Apartamento, Joao Paulo,1300.0,139.0,2.0,4.0,2.0,34.75,1,5900
Apartamento,Carvoeira,1202.0,121.0,3.0,3.0,2.0,40.333333333333336,1,5200
Casa,Campeche,0.0,250.0,3.0,3.0,6.0,83.33333333333333,1,7500
Apartamento, Cacupé,1407.0,172.0,4.0,4.0,2.0,43.0,1,8000
Apartamento, Campeche,0.0,40.0,1.0,1.0,1.0,40.0,1,4900
Apartamento, Trindade,800.0,91.0,2.0,3.0,2.0,30.33333333333333,1,4650
Apartamento, Beira Mar,1707.0,185.0,4.0,3.0,2.0,61.66666666666666,1,8900
Apartamento, Ingleses do Rio Vermelho,0.0,75.0,1.0,2.0,1.0,37.5,1,800
Apartamento,Ribeirão da Ilha,250.0,31.0,1.0,1.0,1.0,31.0,1,1800
Casa, Santo Antônio de Lisboa,407.0,240.0,3.0,3.0,2.0,80.0,1,3890
Kitnet/Conjugado, Carvoeira,0.0,23.0,1.0,1.0,1.0,23.0,1,1150
Apartamento, Estreito,1003.0,106.0,4.0,3.0,2.0,35.333333333333336,1,4500
Apartamento,Centro,2174.0,145.0,6.0,2.0,1.0,72.5,1,7800
Apartamento, Carvoeira,586.0,79.0,2.0,2.0,1.0,39.5,1,2400
Apartamento, Centro,850.0,71.0,2.0,2.0,2.0,35.5,1,6500
Apartamento, Abraão,500.0,69.0,2.0,2.0,1.0,34.5,1,3600
Apartamento, Itacorubi,0.0,70.0,2.0,2.0,1.0,35.0,1,4500
Casa, Itacorubi,0.0,195.0,3.0,3.0,2.0,65.0,1,12500
Apartamento, Coqueiros,600.0,61.0,2.0,2.0,1.0,30.5,1,5000
Casa, Lagoa da Conceição,55.0,260.0,4.0,4.0,2.0,65.0,1,16600
Casa, Lagoa da Conceição,1.0,346.0,8.0,5.0,4.0,69.2,1,20000
Apartamento, Centro,900.0,68.0,3.0,2.0,1.0,34.0,1,2900
Casa, Lagoa da Conceição,0.0,280.0,7.0,3.0,2.0,93.33333333333331,1,25000
Apartamento, Ingleses do Rio Vermelho,0.0,66.0,1.0,2.0,1.0,33.0,1,3700
Casa,Tapera,0.0,90.0,2.0,2.0,1.0,45.0,1,3900
Apartamento, Itacorubi,964.0,75.0,2.0,2.0,1.0,37.5,1,2580
Apartamento, Jardim Atlântico,0.0,65.0,2.0,2.0,1.0,32.5,1,5700
Casa, Estreito,0.0,285.0,5.0,4.0,2.0,71.25,1,6800
Apartamento, Centro,534.0,30.0,1.0,1.0,1.0,30.0,1,1000
Apartamento,Trindade,370.0,30.0,1.0,1.0,1.0,30.0,1,2850
Apartamento, Agronômica,900.0,63.0,2.0,2.0,1.0,31.5,1,3000
Apartamento, Agronômica,925.0,101.0,3.0,2.0,1.0,50.5,1,6083
Apartamento, Córrego Grande,450.0,45.0,1.0,1.0,1.0,45.0,1,3500
Apartamento, Centro,490.0,32.0,1.0,1.0,1.0,32.0,1,1250
Casa,Campeche,0.0,126.0,2.0,2.0,2.0,63.0,1,4200
Casa,Cacupé,0.0,380.0,4.0,4.0,1.0,95.0,1,18900
Apartamento, Centro,800.0,75.0,2.0,3.0,1.0,25.0,1,5500
Casa, Campeche,0.0,100.0,3.0,3.0,2.0,33.333333333333336,1,7900
Apartamento, Centro,880.0,170.0,2.0,3.0,1.0,56.66666666666666,1,3400
Apartamento, Cacupé,1400.0,179.0,5.0,4.0,2.0,44.75,1,12000
Apartamento, Trindade,400.0,38.0,1.0,1.0,1.0,38.0,1,2500
Apartamento, Agronômica,1650.0,220.0,3.0,3.0,2.0,73.33333333333333,1,10500
Apartamento, Carvoeira,800.0,55.0,1.0,1.0,1.0,55.0,1,4800
Apartamento, Jardim Atlântico,200.0,30.0,1.0,1.0,1.0,30.0,1,1150
Apartamento, Jurerê,525.0,100.0,2.0,3.0,2.0,33.333333333333336,1,12800
Apartamento, Saco dos Limões,820.0,85.0,2.0,3.0,1.0,28.33333333333333,1,2100
Apartamento, Centro,420.0,53.0,1.0,1.0,1.0,53.0,1,5350
Apartamento, Balneario do Estreito,1006.0,143.0,2.0,4.0,1.0,35.75,1,4900
Apartamento, Estreito,580.0,94.0,2.0,3.0,1.0,31.33333333333333,1,2800
Casa, Carvoeira,0.0,379.0,4.0,5.0,4.0,75.8,1,12000
Apartamento, Itacorubi,650.0,66.0,2.0,2.0,1.0,33.0,1,3450
Apartamento, Estreito,540.0,80.0,2.0,2.0,1.0,40.0,1,3000
Apartamento, Beira Mar,1900.0,206.0,5.0,4.0,1.0,51.5,1,6000
Apartamento,Ingleses do Rio Vermelho,0.0,95.0,2.0,3.0,1.0,31.666666666666668,1,3000
Apartamento,Itacorubi,800.0,65.0,2.0,2.0,1.0,32.5,1,4200
Casa,Ingleses do Rio Vermelho,0.0,260.0,4.0,5.0,4.0,52.0,1,7000
Apartamento, Jardim Atlântico,200.0,30.0,1.0,1.0,1.0,30.0,1,1150
Casa,Trindade,0.0,300.0,9.0,1.0,1.0,300.0,1,20000
Apartamento, Campeche,483.0,101.0,2.0,2.0,1.0,50.5,1,8000
Apartamento, Centro,790.0,91.0,2.0,2.0,1.0,45.5,1,5000
Apartamento,Estreito,509.0,76.0,2.0,2.0,1.0,38.0,1,5000
Apartamento, Itacorubi,516.0,78.0,2.0,2.0,1.0,39.0,1,3000
Apartamento, Itacorubi,440.0,77.0,3.0,2.0,1.0,38.5,1,3800
Apartamento, Centro,800.0,76.0,1.0,1.0,1.0,76.0,1,6000
Apartamento, Beira Mar,1700.0,172.0,4.0,3.0,2.0,57.333333333333336,1,8500
Apartamento, Ingleses do Rio Vermelho,0.0,70.0,1.0,2.0,2.0,35.0,1,3100
Apartamento,Agronômica,800.0,87.0,1.0,2.0,2.0,43.5,1,4500
Apartamento, Itacorubi,370.0,46.0,1.0,1.0,1.0,46.0,1,2200
Apartamento, Estreito,0.0,55.0,1.0,2.0,1.0,27.5,1,1900
Apartamento, Centro,0.0,51.0,1.0,2.0,1.0,25.5,1,3500
Apartamento, Ingleses do Rio Vermelho,0.0,70.0,1.0,2.0,2.0,35.0,1,600
Apartamento, Centro,1250.0,171.0,4.0,3.0,1.0,57.0,1,6500
Apartamento, Jurerê Internacional,0.0,100.0,3.0,3.0,2.0,33.333333333333336,1,13000
Apartamento, Carvoeira,500.0,54.0,2.0,1.0,1.0,54.0,1,5200
Apartamento,Balneário,500.0,90.0,1.0,3.0,1.0,30.0,1,2800
Apartamento, Centro,0.0,70.0,2.0,2.0,1.0,35.0,1,4500
Casa,Morro das Pedras,1300.0,350.0,4.0,4.0,6.0,87.5,1,15000
Apartamento, Centro,568.0,72.0,1.0,2.0,1.0,36.0,1,2600
Apartamento, Ingleses do Rio Vermelho,450.0,85.0,1.0,3.0,1.0,28.33333333333333,1,3700
Apartamento, Centro,924.0,75.0,3.0,2.0,1.0,37.5,1,2900
Casa, Trindade,0.0,285.0,4.0,4.0,2.0,71.25,1,33000
Kitnet/Conjugado, Centro,0.0,30.0,1.0,1.0,1.0,30.0,1,2500
Apartamento, Rio Tavares,0.0,20.0,1.0,1.0,1.0,20.0,1,1700
Casa, Agronômica,0.0,110.0,1.0,4.0,2.0,27.5,1,6000
Apartamento, Rio Tavares,200.0,70.0,2.0,2.0,1.0,35.0,1,7500
Apartamento, Carvoeira,480.0,42.0,1.0,1.0,1.0,42.0,1,2800
Casa, São João do Rio Vermelho,0.0,124.0,1.0,4.0,4.0,31.0,1,3900
Apartamento, Centro,924.0,68.0,3.0,2.0,1.0,34.0,1,2900
Casa, Praia Mole,1240.0,157.0,3.0,3.0,3.0,52.333333333333336,1,13800
Apartamento, Capoeiras,0.0,50.0,2.0,1.0,1.0,50.0,1,2300
Kitnet/Conjugado, Trindade,0.0,12.0,1.0,1.0,1.0,12.0,1,1750
Casa, José Mendes,0.0,95.0,1.0,2.0,3.0,47.5,1,2500
Casa, Campeche,160.0,135.0,4.0,3.0,2.0,45.0,1,4500
Casa, Lagoa da Conceição,0.0,70.0,2.0,2.0,2.0,35.0,1,3000
Apartamento, Campeche,0.0,68.0,1.0,2.0,1.0,34.0,1,2800
Apartamento, Trindade,570.0,63.0,1.0,2.0,1.0,31.5,1,2700
Casa, Ribeirão da Ilha,0.0,150.0,2.0,2.0,1.0,75.0,1,6000
Casa, Lagoa da Conceição,0.0,86.0,2.0,2.0,2.0,43.0,1,3500
Apartamento, Trindade,420.0,65.0,1.0,3.0,1.0,21.666666666666668,1,2300
Apartamento, Itacorubi,450.0,53.0,1.0,2.0,1.0,26.5,1,2500
Casa, Agronômica,0.0,264.0,4.0,4.0,2.0,66.0,1,7000
Kitnet/Conjugado, Centro,0.0,25.0,1.0,1.0,1.0,25.0,1,1700
Casa, Lagoa da Conceição,0.0,120.0,3.0,3.0,1.0,40.0,1,9000
Apartamento, Trindade,430.0,47.0,1.0,1.0,1.0,47.0,1,2300
Apartamento, Itacorubi,780.0,71.0,2.0,2.0,1.0,35.5,1,3240
Apartamento, Trindade,580.0,75.0,1.0,2.0,1.0,37.5,1,4500
Apartamento, Saco dos Limões,550.0,85.0,2.0,3.0,1.0,28.33333333333333,1,3500
Kitnet/Conjugado, Trindade,0.0,15.0,1.0,1.0,1.0,15.0,1,1750
Apartamento, Trindade,680.0,88.0,3.0,3.0,1.0,29.33333333333333,1,3200
Apartamento, Campeche,20.0,90.0,2.0,2.0,1.0,45.0,1,3500
Casa, Balneário,0.0,128.0,2.0,4.0,3.0,32.0,1,3300
Apartamento, Itacorubi,650.0,79.0,1.0,2.0,1.0,39.5,1,2200
Casa, Morro da Cruz,0.0,320.0,4.0,4.0,4.0,80.0,1,10900
Apartamento, Balneário,390.0,69.0,2.0,2.0,1.0,34.5,1,4100
Apartamento,Centro,720.0,81.0,1.0,2.0,1.0,40.5,1,2450
Apartamento, Carvoeira,600.0,80.0,1.0,2.0,1.0,40.0,1,5500
Apartamento, Campeche,832.0,131.0,1.0,2.0,2.0,65.5,1,7000
Apartamento,Trindade,426.0,32.0,1.0,1.0,1.0,32.0,1,2500
Casa,Pantanal,0.0,48.0,1.0,2.0,1.0,24.0,1,2400
Apartamento, Ingleses do Rio Vermelho,40.0,70.0,2.0,2.0,1.0,35.0,1,3200
Apartamento, Centro,656.0,97.0,4.0,2.0,1.0,48.5,1,6950
Apartamento,Joao Paulo,1000.0,107.0,3.0,2.0,1.0,53.5,1,6500
Apartamento, Cacupé,1400.0,172.0,5.0,4.0,2.0,43.0,1,8400
Apartamento, Centro,1800.0,200.0,3.0,4.0,2.0,50.0,1,6090
Casa, Carianos,0.0,155.0,4.0,3.0,2.0,51.66666666666666,1,4600
Apartamento, Parque São Jorge,500.0,72.0,2.0,3.0,2.0,24.0,1,4800
Apartamento, Centro,931.0,113.0,2.0,3.0,1.0,37.66666666666666,1,7600
Apartamento, Carvoeira,500.0,38.0,2.0,1.0,1.0,38.0,1,3600
Apartamento,Campeche,832.0,130.0,3.0,3.0,2.0,43.333333333333336,1,7000
Apartamento, Carvoeira,1292.0,121.0,2.0,4.0,2.0,30.25,1,5200
Casa, Jurerê Internacional,0.0,650.0,5.0,5.0,1.0,130.0,1,50000
Apartamento, Carvoeira,564.0,50.0,4.0,1.0,1.0,50.0,1,5200
Casa, Ingleses do Rio Vermelho,1.0,400.0,3.0,5.0,4.0,80.0,1,13000
Apartamento, Centro,400.0,135.0,3.0,3.0,1.0,45.0,1,5100
Apartamento, Estreito,705.0,81.0,2.0,3.0,2.0,27.0,1,2500
Apartamento, Centro,1480.0,140.0,2.0,3.0,3.0,46.66666666666666,1,5000
Apartamento, Campeche,1000.0,120.0,3.0,3.0,2.0,40.0,1,7500
Apartamento, Beira Mar,2206.0,208.0,4.0,4.0,2.0,52.0,1,10000
Apartamento,Centro,720.0,130.0,2.0,3.0,1.0,43.333333333333336,1,5000
Apartamento, Agronômica,600.0,40.0,1.0,1.0,1.0,40.0,1,4500
Apartamento, Agronômica,600.0,40.0,1.0,1.0,1.0,40.0,1,4500
Apartamento, Agronômica,600.0,40.0,1.0,1.0,1.0,40.0,1,4500
Apartamento, Agronômica,600.0,40.0,1.0,1.0,1.0,40.0,1,4500
Apartamento, Agronômica,600.0,40.0,1.0,1.0,1.0,40.0,1,4500
Apartamento, Agronômica,600.0,40.0,1.0,1.0,1.0,40.0,1,4500
Apartamento, Agronômica,600.0,40.0,1.0,1.0,1.0,40.0,1,4500
Apartamento, Agronômica,600.0,40.0,1.0,1.0,1.0,40.0,1,4500
Apartamento, Agronômica,600.0,50.0,1.0,1.0,1.0,50.0,1,4500
Apartamento, Ingleses do Rio Vermelho,0.0,63.0,1.0,2.0,1.0,31.5,1,2900
Apartamento, Santinho,0.0,30.0,1.0,1.0,1.0,30.0,1,2200
Casa, Itacorubi,0.0,90.0,2.0,3.0,1.0,30.0,1,3450
Apartamento, Capoeiras,500.0,85.0,2.0,3.0,2.0,28.33333333333333,1,4900
Apartamento, Pantanal,550.0,70.0,1.0,2.0,1.0,35.0,1,2350
Apartamento,Centro,1304.0,145.0,4.0,3.0,2.0,48.333333333333336,1,7500
Apartamento, Centro,674.0,53.0,1.0,2.0,1.0,26.5,1,2900
Apartamento, Centro,650.0,44.0,1.0,1.0,1.0,44.0,1,5150
Casa, Cachoeira do Bom Jesus,545.0,98.0,2.0,2.0,1.0,49.0,1,3600
Apartamento,Campeche,250.0,68.0,2.0,3.0,1.0,22.666666666666668,1,3000
Casa,Jardim Atlântico,815.0,250.0,4.0,3.0,2.0,83.33333333333333,1,16000
Apartamento,Joao Paulo,513.0,46.0,1.0,1.0,1.0,46.0,1,3800
Apartamento, Canto,1100.0,120.0,3.0,3.0,2.0,40.0,1,4850
Apartamento, Centro,692.0,67.0,1.0,2.0,1.0,33.5,1,2500
Casa, Centro,1.0,292.0,5.0,3.0,3.0,97.33333333333331,1,19400
Apartamento, Centro,365.0,50.0,1.0,1.0,1.0,50.0,1,1800
Apartamento, Centro,515.0,78.0,1.0,2.0,1.0,39.0,1,2500
Casa,Morro das Pedras,0.0,145.0,3.0,3.0,1.0,48.333333333333336,1,11000
Casa,Santa Mônica,0.0,188.0,3.0,4.0,2.0,47.0,1,13000
Casa,Centro,0.0,90.0,1.0,1.0,1.0,90.0,1,5000
Apartamento, Itacorubi,898.0,74.0,2.0,2.0,1.0,37.0,1,2900
Apartamento, Itacorubi,1000.0,80.0,1.0,2.0,1.0,40.0,1,2600
Casa, Jurerê,0.0,407.0,5.0,4.0,5.0,101.75,1,27500
Apartamento, Jurerê,1000.0,89.0,2.0,3.0,2.0,29.666666666666668,1,5000
Apartamento,Estreito,445.0,45.0,1.0,1.0,1.0,45.0,1,3200
Casa,Tapera,0.0,100.0,1.0,2.0,2.0,50.0,1,1700
Casa,Ingleses do Rio Vermelho,0.0,213.0,3.0,4.0,4.0,53.25,1,5500
Apartamento, Córrego Grande,664.0,46.0,1.0,1.0,2.0,46.0,1,3600
Apartamento, Trindade,662.0,73.0,2.0,2.0,2.0,36.5,1,4390
Apartamento, Campeche,580.0,84.0,2.0,3.0,2.0,28.0,1,5250
Casa,Ingleses do Rio Vermelho,0.0,80.0,2.0,3.0,2.0,26.666666666666668,1,1000
Apartamento, Canto,622.0,120.0,3.0,3.0,2.0,40.0,1,5500
Apartamento, Bom Abrigo,1200.0,75.0,2.0,3.0,1.0,25.0,1,3500
Apartamento,Centro,959.0,67.0,1.0,2.0,1.0,33.5,1,1700
Apartamento, Estreito,650.0,86.0,2.0,2.0,1.0,43.0,1,4880
Apartamento, Itaguaçu,800.0,73.0,2.0,2.0,1.0,36.5,1,3500
Casa, Jurerê,0.0,600.0,6.0,5.0,4.0,120.0,1,30000
Apartamento, Estreito,1100.0,90.0,1.0,3.0,2.0,30.0,1,2500
Casa,Açores,0.0,322.0,8.0,7.0,7.0,46.0,1,22000
Casa,Morro das Pedras,2600.0,350.0,6.0,4.0,6.0,87.5,1,15000
Apartamento, Centro,950.0,78.0,3.0,2.0,1.0,39.0,1,3200
Casa, Ingleses do Rio Vermelho,0.0,100.0,3.0,3.0,1.0,33.333333333333336,1,3823
Apartamento, Centro,440.0,41.0,1.0,1.0,1.0,41.0,1,1900
Apartamento, Centro,465.0,26.0,1.0,1.0,1.0,26.0,1,1300
Apartamento, Centro,533.0,34.0,1.0,1.0,1.0,34.0,1,2700
Apartamento, Centro,533.0,42.0,1.0,1.0,1.0,42.0,1,2500
Apartamento, Capoeiras,450.0,58.0,1.0,1.0,1.0,58.0,1,1746
Apartamento, Centro,510.0,45.0,1.0,1.0,1.0,45.0,1,5300
Apartamento,Itacorubi,450.0,53.0,1.0,1.0,1.0,53.0,1,2700
Apartamento, Saco Grande,0.0,23.0,1.0,1.0,1.0,23.0,1,1195
Apartamento, Centro,503.0,40.0,1.0,1.0,1.0,40.0,1,2500
Casa,Barra da Lagoa,0.0,300.0,3.0,3.0,7.0,100.0,1,16000
Apartamento, Campeche,488.0,101.0,3.0,2.0,1.0,50.5,1,8000
Apartamento, Centro,352.0,63.0,1.0,2.0,1.0,31.5,1,3200
Apartamento,Ingleses do Rio Vermelho,300.0,75.0,1.0,2.0,1.0,37.5,1,2300
Apartamento, Centro,1289.0,156.0,4.0,3.0,1.0,52.0,1,5000
Apartamento,Trindade,731.0,63.0,1.0,2.0,1.0,31.5,1,2700
Apartamento, Estreito,745.0,81.0,2.0,3.0,2.0,27.0,1,2500
Casa,Ingleses do Rio Vermelho,0.0,80.0,2.0,3.0,2.0,26.666666666666668,1,2300
Apartamento, Jurerê,854.0,75.0,2.0,2.0,1.0,37.5,1,5330
Apartamento, Centro,650.0,75.0,2.0,2.0,1.0,37.5,1,3250
Apartamento, Agronômica,1222.0,131.0,5.0,3.0,2.0,43.66666666666666,1,12875
Casa,Barra da Lagoa,0.0,140.0,3.0,2.0,1.0,70.0,1,5400
Casa, Lagoa da Conceição,0.0,230.0,4.0,3.0,2.0,76.66666666666667,1,18000
Casa, Campeche,0.0,342.0,5.0,5.0,1.0,68.4,1,13000
Casa,Capoeiras,0.0,220.0,2.0,3.0,3.0,73.33333333333333,1,5000
Apartamento,Lagoa da Conceição,0.0,35.0,1.0,1.0,1.0,35.0,1,2500
Casa,Centro,0.0,175.0,2.0,2.0,2.0,87.5,1,6600
Apartamento, Coqueiros,550.0,79.0,1.0,3.0,1.0,26.33333333333333,1,3200
Apartamento,Campeche,0.0,25.0,1.0,1.0,1.0,25.0,1,2200
Apartamento, Trindade,175.0,29.0,1.0,1.0,1.0,29.0,1,1080
Apartamento, Canasvieiras,638.0,72.0,2.0,3.0,1.0,24.0,1,3500
Apartamento, Agronômica,761.0,104.0,3.0,2.0,1.0,52.0,1,6714
Apartamento, Carvoeira,300.0,90.0,1.0,2.0,2.0,45.0,1,4900
Apartamento, Itacorubi,565.0,51.0,1.0,2.0,1.0,25.5,1,2600
Casa,São João do Rio Vermelho,0.0,220.0,2.0,3.0,4.0,73.33333333333333,1,7500
Casa,Santo Antônio de Lisboa,0.0,650.0,9.0,7.0,4.0,92.85714285714286,1,60000
Apartamento, Córrego Grande,380.0,67.0,1.0,2.0,1.0,33.5,1,3800
Casa, Jurerê Internacional,0.0,500.0,6.0,4.0,4.0,125.0,1,38000
Casa,Agronômica,0.0,64.0,1.0,2.0,1.0,32.0,1,2450
Casa, Itaguaçu,0.0,380.0,4.0,4.0,2.0,95.0,1,6800
Casa,São João do Rio Vermelho,0.0,117.0,1.0,2.0,2.0,58.5,1,2300
Apartamento, Itacorubi,1300.0,152.0,3.0,4.0,2.0,38.0,1,8000
Apartamento, Centro,600.0,57.0,1.0,2.0,1.0,28.5,1,4661
Apartamento, Campeche,1100.0,84.0,2.0,2.0,1.0,42.0,1,5000
Apartamento, Saco dos Limões,480.0,40.0,2.0,1.0,1.0,40.0,1,2654
Apartamento, Ingleses do Rio Vermelho,500.0,40.0,1.0,2.0,1.0,20.0,1,1200
Apartamento, Abraão,545.0,76.0,1.0,2.0,1.0,38.0,1,2415
Apartamento, Balneário,0.0,25.0,1.0,1.0,1.0,25.0,1,1200
Apartamento, Itacorubi,750.0,64.0,2.0,2.0,1.0,32.0,1,3900
Apartamento, Joao Paulo,1000.0,82.0,2.0,3.0,2.0,27.33333333333333,1,3500
Apartamento, Agronômica,560.0,70.0,1.0,1.0,1.0,70.0,1,1625
Apartamento, Centro,3500.0,300.0,5.0,4.0,2.0,75.0,1,13000
Apartamento, Centro,1600.0,155.0,4.0,5.0,2.0,31.0,1,7500
Apartamento, Centro,728.0,80.0,2.0,3.0,1.0,26.666666666666668,1,2099
Casa, Jurerê Internacional,0.0,315.0,5.0,4.0,3.0,78.75,1,18000
Apartamento, Campeche,1000.0,113.0,3.0,3.0,2.0,37.66666666666666,1,7500
Casa, Jurerê Internacional,0.0,391.0,5.0,4.0,2.0,97.75,1,20000
Apartamento, Campeche,1100.0,98.0,2.0,3.0,1.0,32.666666666666664,1,5700
Apartamento, Centro,550.0,56.0,1.0,1.0,1.0,56.0,1,4500
Apartamento,Campeche,0.0,25.0,1.0,1.0,1.0,25.0,1,2200
Casa,Agronômica,0.0,260.0,5.0,4.0,4.0,65.0,1,7700
Apartamento, Campeche,550.0,80.0,2.0,3.0,1.0,26.666666666666668,1,5000
Apartamento,Joao Paulo,959.0,80.0,2.0,3.0,1.0,26.666666666666668,1,3200
Apartamento,Itacorubi,0.0,76.0,2.0,2.0,1.0,38.0,1,4500
Casa, Jurerê Internacional,0.0,450.0,4.0,7.0,2.0,64.28571428571429,1,7300
Apartamento,Campeche,1100.0,98.0,2.0,3.0,1.0,32.666666666666664,1,5200
Casa, São João do Rio Vermelho,0.0,56.0,1.0,2.0,1.0,28.0,1,2300
Apartamento, Centro,1634.0,263.0,4.0,4.0,2.0,65.75,1,9500
Kitnet/Conjugado, Ingleses do Rio Vermelho,0.0,38.0,1.0,1.0,1.0,38.0,1,1400
Apartamento,Trindade,716.0,79.0,2.0,2.0,2.0,39.5,1,5000
Apartamento,Córrego Grande,605.0,113.0,2.0,2.0,1.0,56.5,1,3200
Apartamento,Itacorubi,515.0,65.0,2.0,2.0,2.0,32.5,1,5400
Casa, Campeche,0.0,50.0,1.0,1.0,1.0,50.0,1,2195
Apartamento, Campeche,1000.0,98.0,2.0,3.0,1.0,32.666666666666664,1,5700
Casa, Campeche,0.0,250.0,3.0,4.0,2.0,62.5,1,4500
Apartamento,Carvoeira,0.0,35.0,2.0,1.0,1.0,35.0,1,1800
Apartamento, Centro,850.0,35.0,1.0,1.0,1.0,35.0,1,2300
Apartamento, Córrego Grande,650.0,82.0,2.0,2.0,2.0,41.0,1,4200
Casa, Canasvieiras,0.0,110.0,3.0,2.0,8.0,55.0,1,2100
Apartamento,Itacorubi,550.0,65.0,2.0,2.0,2.0,32.5,1,4800
Apartamento, Pantanal,0.0,20.0,1.0,1.0,1.0,20.0,1,1100
Apartamento,Estreito,600.0,84.0,2.0,3.0,1.0,28.0,1,4300
Apartamento, Centro,1600.0,115.0,2.0,3.0,1.0,38.333333333333336,1,5800
Apartamento, Carvoeira,510.0,81.0,1.0,2.0,1.0,40.5,1,2800
Apartamento, Campeche,1200.0,93.0,3.0,3.0,2.0,31.0,1,8000
Apartamento, Pantanal,500.0,40.0,2.0,1.0,1.0,40.0,1,3300
Apartamento, Lagoa da Conceição,542.0,110.0,1.0,1.0,1.0,110.0,1,3000
Apartamento,Campeche,0.0,25.0,1.0,1.0,1.0,25.0,1,2200
Apartamento,Ingleses do Rio Vermelho,290.0,106.0,2.0,2.0,1.0,53.0,1,6000
Apartamento,Estreito,600.0,95.0,3.0,2.0,2.0,47.5,1,4000
Apartamento, Centro,570.0,45.0,1.0,1.0,1.0,45.0,1,2500
Apartamento,Itacorubi,622.0,76.0,2.0,2.0,1.0,38.0,1,3600
Apartamento, Centro,1000.0,116.0,3.0,3.0,1.0,38.66666666666666,1,5600
Apartamento, Estreito,468.0,41.0,2.0,3.0,2.0,13.666666666666666,1,3700
Apartamento, Centro,1400.0,116.0,3.0,3.0,1.0,38.66666666666666,1,5200
Apartamento,Lagoa da Conceição,1650.0,105.0,2.0,3.0,2.0,35.0,1,4950
Apartamento, Centro,1000.0,140.0,4.0,3.0,1.0,46.66666666666666,1,6000
Apartamento, Campeche,796.0,74.0,2.0,2.0,1.0,37.0,1,4200
Casa,Joao Paulo,0.0,240.0,4.0,4.0,2.0,60.0,1,8500
Apartamento, Carvoeira,480.0,37.0,1.0,1.0,1.0,37.0,1,3850
Apartamento,Ingleses do Rio Vermelho,200.0,53.0,1.0,2.0,1.0,26.5,1,2000
Casa, Ingleses do Rio Vermelho,0.0,65.0,2.0,3.0,1.0,21.666666666666668,1,2600
Apartamento,Campeche,150.0,68.0,2.0,2.0,1.0,34.0,1,2500
Casa, Lagoa da Conceição,1.0,315.0,5.0,4.0,2.0,78.75,1,18500
Casa, Santo Antônio de Lisboa,970.0,765.0,8.0,5.0,4.0,153.0,1,29900
Casa, Trindade,0.0,251.0,3.0,6.0,2.0,41.833333333333336,1,8000
Casa, Morro das Pedras,1000.0,210.0,3.0,3.0,2.0,70.0,1,13900
Casa, Morro das Pedras,0.0,157.0,3.0,3.0,4.0,52.333333333333336,1,5600
Casa, Estreito,0.0,153.0,3.0,5.0,5.0,30.6,1,8500
Apartamento, Parque São Jorge,893.0,115.0,3.0,4.0,1.0,28.75,1,5500
Apartamento,Jurerê Internacional,900.0,80.0,2.0,2.0,1.0,40.0,1,6500
Apartamento, Agronômica,3000.0,310.0,6.0,4.0,3.0,77.5,1,33544
Apartamento,Campeche,850.0,67.0,1.0,1.0,1.0,67.0,1,3700
Apartamento, Carvoeira,450.0,60.0,1.0,1.0,1.0,60.0,1,6000
Apartamento, Beira Mar,1192.0,133.0,4.0,3.0,2.0,44.333333333333336,1,13000
Casa, Trindade,0.0,250.0,4.0,6.0,2.0,41.66666666666666,1,8500
Casa, Córrego Grande,0.0,300.0,4.0,5.0,6.0,60.0,1,10130
Apartamento, Campeche,850.0,98.0,2.0,3.0,2.0,32.666666666666664,1,10500
Casa, Jurerê Internacional,0.0,500.0,7.0,6.0,5.0,83.33333333333333,1,18000
Kitnet/Conjugado,Agronômica,0.0,46.0,1.0,1.0,1.0,46.0,1,3000
Casa, Ingleses do Rio Vermelho,0.0,360.0,2.0,3.0,1.0,120.0,1,4300
Apartamento,Jurerê,0.0,200.0,4.0,3.0,2.0,66.66666666666667,1,15500
Casa,Lagoa da Conceição,200.0,120.0,2.0,3.0,3.0,40.0,1,7000
Apartamento,Córrego Grande,546.0,70.0,1.0,2.0,1.0,35.0,1,2300
Apartamento, Morro das Pedras,2000.0,294.0,3.0,3.0,2.0,98.0,1,19000
Casa, Córrego Grande,0.0,750.0,2.0,4.0,4.0,187.5,1,25000
Apartamento, Lagoa da Conceição,542.0,32.0,1.0,1.0,1.0,32.0,1,2450
Apartamento,Agronômica,400.0,87.0,2.0,3.0,1.0,29.0,1,3400
Apartamento, Carvoeira,1100.0,63.0,3.0,2.0,1.0,31.5,1,3150
Casa, Santo Antônio de Lisboa,0.0,154.0,4.0,3.0,3.0,51.333333333333336,1,11000
Apartamento,Pantanal,600.0,50.0,1.0,1.0,1.0,50.0,1,2100
Apartamento, Centro,450.0,41.0,1.0,1.0,1.0,41.0,1,5500
Apartamento, Trindade,808.0,89.0,2.0,3.0,1.0,29.666666666666668,1,3300
Apartamento,Jurerê Internacional,1200.0,290.0,4.0,3.0,3.0,96.66666666666669,1,18000
Apartamento, Centro,1620.0,193.0,4.0,3.0,1.0,64.33333333333333,1,7600
Apartamento,Campeche,800.0,115.0,2.0,3.0,1.0,38.333333333333336,1,7000
Apartamento, Centro,180.0,25.0,1.0,1.0,1.0,25.0,1,3500
Apartamento,Estreito,70.0,25.0,1.0,1.0,1.0,25.0,1,1490
Apartamento, Centro,1800.0,117.0,3.0,3.0,3.0,39.0,1,12000
Casa,Campeche,0.0,128.0,2.0,3.0,2.0,42.66666666666666,1,6500
Apartamento,Córrego Grande,80.0,35.0,1.0,1.0,1.0,35.0,1,1700
Casa, Parque São Jorge,0.0,227.0,3.0,3.0,2.0,75.66666666666667,1,12000
Apartamento, Campeche,800.0,86.0,2.0,2.0,2.0,43.0,1,7900
Apartamento, Estreito,431.0,89.0,2.0,2.0,1.0,44.5,1,2400
Apartamento, Itacorubi,420.0,71.0,1.0,2.0,1.0,35.5,1,2800
Apartamento, Jurerê,0.0,48.0,1.0,2.0,1.0,24.0,1,5460
Apartamento,Carvoeira,70.0,25.0,1.0,1.0,1.0,25.0,1,1800
Casa, Jurerê Internacional,2500.0,1100.0,1.0,7.0,6.0,157.14285714285714,1,66000
Casa, Jardim Atlântico,0.0,285.0,2.0,2.0,1.0,142.5,1,14000
Apartamento,Carvoeira,50.0,19.0,1.0,1.0,1.0,19.0,1,1750
Casa,Campeche,0.0,80.0,1.0,2.0,1.0,40.0,1,3300
Apartamento,Centro,969.0,93.0,2.0,3.0,2.0,31.0,1,4300
Casa,Agronômica,0.0,180.0,2.0,2.0,1.0,90.0,1,3900
Casa, Jurerê Internacional,0.0,450.0,7.0,5.0,6.0,90.0,1,34000
Casa, Agronômica,0.0,415.0,5.0,2.0,2.0,207.5,1,17000
Casa, Joao Paulo,0.0,239.0,5.0,4.0,6.0,59.75,1,11500
Apartamento, Campeche,0.0,55.0,1.0,2.0,1.0,27.5,1,2500
Apartamento, Agronômica,731.0,101.0,3.0,2.0,1.0,50.5,1,6152
Apartamento, Agronômica,718.0,94.0,3.0,2.0,1.0,47.0,1,7700
Casa, Carianos,0.0,200.0,1.0,3.0,4.0,66.66666666666667,1,4600
Apartamento, Balneário,1006.0,144.0,1.0,4.0,2.0,36.0,1,4900
Casa, Capoeiras,0.0,160.0,2.0,3.0,2.0,53.333333333333336,1,5000
Casa, Ingleses do Rio Vermelho,0.0,49.0,1.0,1.0,1.0,49.0,1,1800
Casa, Capoeiras,0.0,45.0,1.0,2.0,1.0,22.5,1,1367
Casa, Jurerê Internacional,0.0,800.0,9.0,7.0,3.0,114.28571428571428,1,45000
Kitnet/Conjugado, Pantanal,0.0,16.0,1.0,1.0,1.0,16.0,1,1100
Apartamento, Agronômica,732.0,110.0,1.0,3.0,1.0,36.66666666666666,1,4500
Apartamento,Carvoeira,688.0,63.0,2.0,2.0,1.0,31.5,1,3200
Apartamento, Centro,1000.0,67.0,2.0,2.0,1.0,33.5,1,2500
Apartamento, Centro,924.0,75.0,3.0,2.0,1.0,37.5,1,2900
Apartamento, Ingleses do Rio Vermelho,685.0,98.0,2.0,2.0,2.0,49.0,1,2600
Apartamento, Centro,650.0,110.0,2.0,3.0,2.0,36.66666666666666,1,5300
Apartamento, Centro,918.0,100.0,2.0,3.0,1.0,33.333333333333336,1,3800
Flat, Ribeirão da Ilha,0.0,75.0,1.0,2.0,1.0,37.5,1,2400
Apartamento,Carvoeira,0.0,35.0,1.0,1.0,1.0,35.0,1,2201
Casa,Saco dos Limões,0.0,80.0,1.0,2.0,1.0,40.0,1,2500
Casa,Jurerê Internacional,0.0,500.0,6.0,4.0,4.0,125.0,1,30000
Casa, Campeche,0.0,127.0,1.0,3.0,1.0,42.333333333333336,1,6400
Apartamento,Jardim Atlântico,200.0,30.0,1.0,1.0,1.0,30.0,1,1150
Casa, Vargem Pequena,890.0,200.0,3.0,3.0,4.0,66.66666666666667,1,6200
Apartamento, Capoeiras,713.0,78.0,2.0,3.0,1.0,26.0,1,2900
Apartamento, José Mendes,0.0,35.0,1.0,1.0,1.0,35.0,1,1200
Apartamento,Carianos,44.0,75.0,1.0,2.0,1.0,37.5,1,1600
Casa,Rio Tavares,0.0,180.0,3.0,2.0,2.0,90.0,1,6000
Casa, Centro,0.0,140.0,2.0,4.0,8.0,35.0,1,14960
Casa, Jurerê Internacional,0.0,400.0,6.0,5.0,3.0,80.0,1,20000
Casa, Jurerê,0.0,150.0,3.0,3.0,4.0,50.0,1,5500
Casa,Campeche,0.0,130.0,3.0,3.0,1.0,43.333333333333336,1,4500
Apartamento, Carvoeira,550.0,50.0,3.0,1.0,1.0,50.0,1,4500
Casa,Jurerê Internacional,0.0,500.0,7.0,5.0,4.0,100.0,1,40000
Apartamento,Coqueiros,707.0,105.0,2.0,3.0,2.0,35.0,1,5000
Apartamento, Centro,2749.0,262.0,4.0,3.0,2.0,87.33333333333333,1,12500
Casa,Jurerê Internacional,0.0,350.0,5.0,4.0,3.0,87.5,1,18000
Apartamento, Trindade,580.0,68.0,2.0,2.0,1.0,34.0,1,3300
Casa,Saco dos Limões,0.0,121.0,2.0,3.0,1.0,40.333333333333336,1,3500
Apartamento,Jardim Atlântico,200.0,30.0,1.0,1.0,1.0,30.0,1,1150
Apartamento, Jurerê Internacional,700.0,87.0,2.0,2.0,1.0,43.5,1,10500
Casa,Campeche,0.0,75.0,2.0,2.0,1.0,37.5,1,3000
Casa, Campeche,0.0,138.0,3.0,3.0,2.0,46.0,1,7900
Casa, Rio Tavares,0.0,180.0,2.0,2.0,2.0,90.0,1,6000
Apartamento, Agronômica,1262.0,131.0,5.0,3.0,2.0,43.66666666666666,1,13500
Apartamento, Carvoeira,468.0,56.0,1.0,2.0,1.0,28.0,1,3500
Apartamento, Centro,1292.0,157.0,4.0,3.0,1.0,52.333333333333336,1,5000
Apartamento, Agronômica,1215.0,131.0,5.0,3.0,2.0,43.66666666666666,1,14102
Casa, Jurerê Internacional,0.0,360.0,5.0,5.0,2.0,72.0,1,22500
Apartamento,Itacorubi,670.0,73.0,2.0,2.0,1.0,36.5,1,3300
Apartamento,Jardim Atlântico,550.0,72.0,2.0,2.0,1.0,36.0,1,3800
Apartamento, Centro,2749.0,262.0,4.0,3.0,2.0,87.33333333333333,1,12500
Apartamento,Centro,663.0,54.0,1.0,2.0,1.0,27.0,1,2500
Apartamento,Trindade,307.0,30.0,1.0,1.0,1.0,30.0,1,2800
Apartamento,Itacorubi,565.0,51.0,1.0,2.0,1.0,25.5,1,2600
Casa,Itacorubi,0.0,180.0,3.0,3.0,1.0,60.0,1,4850
Apartamento,Carvoeira,100.0,18.0,1.0,1.0,1.0,18.0,1,1950
Casa,Rio Tavares,0.0,80.0,2.0,1.0,1.0,80.0,1,2600
Apartamento,Ingleses do Rio Vermelho,70.0,70.0,2.0,2.0,1.0,35.0,1,1700
Apartamento,Estreito,650.0,86.0,2.0,2.0,2.0,43.0,1,5000
Apartamento, Canasvieiras,550.0,110.0,2.0,3.0,2.0,36.66666666666666,1,8500
Apartamento, Centro,1300.0,146.0,5.0,3.0,2.0,48.66666666666666,1,7500
Apartamento, Centro,750.0,66.0,2.0,2.0,1.0,33.0,1,3000
Apartamento, Itacorubi,0.0,74.0,2.0,2.0,1.0,37.0,1,2650
Casa, Morro das Pedras,30.0,79.0,2.0,3.0,1.0,26.33333333333333,1,3800
Casa, Daniela,0.0,300.0,6.0,5.0,3.0,60.0,1,27500
Apartamento,Carianos,200.0,52.0,1.0,2.0,1.0,26.0,1,2500
Apartamento,Centro,4296.0,422.0,5.0,4.0,3.0,105.5,1,6300
Apartamento,Ingleses Norte,200.0,64.0,2.0,2.0,1.0,32.0,1,2000
Casa, Jurerê Internacional,0.0,780.0,6.0,4.0,5.0,195.0,1,35000
Apartamento, Agronômica,850.0,113.0,7.0,3.0,3.0,37.66666666666666,1,6300
Apartamento, Centro,850.0,73.0,1.0,2.0,2.0,36.5,1,6500
Apartamento,Itacorubi,0.0,53.0,1.0,1.0,1.0,53.0,1,3200
Apartamento, Beira Mar,1200.0,53.0,1.0,1.0,1.0,53.0,1,3200
Casa, Rio Tavares,0.0,140.0,1.0,3.0,2.0,46.66666666666666,1,6800
Casa, Campeche,0.0,145.0,3.0,3.0,2.0,48.333333333333336,1,6000
Casa, Jurerê Internacional,0.0,432.0,6.0,5.0,2.0,86.4,1,15500
Casa, Córrego Grande,0.0,400.0,6.0,4.0,2.0,100.0,1,15000
Apartamento, Centro,1250.0,171.0,4.0,3.0,1.0,57.0,1,6900
Apartamento, Carvoeira,0.0,29.0,1.0,1.0,1.0,29.0,1,2690
Apartamento,Ingleses do Rio Vermelho,608.0,90.0,2.0,3.0,1.0,30.0,1,5500
Apartamento, Trindade,850.0,105.0,2.0,2.0,2.0,52.5,1,4000
Casa, Canasvieiras,300.0,240.0,4.0,4.0,3.0,60.0,1,9900
Casa, Santa Mônica,0.0,422.0,8.0,4.0,6.0,105.5,1,26000
Apartamento, Canajure,850.0,150.0,2.0,3.0,1.0,50.0,1,5000
Apartamento,Trindade,450.0,54.0,1.0,1.0,1.0,54.0,1,2100
Apartamento,Ingleses do Rio Vermelho,100.0,60.0,2.0,2.0,1.0,30.0,1,2500
Apartamento, Pantanal,0.0,80.0,1.0,2.0,1.0,40.0,1,2700
Apartamento,Jardim Atlântico,591.0,83.0,2.0,3.0,1.0,27.666666666666668,1,3750
Apartamento, Jurerê Internacional,900.0,230.0,5.0,4.0,3.0,57.5,1,25000
Kitnet/Conjugado,Centro,0.0,31.0,1.0,1.0,1.0,31.0,1,1100
Apartamento,Parque São Jorge,200.0,75.0,1.0,2.0,1.0,37.5,1,4800
Apartamento,Centro,871.0,119.0,3.0,3.0,1.0,39.66666666666666,1,5000
Apartamento,Centro,720.0,123.0,2.0,3.0,1.0,41.0,1,5000
Apartamento,Cachoeira do Bom Jesus,499.0,71.0,1.0,2.0,1.0,35.5,1,2200
Apartamento, Centro,654.0,101.0,2.0,3.0,1.0,33.666666666666664,1,5000
Apartamento, Centro,1259.0,79.0,3.0,2.0,1.0,39.5,1,3000
Casa, Lagoa da Conceição,0.0,220.0,3.0,2.0,2.0,110.0,1,10500
Apartamento, Centro,1520.0,108.0,4.0,3.0,2.0,36.0,1,19511
Casa, Jardim Atlântico,0.0,150.0,3.0,4.0,2.0,37.5,1,14000
Casa, Canto,0.0,256.0,5.0,4.0,1.0,64.0,1,4800
Casa, Ingleses do Rio Vermelho,0.0,247.0,4.0,4.0,1.0,61.75,1,7060
Apartamento, Estreito,655.0,97.0,2.0,3.0,2.0,32.333333333333336,1,4600
Apartamento, Centro,1600.0,236.0,3.0,3.0,2.0,78.66666666666667,1,13750
Apartamento, Jurerê,450.0,100.0,2.0,2.0,2.0,50.0,1,6500
Casa,Cacupé,2270.0,185.0,3.0,2.0,2.0,92.5,1,14500
Apartamento,Centro,620.0,64.0,1.0,3.0,1.0,21.33333333333333,1,2200
Apartamento,Trindade,560.0,59.0,1.0,2.0,1.0,29.5,1,2500
Apartamento,Ingleses do Rio Vermelho,510.0,70.0,2.0,2.0,1.0,35.0,1,4200
Apartamento,Centro,1341.0,146.0,5.0,3.0,2.0,48.66666666666666,1,7500
Apartamento,Centro,928.0,101.0,3.0,2.0,1.0,50.5,1,5200
Casa, Jurerê Internacional,0.0,285.0,4.0,4.0,2.0,71.25,1,15000
Casa, Jurerê Internacional,0.0,400.0,6.0,4.0,3.0,100.0,1,18000
Casa,Lagoa da Conceição,0.0,298.0,5.0,4.0,2.0,74.5,1,19000
Apartamento, Beira Mar,1100.0,146.0,2.0,3.0,2.0,48.66666666666666,1,13500
Apartamento, Campeche,550.0,82.0,2.0,3.0,2.0,27.33333333333333,1,5250
Apartamento, Centro,800.0,70.0,3.0,2.0,1.0,35.0,1,8250
Apartamento, Cacupé,1500.0,179.0,5.0,4.0,1.0,44.75,1,12000
Casa, Costeira do Pirajubaé,0.0,150.0,2.0,3.0,1.0,50.0,1,4000
Kitnet/Conjugado,Centro,0.0,36.0,1.0,1.0,1.0,36.0,1,1250
Kitnet/Conjugado,Carvoeira,0.0,19.0,1.0,1.0,1.0,19.0,1,1350
Apartamento, Campeche,0.0,246.0,4.0,3.0,2.0,82.0,1,8000
Casa,Lagoa da Conceição,0.0,250.0,3.0,4.0,2.0,62.5,1,12000
Apartamento, Canasvieiras,0.0,80.0,2.0,2.0,1.0,40.0,1,3300
Apartamento, Ingleses do Rio Vermelho,290.0,42.0,1.0,1.0,1.0,42.0,1,1800
Apartamento, Campeche,500.0,37.0,1.0,1.0,1.0,37.0,1,4100
Apartamento, Agronômica,1202.0,147.0,1.0,3.0,1.0,49.0,1,2700
Apartamento, Canasvieiras,500.0,30.0,1.0,1.0,1.0,30.0,1,2000
Apartamento, Canasvieiras,0.0,18.0,1.0,1.0,1.0,18.0,1,3500
Apartamento,Parque São Jorge,0.0,75.0,2.0,2.0,1.0,37.5,1,4500
Apartamento,Pantanal,548.0,63.0,1.0,2.0,1.0,31.5,1,2850
Apartamento,Carvoeira,612.0,57.0,2.0,1.0,1.0,57.0,1,3000
Casa,Jurerê Internacional,0.0,391.0,5.0,4.0,2.0,97.75,1,20000
Apartamento,Capoeiras,750.0,108.0,2.0,3.0,2.0,36.0,1,3190
Apartamento, Coqueiros,95.0,25.0,1.0,1.0,1.0,25.0,1,1590
Apartamento, Coqueiros,95.0,23.0,1.0,1.0,1.0,23.0,1,1850
Apartamento, Coqueiros,95.0,23.0,1.0,1.0,1.0,23.0,1,1850
Apartamento, Trindade,624.0,111.0,2.0,2.0,1.0,55.5,1,2000
Casa, Carvoeira,0.0,50.0,1.0,1.0,1.0,50.0,1,3800
Apartamento, Campeche,602.0,152.0,3.0,2.0,1.0,76.0,1,10000
Casa, Cacupé,1560.0,550.0,5.0,4.0,4.0,137.5,1,16000
Apartamento, Campeche,1068.0,152.0,1.0,2.0,1.0,76.0,1,10000
Apartamento, Ingleses do Rio Vermelho,880.0,99.0,2.0,2.0,1.0,49.5,1,3900
Casa,Canto da Lagoa,0.0,145.0,2.0,3.0,1.0,48.333333333333336,1,9000
Apartamento, Campeche,537.0,101.0,3.0,2.0,1.0,50.5,1,8000
Apartamento, Centro,4600.0,298.0,4.0,4.0,3.0,74.5,1,6300
Apartamento, Jardim Atlântico,1000.0,98.0,2.0,3.0,1.0,32.666666666666664,1,5300
Apartamento,Coqueiros,600.0,118.0,2.0,3.0,2.0,39.333333333333336,1,4300
Apartamento, Cachoeira do Bom Jesus,1700.0,224.0,5.0,4.0,3.0,56.0,1,10000
Apartamento,Ingleses do Rio Vermelho,350.0,74.0,2.0,2.0,1.0,37.0,1,2500
Casa,Sambaqui,0.0,45.0,1.0,1.0,1.0,45.0,1,1800
Apartamento,Carvoeira,100.0,23.0,1.0,1.0,1.0,23.0,1,1900
Apartamento, Agronômica,1200.0,57.0,1.0,1.0,1.0,57.0,1,3250
Apartamento,Estreito,471.0,95.0,2.0,3.0,2.0,31.666666666666668,1,3700
Apartamento, Trindade,498.0,30.0,1.0,1.0,2.0,30.0,1,2950
Casa, Trindade,0.0,160.0,4.0,2.0,1.0,80.0,1,7900
Casa,Jurerê Internacional,0.0,400.0,4.0,4.0,3.0,100.0,1,18000
Casa, Rio Tavares,35.0,32.0,1.0,1.0,1.0,32.0,1,3600
Casa, Campeche,0.0,140.0,3.0,3.0,2.0,46.66666666666666,1,8500
Apartamento,Centro,690.0,79.0,2.0,3.0,2.0,26.33333333333333,1,3600
Casa, Jurerê Internacional,0.0,180.0,3.0,5.0,2.0,36.0,1,19000
Apartamento, Balneário,1000.0,143.0,1.0,4.0,2.0,35.75,1,4900
Apartamento, Centro,1200.0,43.0,1.0,1.0,1.0,43.0,1,2100
Casa, Capoeiras,0.0,63.0,1.0,2.0,1.0,31.5,1,4900
Apartamento,Coqueiros,578.0,48.0,1.0,1.0,1.0,48.0,1,3500
Apartamento, Centro,760.0,61.0,1.0,1.0,1.0,61.0,1,4500
Apartamento, Balneário,479.0,69.0,2.0,2.0,1.0,34.5,1,3800
Apartamento,Rio Tavares,0.0,70.0,2.0,2.0,2.0,35.0,1,3400
Apartamento, Santinho,1100.0,60.0,1.0,2.0,1.0,30.0,1,6500
Apartamento, Agronômica,2487.0,330.0,3.0,3.0,4.0,110.0,1,16000
Apartamento, Centro,700.0,44.0,1.0,1.0,1.0,44.0,1,5500
Apartamento, Agronômica,499.0,100.0,3.0,2.0,1.0,50.0,1,8490
Apartamento, Centro,405.0,27.0,1.0,1.0,1.0,27.0,1,5685
Apartamento,Campeche,1002.0,113.0,3.0,3.0,2.0,37.66666666666666,1,7500
Casa, Coqueiros,0.0,174.0,2.0,2.0,2.0,87.0,1,6900
Casa,Ingleses do Rio Vermelho,0.0,200.0,2.0,4.0,2.0,50.0,1,1300
Apartamento, Jurerê,800.0,160.0,3.0,4.0,3.0,40.0,1,10500
Casa, Canto,0.0,50.0,2.0,1.0,1.0,50.0,1,4000
Apartamento, Centro,1062.0,108.0,3.0,2.0,2.0,54.0,1,11896
Apartamento, Campeche,1000.0,150.0,3.0,3.0,1.0,50.0,1,7500
Casa, Jurerê Internacional,0.0,612.0,5.0,2.0,6.0,306.0,1,40000
Casa,Cachoeira do Bom Jesus,230.0,166.0,4.0,3.0,2.0,55.333333333333336,1,8350
Apartamento,Carvoeira,100.0,20.0,1.0,1.0,1.0,20.0,1,1790
Apartamento,Itacorubi,470.0,55.0,1.0,2.0,1.0,27.5,1,2100
Apartamento, Monte Verde,700.0,90.0,2.0,2.0,2.0,45.0,1,4500
Apartamento, Joao Paulo,494.0,38.0,1.0,1.0,1.0,38.0,1,3800
Apartamento, Estreito,488.0,61.0,2.0,2.0,1.0,30.5,1,2200
Apartamento, Centro,1560.0,116.0,3.0,4.0,1.0,29.0,1,4500
Casa, Campeche,0.0,151.0,7.0,3.0,2.0,50.333333333333336,1,8000
Apartamento, Itacorubi,900.0,85.0,2.0,2.0,2.0,42.5,1,5500
Apartamento, Trindade,1473.0,250.0,4.0,3.0,2.0,83.33333333333333,1,9000
Casa,Agronômica,0.0,28.0,1.0,1.0,1.0,28.0,1,1300
Kitnet/Conjugado,Trindade,0.0,20.0,1.0,1.0,1.0,20.0,1,1749
Kitnet/Conjugado,Trindade,0.0,20.0,1.0,1.0,1.0,20.0,1,1799
Apartamento, Centro,1208.0,146.0,1.0,3.0,1.0,48.66666666666666,1,5800
Apartamento, Centro,2024.0,96.0,3.0,3.0,1.0,32.0,1,3100
Apartamento,Ingleses do Rio Vermelho,250.0,62.0,1.0,2.0,1.0,31.0,1,2000
Apartamento, Trindade,855.0,147.0,4.0,3.0,2.0,49.0,1,6500
Apartamento,Itacorubi,500.0,60.0,1.0,2.0,1.0,30.0,1,2300
Casa,Campeche,0.0,130.0,2.0,4.0,1.0,32.5,1,7400
Kitnet/Conjugado,Coqueiros,0.0,15.0,1.0,1.0,1.0,15.0,1,1300
Casa,Ingleses do Rio Vermelho,0.0,350.0,4.0,3.0,4.0,116.66666666666669,1,8500
Apartamento,Trindade,500.0,31.0,1.0,1.0,1.0,31.0,1,2750
Casa,Sambaqui,750.0,250.0,2.0,3.0,2.0,83.33333333333333,1,5498
Casa,Jurerê Internacional,0.0,500.0,6.0,4.0,4.0,125.0,1,25000
Apartamento,Ingleses do Rio Vermelho,1470.0,93.0,3.0,2.0,1.0,46.5,1,6800
Apartamento,Agronômica,1650.0,211.0,3.0,3.0,2.0,70.33333333333333,1,12900
Apartamento, Campeche,1002.0,113.0,5.0,3.0,1.0,37.66666666666666,1,7500
Apartamento, Campeche,700.0,30.0,1.0,1.0,1.0,30.0,1,3700
Casa, Jurerê Internacional,0.0,1000.0,8.0,6.0,8.0,166.66666666666666,1,68000
Apartamento, Campeche,950.0,71.0,1.0,1.0,1.0,71.0,1,3700
Casa,Córrego Grande,0.0,320.0,5.0,4.0,4.0,80.0,1,12000
Apartamento, Cacupé,1500.0,172.0,5.0,4.0,2.0,43.0,1,8300
Casa, Centro,0.0,267.0,4.0,5.0,2.0,53.4,1,8600
Casa, Jurerê Internacional,0.0,340.0,7.0,4.0,2.0,85.0,1,20000
Casa, Porto da Lagoa,653.0,303.0,3.0,4.0,2.0,75.75,1,15000
Kitnet/Conjugado,Agronômica,0.0,50.0,1.0,1.0,1.0,50.0,1,3200
Apartamento, Lagoa da Conceição,1780.0,124.0,2.0,3.0,2.0,41.333333333333336,1,4950
Kitnet/Conjugado,Agronômica,0.0,56.0,1.0,1.0,1.0,56.0,1,3200
Apartamento, Centro,1292.0,157.0,4.0,4.0,1.0,39.25,1,5000
Casa, Rio Tavares,0.0,84.0,3.0,3.0,1.0,28.0,1,6000
Apartamento,Carvoeira,479.0,66.0,1.0,2.0,1.0,33.0,1,2200
Apartamento,Trindade,611.0,95.0,1.0,3.0,1.0,31.666666666666668,1,2800
Casa,Lagoa da Conceição,600.0,191.0,4.0,3.0,2.0,63.66666666666666,1,9000
Apartamento,Estreito,560.0,96.0,2.0,3.0,2.0,32.0,1,3700
Apartamento,Coqueiros,400.0,43.0,1.0,1.0,1.0,43.0,1,1600
Apartamento,Córrego Grande,750.0,73.0,2.0,2.0,1.0,36.5,1,3500
Apartamento,Cachoeira do Bom Jesus,445.0,42.0,1.0,1.0,1.0,42.0,1,1400
Casa, Centro,0.0,267.0,4.0,5.0,2.0,53.4,1,8600
Apartamento,Lagoa da Conceição,0.0,86.0,2.0,2.0,1.0,43.0,1,3800
Apartamento, Agronômica,1180.0,131.0,4.0,3.0,2.0,43.66666666666666,1,13000
Casa, Joao Paulo,0.0,213.0,3.0,4.0,2.0,53.25,1,8000
Kitnet/Conjugado, Carvoeira,0.0,23.0,1.0,1.0,1.0,23.0,1,1800
Apartamento,Centro,924.0,68.0,3.0,2.0,1.0,34.0,1,2900
Apartamento,Campeche,2125.0,246.0,4.0,3.0,2.0,82.0,1,8000
Apartamento, Jurerê,960.0,169.0,4.0,4.0,2.0,42.25,1,13500
Casa, Campeche,0.0,160.0,2.0,2.0,1.0,80.0,1,8000
Apartamento, Centro,610.0,43.0,1.0,1.0,1.0,43.0,1,4500
Apartamento, Centro,1329.0,158.0,3.0,3.0,1.0,52.66666666666666,1,6500
Casa, Jurerê Internacional,0.0,800.0,7.0,6.0,4.0,133.33333333333334,1,35000
Apartamento, Jurerê Internacional,1000.0,138.0,4.0,3.0,2.0,46.0,1,12500
Casa,Ingleses do Rio Vermelho,0.0,150.0,4.0,3.0,2.0,50.0,1,5500
Apartamento, Agronômica,1500.0,114.0,2.0,3.0,4.0,38.0,1,6800
Apartamento, Estreito,360.0,70.0,2.0,2.0,1.0,35.0,1,3300
Casa, Campeche,0.0,472.0,3.0,4.0,3.0,118.0,1,9000
Apartamento, Jardim Atlântico,1178.0,87.0,2.0,3.0,1.0,29.0,1,4200
Apartamento, Agronômica,729.0,101.0,1.0,3.0,1.0,33.666666666666664,1,4500
Apartamento,Centro,1150.0,77.0,2.0,2.0,2.0,38.5,1,7813
Apartamento, Lagoa da Conceição,1700.0,127.0,3.0,3.0,2.0,42.333333333333336,1,5500
Apartamento, Trindade,0.0,29.0,1.0,1.0,1.0,29.0,1,2690
Apartamento, Trindade,0.0,29.0,1.0,1.0,1.0,29.0,1,2690
Apartamento, Ingleses do Rio Vermelho,0.0,110.0,3.0,4.0,1.0,27.5,1,6500
Casa, Jurerê Internacional,0.0,500.0,6.0,6.0,4.0,83.33333333333333,1,17000
Kitnet/Conjugado,Trindade,0.0,25.0,1.0,1.0,1.0,25.0,1,900
Apartamento, Agronômica,930.0,129.0,3.0,3.0,2.0,43.0,1,8610
Casa, Jurerê Internacional,0.0,320.0,6.0,5.0,2.0,64.0,1,35000
Casa, Itaguaçu,0.0,380.0,4.0,4.0,2.0,95.0,1,6800
Casa, Centro,0.0,267.0,4.0,5.0,2.0,53.4,1,8600
Casa,Joao Paulo,0.0,212.0,3.0,4.0,2.0,53.0,1,8100
Casa, Campeche,0.0,80.0,1.0,2.0,1.0,40.0,1,4500
Casa, Jurerê Internacional,0.0,800.0,5.0,5.0,2.0,160.0,1,35000
Kitnet/Conjugado,Trindade,0.0,42.0,1.0,1.0,1.0,42.0,1,1500
Apartamento, Porto da Lagoa,0.0,32.0,1.0,1.0,1.0,32.0,1,1700
Casa, Lagoa da Conceição,400.0,180.0,6.0,4.0,2.0,45.0,1,18000
Casa, Santa Mônica,0.0,141.0,3.0,4.0,5.0,35.25,1,7000
Apartamento, Agronômica,1800.0,172.0,4.0,3.0,1.0,57.333333333333336,1,11701
Apartamento, Cachoeira do Bom Jesus,0.0,22.0,1.0,1.0,1.0,22.0,1,2875
Apartamento, Açores,0.0,75.0,1.0,2.0,1.0,37.5,1,2750
Apartamento, Centro,999.0,170.0,2.0,2.0,1.0,85.0,1,7900
Apartamento, Centro,0.0,92.0,2.0,1.0,1.0,92.0,1,1500
Casa, Trindade,90.0,407.0,4.0,3.0,2.0,135.66666666666666,1,8500
Apartamento, Canasvieiras,600.0,100.0,2.0,3.0,2.0,33.333333333333336,1,8500
Apartamento, Joao Paulo,995.0,84.0,1.0,2.0,2.0,42.0,1,4500
Apartamento,Rio Tavares,150.0,65.0,1.0,1.0,1.0,65.0,1,2500
Casa, Pântano do Sul,1.0,141.0,2.0,4.0,2.0,35.25,1,6500
Apartamento, Campeche,479.0,47.0,1.0,1.0,1.0,47.0,1,4000
Casa, Córrego Grande,1.0,800.0,7.0,4.0,1.0,200.0,1,28000
Apartamento, Agronômica,850.0,92.0,4.0,2.0,1.0,46.0,1,9500
Apartamento,Jurerê,850.0,105.0,3.0,3.0,2.0,35.0,1,9000
Casa, Jurerê Internacional,0.0,250.0,6.0,5.0,7.0,50.0,1,27000
Apartamento,Centro,1588.0,140.0,2.0,3.0,1.0,46.66666666666666,1,5900
Apartamento, Jardim Atlântico,1053.0,88.0,3.0,2.0,1.0,44.0,1,3600
Casa, Rio Tavares,0.0,121.0,4.0,1.0,1.0,121.0,1,7000
Casa, Jurerê,1100.0,407.0,5.0,4.0,5.0,101.75,1,21000
Apartamento, Trindade,0.0,29.0,1.0,1.0,1.0,29.0,1,2300
Apartamento, Centro,1449.0,100.0,3.0,2.0,2.0,50.0,1,11680
Casa, Morro das Pedras,600.0,143.0,1.0,3.0,1.0,47.66666666666666,1,11000
Casa, Centro,0.0,160.0,2.0,2.0,1.0,80.0,1,7000
Casa,Jurerê Internacional,0.0,500.0,8.0,5.0,3.0,100.0,1,35000
Casa, Córrego Grande,0.0,800.0,3.0,4.0,4.0,200.0,1,25000
Apartamento, Centro,1976.0,211.0,2.0,3.0,2.0,70.33333333333333,1,7600
Apartamento, Beira Mar,2070.0,220.0,5.0,4.0,5.0,55.0,1,19990
Apartamento, Trindade,0.0,20.0,1.0,1.0,1.0,20.0,1,2150
Casa,Cacupé,1300.0,381.0,5.0,4.0,2.0,95.25,1,18900
Apartamento, Agronômica,1500.0,131.0,4.0,3.0,2.0,43.66666666666666,1,15500
Apartamento, Trindade,0.0,18.0,1.0,1.0,1.0,18.0,1,2100
Apartamento, Campeche,900.0,86.0,3.0,2.0,2.0,43.0,1,7900
Apartamento, Beira Mar,2650.0,191.0,5.0,3.0,3.0,63.66666666666666,1,19000
Apartamento, Campeche,1270.0,196.0,3.0,3.0,3.0,65.33333333333333,1,13600
Apartamento, Centro,1062.0,108.0,3.0,2.0,2.0,54.0,1,10982
Casa, Santo Antônio de Lisboa,0.0,170.0,1.0,2.0,1.0,85.0,1,9900
Apartamento, Agronômica,1764.0,166.0,1.0,3.0,2.0,55.333333333333336,1,11000
Apartamento, Centro,2749.0,262.0,4.0,3.0,2.0,87.33333333333333,1,12500
Casa, Pântano do Sul,0.0,115.0,2.0,4.0,2.0,28.75,1,6500
Casa, Rio Tavares,0.0,120.0,2.0,3.0,1.0,40.0,1,6600
Apartamento, Trindade,450.0,31.0,1.0,1.0,1.0,31.0,1,3900
Apartamento, Canasvieiras,540.0,50.0,2.0,1.0,1.0,50.0,1,3900
Apartamento, Campeche,120.0,98.0,1.0,3.0,1.0,32.666666666666664,1,5200
Apartamento, Centro,1062.0,108.0,3.0,2.0,2.0,54.0,1,10856
Casa, Estreito,0.0,160.0,2.0,2.0,1.0,80.0,1,6400
Apartamento, Centro,1062.0,108.0,3.0,2.0,2.0,54.0,1,10730
Apartamento,Trindade,760.0,60.0,1.0,2.0,1.0,30.0,1,3200
Casa, Jurerê Internacional,0.0,300.0,4.0,5.0,3.0,60.0,1,18000
Apartamento, Campeche,1388.0,60.0,2.0,3.0,1.0,20.0,1,15000
Casa, Balneário,0.0,335.0,4.0,5.0,1.0,67.0,1,12000
Apartamento, Agronômica,890.0,129.0,4.0,3.0,1.0,43.0,1,14900
Apartamento, Campeche,1200.0,74.0,2.0,2.0,1.0,37.0,1,5000
Casa, Carianos,0.0,20.0,1.0,1.0,1.0,20.0,1,1500
Apartamento, Beira Mar,3025.0,316.0,5.0,4.0,3.0,79.0,1,23500
Apartamento, Agronômica,0.0,20.0,1.0,1.0,1.0,20.0,1,2350
Casa, Centro,0.0,267.0,1.0,5.0,2.0,53.4,1,8800
Casa,Lagoa da Conceição,0.0,70.0,2.0,2.0,1.0,35.0,1,4000
Casa, Córrego Grande,0.0,316.0,4.0,5.0,2.0,63.2,1,15000
Casa,Campeche,0.0,90.0,2.0,2.0,2.0,45.0,1,3300
Kitnet/Conjugado, Agronômica,0.0,35.0,1.0,1.0,1.0,35.0,1,1000
Casa,Jurerê Internacional,2376.0,783.0,9.0,7.0,4.0,111.85714285714286,1,44000
Apartamento, Centro,534.0,31.0,1.0,1.0,1.0,31.0,1,1150
Casa, Jurerê Internacional,0.0,400.0,5.0,4.0,1.0,100.0,1,25000
Casa, Campeche,0.0,220.0,1.0,4.0,6.0,55.0,1,7000
Casa,Canto da Lagoa,0.0,70.0,2.0,2.0,2.0,35.0,1,3000
Casa, Lagoa da Conceição,0.0,250.0,8.0,5.0,2.0,50.0,1,20000
Apartamento, Campeche,1500.0,91.0,2.0,3.0,1.0,30.33333333333333,1,7200
Casa, Córrego Grande,0.0,238.0,5.0,5.0,3.0,47.6,1,13000
Casa, Coqueiros,0.0,240.0,4.0,3.0,2.0,80.0,1,8500
Apartamento, Carvoeira,0.0,80.0,2.0,3.0,1.0,26.666666666666668,1,2500
Apartamento, Carvoeira,450.0,32.0,1.0,1.0,1.0,32.0,1,3300
Apartamento, Centro,615.0,62.0,1.0,1.0,1.0,62.0,1,4800
Apartamento,Carvoeira,0.0,15.0,1.0,1.0,1.0,15.0,1,1600
Apartamento, Campeche,950.0,98.0,2.0,3.0,1.0,32.666666666666664,1,5700
Apartamento,Rio Tavares,614.0,70.0,2.0,2.0,1.0,35.0,1,4200
Apartamento,Trindade,480.0,30.0,1.0,1.0,1.0,30.0,1,2450
Apartamento, Estreito,1052.0,123.0,2.0,3.0,2.0,41.0,1,4900
Casa, Armação,0.0,207.0,5.0,1.0,1.0,207.0,1,12000
Casa, Estreito,120.0,258.0,3.0,2.0,3.0,129.0,1,8000
Casa, Centro,0.0,276.0,3.0,2.0,1.0,138.0,1,6000
Casa, Carianos,0.0,100.0,1.0,2.0,1.0,50.0,1,4000
Apartamento, Agronômica,1531.0,163.0,3.0,3.0,2.0,54.333333333333336,1,8000
Apartamento, Centro,300.0,21.0,1.0,1.0,1.0,21.0,1,2000
Casa, Jurerê,0.0,160.0,2.0,3.0,1.0,53.333333333333336,1,8300
Casa,Trindade,0.0,100.0,1.0,3.0,1.0,33.333333333333336,1,3600
Casa, Cachoeira do Bom Jesus,250.0,304.0,4.0,4.0,2.0,76.0,1,12500
Casa, Cachoeira do Bom Jesus,0.0,28.0,1.0,1.0,1.0,28.0,1,2700
Apartamento, Campeche,1626.0,99.0,1.0,2.0,2.0,49.5,1,7000
Casa, Jurerê Internacional,0.0,500.0,7.0,5.0,3.0,100.0,1,40000
Apartamento, Joao Paulo,1400.0,113.0,2.0,3.0,2.0,37.66666666666666,1,6000
Apartamento, Joao Paulo,857.0,80.0,2.0,2.0,1.0,40.0,1,3800
Apartamento, Córrego Grande,730.0,65.0,3.0,2.0,1.0,32.5,1,3300
Apartamento, Agronômica,0.0,20.0,1.0,1.0,1.0,20.0,1,1850
Apartamento, Trindade,350.0,31.0,1.0,1.0,1.0,31.0,1,3000
Apartamento, Itacorubi,1300.0,69.0,2.0,2.0,2.0,34.5,1,3500
Casa,Lagoa da Conceição,0.0,250.0,4.0,3.0,2.0,83.33333333333333,1,18000
Apartamento, Jurerê Internacional,795.0,100.0,2.0,3.0,2.0,33.333333333333336,1,3900
Apartamento, Agronômica,2461.0,237.0,5.0,3.0,3.0,79.0,1,11500
Apartamento, Agronômica,0.0,20.0,1.0,1.0,1.0,20.0,1,2350
Apartamento, Jurerê,0.0,70.0,1.0,1.0,1.0,70.0,1,5000
Apartamento, Centro,1658.0,100.0,3.0,2.0,2.0,50.0,1,10164
Apartamento, Agronômica,0.0,20.0,1.0,1.0,1.0,20.0,1,2350
Apartamento, Beira Mar,3560.0,283.0,4.0,3.0,2.0,94.33333333333331,1,10200
Casa, Jurerê Internacional,0.0,220.0,5.0,3.0,2.0,73.33333333333333,1,12000
Casa, Carvoeira,0.0,50.0,1.0,1.0,1.0,50.0,1,5000
Apartamento, Campeche,479.0,48.0,1.0,1.0,1.0,48.0,1,4000
Casa,Cachoeira do Bom Jesus,640.0,346.0,3.0,4.0,2.0,86.5,1,12000
Apartamento,Centro,1892.0,160.0,4.0,3.0,1.0,53.333333333333336,1,7600
Casa, Balneário,0.0,330.0,2.0,5.0,2.0,66.0,1,13950
Casa, Cacupé,1300.0,388.0,4.0,4.0,1.0,97.0,1,18900
Apartamento,Parque São Jorge,200.0,75.0,2.0,2.0,1.0,37.5,1,5200
Apartamento, Joao Paulo,1830.0,231.0,5.0,3.0,4.0,77.0,1,8000
Apartamento, Jurerê Internacional,300.0,218.0,4.0,4.0,4.0,54.5,1,20000
Casa, Campeche,0.0,65.0,1.0,2.0,1.0,32.5,1,3850
Casa, Rio Tavares,0.0,189.0,2.0,4.0,1.0,47.25,1,6600
Apartamento, Campeche,1570.0,166.0,3.0,3.0,2.0,55.333333333333336,1,15000
Apartamento, Ingleses do Rio Vermelho,0.0,125.0,3.0,5.0,1.0,25.0,1,6700
Casa, Agronômica,0.0,262.0,2.0,4.0,4.0,65.5,1,7000
Apartamento, Agronômica,1356.0,170.0,3.0,3.0,2.0,56.66666666666666,1,15000
Apartamento, Agronômica,1000.0,101.0,3.0,2.0,1.0,50.5,1,10000
Casa, Carianos,0.0,100.0,1.0,2.0,1.0,50.0,1,4000
Apartamento, Campeche,1577.0,95.0,1.0,2.0,1.0,47.5,1,7000
Apartamento, Centro,1700.0,157.0,4.0,3.0,2.0,52.333333333333336,1,7500
Casa, Carianos,0.0,100.0,1.0,2.0,1.0,50.0,1,4000
Casa, Joao Paulo,0.0,240.0,2.0,3.0,2.0,80.0,1,8500
Casa, Cachoeira do Bom Jesus,500.0,387.0,4.0,4.0,4.0,96.75,1,15000
Casa, Campeche,0.0,68.0,1.0,2.0,1.0,34.0,1,3850
Apartamento, Jardim Atlântico,899.0,72.0,2.0,2.0,1.0,36.0,1,5700
Casa, Campeche,0.0,65.0,1.0,2.0,1.0,32.5,1,3850
Apartamento, Centro,1113.0,69.0,3.0,2.0,2.0,34.5,1,6641
Apartamento, Campeche,2000.0,262.0,3.0,2.0,2.0,131.0,1,16000
Casa, Jurerê Internacional,0.0,340.0,5.0,4.0,4.0,85.0,1,20000
Casa, Campeche,0.0,150.0,2.0,2.0,3.0,75.0,1,15000
Apartamento, Pântano do Sul,0.0,35.0,1.0,2.0,1.0,17.5,1,1700
Casa, Jurerê Internacional,0.0,400.0,7.0,6.0,2.0,66.66666666666667,1,30000
Casa, Trindade,0.0,234.0,3.0,2.0,5.0,117.0,1,8000
Apartamento, Itacorubi,1069.0,176.0,3.0,3.0,1.0,58.66666666666666,1,9000
Apartamento, Carvoeira,564.0,50.0,2.0,1.0,1.0,50.0,1,5200
Apartamento,Barra da Lagoa,0.0,70.0,1.0,2.0,1.0,35.0,1,2800
Casa,Santa Mônica,0.0,220.0,3.0,4.0,2.0,55.0,1,13000
Apartamento, Abraão,950.0,90.0,2.0,3.0,1.0,30.0,1,2700
Casa, Estreito,0.0,170.0,3.0,4.0,3.0,42.5,1,8300
Apartamento, Centro,1110.0,74.0,2.0,1.0,1.0,74.0,1,7001
Apartamento, Lagoa da Conceição,2000.0,160.0,3.0,3.0,2.0,53.333333333333336,1,7400
Apartamento, Itacorubi,550.0,73.0,1.0,3.0,1.0,24.33333333333333,1,3550
Apartamento,Lagoa da Conceição,0.0,50.0,1.0,2.0,1.0,25.0,1,2350
Casa, Jurerê Internacional,0.0,600.0,7.0,6.0,1.0,100.0,1,35000
Casa, Campeche,0.0,75.0,1.0,2.0,1.0,37.5,1,5000
Apartamento, Jurerê Internacional,2000.0,149.0,5.0,3.0,2.0,49.66666666666666,1,25000
Casa, Canto,0.0,273.0,3.0,5.0,3.0,54.6,1,9500
Apartamento, Capoeiras,250.0,20.0,1.0,1.0,1.0,20.0,1,1490
Apartamento, Lagoa da Conceição,1780.0,124.0,2.0,3.0,2.0,41.333333333333336,1,4500
Casa, Córrego Grande,1700.0,400.0,5.0,5.0,4.0,80.0,1,17000
Apartamento, Canasvieiras,1575.0,75.0,2.0,2.0,1.0,37.5,1,3500
Casa, Carianos,0.0,200.0,1.0,3.0,3.0,66.66666666666667,1,4600
Apartamento, Carvoeira,564.0,50.0,2.0,1.0,1.0,50.0,1,5200
Kitnet/Conjugado,Carvoeira,0.0,60.0,2.0,1.0,1.0,60.0,1,3200
Casa, Joao Paulo,0.0,350.0,3.0,3.0,2.0,116.66666666666669,1,9000
Casa, Balneário,0.0,330.0,4.0,5.0,5.0,66.0,1,14000
Apartamento, Campeche,850.0,110.0,2.0,3.0,2.0,36.66666666666666,1,9000
Casa, Campeche,600.0,281.0,5.0,4.0,3.0,70.25,1,18000
Casa, Balneário,0.0,335.0,5.0,5.0,5.0,67.0,1,15000
Apartamento,Centro,1300.0,145.0,3.0,3.0,2.0,48.333333333333336,1,7500
Casa, Jurerê Internacional,0.0,315.0,9.0,4.0,3.0,78.75,1,18000
Casa, Coqueiros,350.0,374.0,5.0,3.0,4.0,124.66666666666669,1,12000
Casa, Agronômica,0.0,415.0,5.0,2.0,2.0,207.5,1,19000
Casa, Centro,0.0,327.0,4.0,2.0,2.0,163.5,1,10000
Casa,Centro,0.0,267.0,4.0,5.0,2.0,53.4,1,12000
Apartamento,Centro,2000.0,151.0,2.0,3.0,1.0,50.333333333333336,1,6100
Casa, Rio Tavares,0.0,95.0,1.0,1.0,1.0,95.0,1,3380
Apartamento, Campeche,1514.0,204.0,3.0,3.0,2.0,68.0,1,15000
Casa, Agronômica,0.0,250.0,5.0,3.0,6.0,83.33333333333333,1,16500
Apartamento, Agronômica,2900.0,290.0,4.0,3.0,3.0,96.66666666666669,1,18000
Casa, Jurerê Internacional,0.0,750.0,8.0,6.0,4.0,125.0,1,28000
Casa, Centro,0.0,364.0,5.0,5.0,3.0,72.8,1,9000
Casa, Campeche,0.0,320.0,4.0,3.0,4.0,106.66666666666669,1,15000
Casa,Campeche,0.0,150.0,3.0,2.0,3.0,75.0,1,15000
Apartamento, Abraão,899.0,130.0,3.0,3.0,1.0,43.333333333333336,1,4500
Casa, Saco Grande,789.0,248.0,4.0,4.0,4.0,62.0,1,18900
Apartamento, Centro,650.0,40.0,2.0,1.0,1.0,40.0,1,5400
Apartamento,Jurerê Internacional,0.0,80.0,2.0,3.0,1.0,26.666666666666668,1,7000
Casa,Jurerê Internacional,0.0,450.0,5.0,4.0,4.0,112.5,1,11500
Casa,Córrego Grande,2000.0,389.0,5.0,4.0,4.0,97.25,1,15000
Casa, Agronômica,0.0,262.0,2.0,4.0,4.0,65.5,1,7000
Apartamento, Centro,1760.0,195.0,3.0,3.0,1.0,65.0,1,9500
Casa, Lagoa da Conceição,0.0,660.0,3.0,5.0,1.0,132.0,1,54000
Casa, Jurerê Internacional,0.0,500.0,6.0,5.0,1.0,100.0,1,42000
Apartamento, Centro,1320.0,173.0,4.0,4.0,2.0,43.25,1,6500
Casa, Joao Paulo,0.0,694.0,7.0,5.0,5.0,138.8,1,15000
Apartamento, Jurerê Internacional,1200.0,103.0,4.0,3.0,2.0,34.333333333333336,1,10000
Apartamento, Agronômica,3017.0,267.0,2.0,3.0,3.0,89.0,1,12000
Casa, Vargem do Bom Jesus,0.0,290.0,4.0,3.0,2.0,96.66666666666669,1,10000
Casa,Jurerê Internacional,0.0,550.0,7.0,5.0,4.0,110.0,1,40000
Casa, Agronômica,0.0,292.0,5.0,2.0,1.0,146.0,1,21000
Apartamento, Jurerê Internacional,900.0,147.0,3.0,2.0,2.0,73.5,1,16000
Apartamento, Centro,1088.0,108.0,3.0,2.0,2.0,54.0,1,12157
Casa, Centro,0.0,772.0,6.0,1.0,1.0,772.0,1,60000
Casa, Balneário,0.0,335.0,5.0,5.0,5.0,67.0,1,15000
Casa,Jurerê Internacional,0.0,221.0,5.0,5.0,2.0,44.2,1,18000
Casa, Jurerê Internacional,0.0,1000.0,7.0,5.0,5.0,200.0,1,50000
Casa, Jurerê Internacional,0.0,400.0,6.0,4.0,3.0,100.0,1,35000
Apartamento, Centro,3500.0,251.0,5.0,3.0,4.0,83.66666666666667,1,17000
Casa,Campeche,0.0,305.0,4.0,5.0,4.0,61.0,1,14500
Apartamento,Jurerê Internacional,2500.0,110.0,2.0,3.0,2.0,36.66666666666666,1,18000
Apartamento, Parque São Jorge,1100.0,111.0,2.0,3.0,2.0,37.0,1,9500
Casa, Córrego Grande,1.0,320.0,3.0,4.0,2.0,80.0,1,12000
Apartamento, Centro,360.0,24.0,1.0,1.0,1.0,24.0,1,5006
Apartamento, Campeche,2300.0,153.0,5.0,4.0,2.0,38.25,1,13500
Apartamento, Agronômica,2159.0,171.0,3.0,3.0,3.0,57.0,1,8500
Casa, Jurerê Internacional,0.0,900.0,1.0,8.0,1.0,112.5,1,40000
Casa, Rio Tavares,0.0,250.0,3.0,3.0,2.0,83.33333333333333,1,8500
Apartamento, Itacorubi,750.0,96.0,5.0,3.0,2.0,32.0,1,5600
Casa, Jurerê Internacional,0.0,500.0,6.0,5.0,4.0,100.0,1,45000
Apartamento, Joao Paulo,1100.0,75.0,2.0,2.0,1.0,37.5,1,5300
Casa, Trindade,0.0,250.0,4.0,6.0,2.0,41.66666666666666,1,8500
Kitnet/Conjugado, Trindade,0.0,28.0,1.0,1.0,1.0,28.0,1,1950
Casa, Campeche,0.0,145.0,2.0,3.0,1.0,48.333333333333336,1,6000
Casa, Jurerê Internacional,0.0,700.0,7.0,7.0,1.0,100.0,1,40000
Apartamento, Centro,675.0,42.0,1.0,1.0,1.0,42.0,1,4400
Apartamento, Centro,1545.0,167.0,4.0,3.0,2.0,55.66666666666666,1,20695
Casa, Santo Antônio de Lisboa,0.0,107.0,4.0,3.0,2.0,35.666666666666664,1,8000
Apartamento, Jurerê Internacional,3000.0,150.0,4.0,3.0,2.0,50.0,1,21000
Apartamento, Centro,1450.0,205.0,3.0,3.0,5.0,68.33333333333333,1,15800
Apartamento,Campeche,1100.0,98.0,2.0,3.0,1.0,32.666666666666664,1,5200
Casa, Centro,0.0,267.0,4.0,4.0,3.0,66.75,1,9000
Apartamento, Balneário,824.0,148.0,2.0,2.0,1.0,74.0,1,10900
Apartamento, Beira Mar,2500.0,250.0,4.0,4.0,2.0,62.5,1,9500
Apartamento, Centro,0.0,45.0,1.0,1.0,1.0,45.0,1,3900
Casa,Praia Mole,250.0,224.0,1.0,1.0,1.0,224.0,1,11499
Apartamento, Centro,360.0,24.0,1.0,1.0,1.0,24.0,1,5006
Apartamento, Centro,3870.0,324.0,5.0,4.0,1.0,81.0,1,15000
Apartamento, Ingleses do Rio Vermelho,860.0,120.0,1.0,3.0,1.0,40.0,1,9900
Casa, Joao Paulo,0.0,196.0,2.0,2.0,3.0,98.0,1,8990
Apartamento, Centro,1300.0,112.0,4.0,3.0,1.0,37.333333333333336,1,7500
Apartamento, Centro,360.0,24.0,1.0,1.0,1.0,24.0,1,5006
Casa,Jurerê,0.0,260.0,6.0,5.0,4.0,52.0,1,25000
Casa, Centro,0.0,192.0,2.0,2.0,1.0,96.0,1,17000
Apartamento, Campeche,1000.0,98.0,2.0,3.0,2.0,32.666666666666664,1,9500
Casa, Campeche,0.0,148.0,2.0,2.0,5.0,74.0,1,7000
Apartamento, Itacorubi,972.0,112.0,1.0,2.0,2.0,56.0,1,4400
Casa,Jurerê Internacional,0.0,391.0,5.0,4.0,1.0,97.75,1,20000
Apartamento, Centro,1113.0,70.0,3.0,2.0,2.0,35.0,1,6905
Apartamento, Centro,2072.0,100.0,3.0,2.0,2.0,50.0,1,11635
Casa, Rio Tavares,0.0,109.0,1.0,2.0,1.0,54.5,1,12000
Casa, Jurerê Internacional,0.0,330.0,2.0,4.0,2.0,82.5,1,25300
Apartamento, Centro,1280.0,240.0,5.0,4.0,3.0,60.0,1,12000
Casa, Santa Mônica,0.0,231.0,3.0,2.0,3.0,115.5,1,17000
Apartamento, Beira Mar,4500.0,316.0,5.0,3.0,2.0,105.33333333333331,1,28500
Apartamento, Rio Tavares,300.0,110.0,2.0,3.0,2.0,36.66666666666666,1,4500
Apartamento, Campeche,1267.0,196.0,3.0,3.0,2.0,65.33333333333333,1,13800
Casa, Santo Antônio de Lisboa,0.0,144.0,3.0,3.0,1.0,48.0,1,9500
Casa,Córrego Grande,0.0,210.0,3.0,3.0,3.0,70.0,1,9500
Casa,Jurerê Internacional,0.0,500.0,7.0,6.0,3.0,83.33333333333333,1,16000
Casa, Jurerê Internacional,0.0,537.0,6.0,4.0,5.0,134.25,1,38000
Casa, Joao Paulo,11.0,485.0,4.0,5.0,1.0,97.0,1,17000
Casa, Jurerê Internacional,0.0,315.0,4.0,4.0,3.0,78.75,1,16000
Casa, Joao Paulo,0.0,590.0,6.0,5.0,5.0,118.0,1,15000
Casa, Balneário,0.0,335.0,4.0,5.0,1.0,67.0,1,12000
Casa, Jurerê Internacional,0.0,437.0,6.0,4.0,6.0,109.25,1,40000
Apartamento, Centro,2000.0,119.0,4.0,3.0,3.0,39.66666666666666,1,12000
Casa, Joao Paulo,0.0,600.0,7.0,5.0,1.0,120.0,1,15000
Casa, Centro,1.0,680.0,5.0,2.0,6.0,340.0,1,24900
Casa, Jurerê Internacional,1.0,512.0,8.0,6.0,1.0,85.33333333333333,1,18000
Apartamento, Agronômica,1650.0,167.0,2.0,2.0,1.0,83.5,1,8000
Apartamento, Agronômica,550.0,40.0,1.0,1.0,1.0,40.0,1,4500
Casa, Jurerê Internacional,0.0,400.0,5.0,5.0,4.0,80.0,1,29900
Casa, Centro,0.0,500.0,3.0,3.0,4.0,166.66666666666666,1,7000
Casa, Trindade,1.0,280.0,6.0,2.0,1.0,140.0,1,8500
Casa, Jurerê Internacional,0.0,450.0,5.0,4.0,2.0,112.5,1,17000
Apartamento, Agronômica,3554.0,283.0,4.0,3.0,2.0,94.33333333333331,1,10000
Casa,Jurerê Internacional,0.0,535.0,7.0,4.0,4.0,133.75,1,8500
Casa, Balneário,0.0,335.0,5.0,5.0,5.0,67.0,1,15000
Casa, Lagoa da Conceição,650.0,300.0,3.0,3.0,2.0,100.0,1,15000
Apartamento, Centro,4125.0,324.0,6.0,4.0,4.0,81.0,1,15000
Apartamento, Centro,880.0,76.0,1.0,1.0,1.0,76.0,1,6790
Casa, Jurerê Internacional,2500.0,900.0,9.0,7.0,4.0,128.57142857142858,1,45000
Casa,Itacorubi,0.0,175.0,4.0,3.0,2.0,58.333333333333336,1,12000
Apartamento, Campeche,1064.0,95.0,3.0,3.0,2.0,31.666666666666668,1,12000
Apartamento, Agronômica,1930.0,210.0,5.0,3.0,3.0,70.0,1,29464
Casa,Joao Paulo,0.0,216.0,3.0,4.0,2.0,54.0,1,9500
Casa, Lagoa da Conceição,480.0,300.0,3.0,3.0,2.0,100.0,1,8300
Apartamento, Centro,1050.0,137.0,5.0,3.0,2.0,45.66666666666666,1,15000
Apartamento, Centro,1300.0,113.0,3.0,3.0,1.0,37.66666666666666,1,7500
Apartamento, Agronômica,2160.0,164.0,3.0,3.0,1.0,54.66666666666666,1,7700
Apartamento, Itacorubi,699.0,95.0,2.0,2.0,2.0,47.5,1,8600
Apartamento, Centro,1190.0,211.0,2.0,3.0,2.0,70.33333333333333,1,8500
Casa,Jurerê Internacional,0.0,700.0,6.0,4.0,5.0,175.0,1,33000
Apartamento, Centro,300.0,21.0,1.0,1.0,1.0,21.0,1,2300
Apartamento, Centro,300.0,21.0,1.0,1.0,1.0,21.0,1,2300
Casa, Santo Antônio de Lisboa,0.0,107.0,2.0,3.0,1.0,35.666666666666664,1,8500
Apartamento, Jurerê,1223.0,250.0,3.0,3.0,2.0,83.33333333333333,1,9000
Casa, Itaguaçu,11.0,280.0,5.0,5.0,5.0,56.0,1,13000
Casa, Jurerê Internacional,0.0,1000.0,6.0,4.0,8.0,250.0,1,30000
Apartamento, Centro,300.0,21.0,1.0,1.0,1.0,21.0,1,2300
Apartamento, Campeche,2124.0,247.0,4.0,3.0,2.0,82.33333333333333,1,8000
Casa,Lagoa da Conceição,0.0,180.0,2.0,3.0,3.0,60.0,1,10500
Casa,Jurerê Internacional,0.0,368.0,4.0,4.0,4.0,92.0,1,28000
Casa, Cacupé,1699.0,375.0,5.0,6.0,6.0,62.5,1,16000
Casa, Coqueiros,0.0,173.0,2.0,3.0,1.0,57.66666666666666,1,6900
Casa,Jurerê Internacional,0.0,500.0,8.0,7.0,8.0,71.42857142857143,1,35000
Casa,Itaguaçu,0.0,233.0,4.0,4.0,5.0,58.25,1,8500
Apartamento, Centro,360.0,22.0,1.0,1.0,1.0,22.0,1,5006
Casa, Centro,0.0,267.0,4.0,5.0,2.0,53.4,1,12000
Casa, Estreito,0.0,420.0,1.0,2.0,1.0,210.0,1,15000
Casa, Itaguaçu,0.0,234.0,3.0,2.0,2.0,117.0,1,13000
Casa, Jurerê Internacional,5.0,436.0,5.0,4.0,6.0,109.0,1,39900
Casa,Jurerê Internacional,0.0,500.0,7.0,5.0,5.0,100.0,1,40000
Casa, Campeche,0.0,150.0,1.0,3.0,2.0,50.0,1,9000
Apartamento, Agronômica,2173.0,206.0,5.0,4.0,2.0,51.5,1,6700
Casa, Joao Paulo,0.0,486.0,4.0,5.0,4.0,97.2,1,17000
Casa, Jurerê Internacional,0.0,400.0,4.0,4.0,4.0,100.0,1,20000
Apartamento, Campeche,1000.0,115.0,3.0,3.0,1.0,38.333333333333336,1,8000
Apartamento, Beira Mar,2700.0,138.0,3.0,2.0,1.0,69.0,1,4500
Casa, Córrego Grande,0.0,238.0,1.0,5.0,4.0,47.6,1,13000
Casa, Joao Paulo,0.0,416.0,4.0,3.0,6.0,138.66666666666666,1,22000
Casa, Centro,0.0,245.0,1.0,2.0,1.0,122.5,1,9500
Apartamento, Campeche,775.0,30.0,1.0,1.0,1.0,30.0,1,3700
Casa, Santa Mônica,0.0,698.0,7.0,5.0,6.0,139.6,1,22000
Apartamento, Beira Mar,3025.0,316.0,5.0,3.0,1.0,105.33333333333331,1,23000
Casa, Santo Antônio de Lisboa,0.0,131.0,2.0,3.0,1.0,43.66666666666666,1,8500
Apartamento, Agronômica,2000.0,287.0,5.0,4.0,2.0,71.75,1,6720
Apartamento, Agronômica,3554.0,283.0,5.0,4.0,2.0,70.75,1,8000
Apartamento,Centro,850.0,112.0,2.0,3.0,1.0,37.333333333333336,1,3500
Casa, Rio Tavares,2135.0,340.0,5.0,4.0,2.0,85.0,1,25000
Casa, Jurerê Internacional,0.0,787.0,7.0,5.0,6.0,157.4,1,35000
Apartamento, Jardim Atlântico,696.0,66.0,2.0,2.0,1.0,33.0,1,5700
Casa, Jardim Atlântico,0.0,420.0,6.0,6.0,1.0,70.0,1,20000
Apartamento, Centro,1769.0,131.0,2.0,3.0,2.0,43.66666666666666,1,15756
Casa, Rio Tavares,2350.0,350.0,4.0,3.0,2.0,116.66666666666669,1,25000
Apartamento, Centro,850.0,113.0,2.0,3.0,1.0,37.66666666666666,1,7590
Casa, Campeche,0.0,180.0,3.0,2.0,1.0,90.0,1,8000
Casa, Lagoa da Conceição,350.0,293.0,5.0,4.0,4.0,73.25,1,10000
Apartamento, Centro,2100.0,96.0,3.0,3.0,1.0,32.0,1,2800
Apartamento, Ingleses do Rio Vermelho,0.0,130.0,2.0,2.0,2.0,65.0,1,11000
Casa, Lagoa da Conceição,0.0,660.0,8.0,5.0,1.0,132.0,1,54000
Casa, Jurerê Internacional,0.0,380.0,6.0,4.0,4.0,95.0,1,25000
Apartamento, Carvoeira,550.0,50.0,1.0,1.0,1.0,50.0,1,3000
Apartamento, Centro,1521.0,167.0,4.0,3.0,2.0,55.66666666666666,1,20012
Apartamento, Canto,515.0,60.0,2.0,2.0,1.0,30.0,1,3400
Casa,Jurerê,0.0,437.0,4.0,4.0,6.0,109.25,1,40000
Casa, Jurerê Internacional,0.0,600.0,7.0,4.0,4.0,150.0,1,28000
Casa, Cacupé,6200.0,1700.0,7.0,4.0,4.0,425.0,1,40000
Casa, Itacorubi,0.0,338.0,3.0,4.0,3.0,84.5,1,9500
Apartamento, Abraão,1200.0,169.0,3.0,2.0,4.0,84.5,1,9800
Apartamento, Agronômica,1425.0,115.0,4.0,3.0,2.0,38.333333333333336,1,7700
Casa, Santa Mônica,0.0,700.0,7.0,5.0,6.0,140.0,1,22000
Casa,Jurerê,0.0,700.0,8.0,6.0,4.0,116.66666666666669,1,28000
Casa, Joao Paulo,0.0,120.0,2.0,4.0,3.0,30.0,1,9500
Apartamento, Campeche,2124.0,246.0,4.0,3.0,2.0,82.0,1,8000
Apartamento,Centro,2700.0,138.0,3.0,2.0,1.0,69.0,1,4500
Casa, Abraão,0.0,600.0,6.0,4.0,4.0,150.0,1,32000
Casa, Jurerê Internacional,0.0,790.0,7.0,6.0,1.0,131.66666666666666,1,60000
Apartamento, Carvoeira,470.0,55.0,2.0,1.0,1.0,55.0,1,5200
Apartamento,Agronômica,1650.0,167.0,3.0,2.0,2.0,83.5,1,7500
Casa, Agronômica,0.0,260.0,2.0,4.0,1.0,65.0,1,4500
Casa,Jurerê Internacional,0.0,320.0,4.0,5.0,4.0,64.0,1,25000
Apartamento, Agronômica,1930.0,199.0,5.0,3.0,3.0,66.33333333333333,1,27312
Casa, Jurerê Internacional,0.0,800.0,7.0,6.0,4.0,133.33333333333334,1,55000
Casa,Jurerê Internacional,0.0,600.0,5.0,4.0,2.0,150.0,1,20000
Casa, Lagoa da Conceição,0.0,221.0,3.0,3.0,2.0,73.66666666666667,1,20000
Casa, Lagoa da Conceição,0.0,180.0,3.0,3.0,1.0,60.0,1,10000
Apartamento, Centro,1890.0,154.0,3.0,3.0,2.0,51.333333333333336,1,7600
Apartamento, Agronômica,2440.0,248.0,5.0,3.0,3.0,82.66666666666667,1,26648
Apartamento,Centro,1000.0,113.0,3.0,3.0,1.0,37.66666666666666,1,7500
Casa, Rio Tavares,0.0,65.0,2.0,2.0,1.0,32.5,1,10000
Apartamento, Canasvieiras,2100.0,110.0,1.0,1.0,2.0,110.0,1,7430
Casa, Cacupé,1.0,230.0,3.0,3.0,2.0,76.66666666666667,1,14000
Casa, Ribeirão da Ilha,0.0,190.0,3.0,3.0,3.0,63.333333333333336,1,8000
Apartamento, Campeche,1000.0,92.0,2.0,3.0,1.0,30.666666666666668,1,8000
Apartamento, Capoeiras,600.0,105.0,2.0,4.0,2.0,26.25,1,4600
Casa, Joao Paulo,0.0,416.0,4.0,3.0,6.0,138.66666666666666,1,22000
Casa,Jurerê Internacional,0.0,450.0,6.0,5.0,2.0,90.0,1,15000
Casa, Joao Paulo,0.0,216.0,3.0,4.0,2.0,54.0,1,9500
Casa,Jurerê Internacional,0.0,800.0,8.0,7.0,4.0,114.28571428571428,1,35000
Apartamento, Agronômica,1700.0,171.0,2.0,3.0,2.0,57.0,1,8500
Casa, Porto da Lagoa,0.0,250.0,3.0,4.0,8.0,62.5,1,9060
Casa, Santo Antônio de Lisboa,0.0,430.0,6.0,4.0,6.0,107.5,1,18000
Casa,Jurerê,0.0,600.0,6.0,4.0,4.0,150.0,1,25000
Casa, Joao Paulo,0.0,416.0,4.0,3.0,6.0,138.66666666666666,1,22000
Apartamento, Cachoeira do Bom Jesus,2900.0,254.0,6.0,4.0,3.0,63.5,1,13500
Casa, Campeche,0.0,254.0,2.0,4.0,1.0,63.5,1,8500
Casa,Lagoa da Conceição,0.0,270.0,3.0,4.0,2.0,67.5,1,15000
Casa, Campeche,0.0,305.0,5.0,5.0,4.0,61.0,1,15500
Casa, Lagoa da Conceição,0.0,250.0,4.0,3.0,2.0,83.33333333333333,1,23000
Apartamento, Centro,3870.0,324.0,6.0,4.0,4.0,81.0,1,17800
Casa, Campeche,0.0,150.0,1.0,3.0,2.0,50.0,1,9000
Casa, Ribeirão da Ilha,1.0,280.0,2.0,4.0,2.0,70.0,1,8000
Apartamento, Centro,2000.0,220.0,4.0,3.0,2.0,73.33333333333333,1,7800
Casa, Campeche,0.0,320.0,4.0,3.0,4.0,106.66666666666669,1,15000
Casa, Rio Tavares,0.0,200.0,4.0,4.0,3.0,50.0,1,8900
Casa, Itacorubi,0.0,338.0,2.0,4.0,3.0,84.5,1,10000
Casa, Joao Paulo,0.0,489.0,1.0,4.0,6.0,122.25,1,17000
Casa, Campeche,0.0,320.0,4.0,3.0,4.0,106.66666666666669,1,15000
Apartamento, Agronômica,1215.0,131.0,5.0,3.0,2.0,43.66666666666666,1,14102
Casa, Santa Mônica,0.0,713.0,2.0,4.0,4.0,178.25,1,27000
Casa, Agronômica,0.0,258.0,4.0,2.0,3.0,129.0,1,22000
Casa, Centro,0.0,257.0,3.0,8.0,2.0,32.125,1,12000
Casa, Balneário,0.0,432.0,5.0,5.0,5.0,86.4,1,14000
Casa,Jurerê Internacional,0.0,266.0,4.0,4.0,2.0,66.5,1,15000
Casa, Itacorubi,0.0,200.0,2.0,3.0,2.0,66.66666666666667,1,9450
Casa, Coqueiros,0.0,310.0,1.0,4.0,6.0,77.5,1,15900
Casa, Jardim Atlântico,0.0,340.0,7.0,6.0,6.0,56.66666666666666,1,25000
Apartamento, Agronômica,1222.0,131.0,5.0,3.0,2.0,43.66666666666666,1,12875
Casa, Itacorubi,0.0,338.0,2.0,4.0,3.0,84.5,1,9500
Casa, Beira Mar,0.0,330.0,5.0,2.0,4.0,165.0,1,22000
Casa, Campeche,0.0,150.0,1.0,3.0,2.0,50.0,1,9000
Apartamento, Campeche,1100.0,100.0,3.0,2.0,1.0,50.0,1,8000
Casa,Itaguaçu,0.0,233.0,1.0,1.0,5.0,233.0,1,8500
Casa, Jurerê Internacional,0.0,413.0,6.0,6.0,4.0,68.83333333333333,1,18000
Casa, Rio Tavares,320.0,250.0,3.0,4.0,2.0,62.5,1,8500
Casa, Lagoa da Conceição,0.0,250.0,8.0,5.0,2.0,50.0,1,20000
Casa, Lagoa da Conceição,1.0,260.0,3.0,3.0,4.0,86.66666666666667,1,8900
Apartamento, Centro,1100.0,77.0,3.0,2.0,1.0,38.5,1,7813
Casa, Campeche,0.0,305.0,9.0,5.0,4.0,61.0,1,14500
Casa, Canto,0.0,429.0,4.0,4.0,6.0,107.25,1,15000
Apartamento, Centro,2174.0,196.0,6.0,2.0,2.0,98.0,1,7800
Casa, Joao Paulo,330.0,600.0,6.0,5.0,5.0,120.0,1,15000
Casa, Campeche,1920.0,438.0,5.0,3.0,2.0,146.0,1,20000
Casa,Jurerê Internacional,0.0,513.0,6.0,5.0,4.0,102.6,1,55000
Apartamento, Itacorubi,2098.0,249.0,1.0,2.0,2.0,124.5,1,12500
Casa, Jurerê Internacional,0.0,315.0,4.0,4.0,3.0,78.75,1,16000
Casa, Jurerê Internacional,0.0,650.0,6.0,4.0,1.0,162.5,1,38000
Casa, Joao Paulo,0.0,720.0,7.0,5.0,8.0,144.0,1,15000
Apartamento, Centro,2174.0,145.0,6.0,2.0,1.0,72.5,1,7800
Casa,Jurerê Internacional,3000.0,900.0,9.0,7.0,4.0,128.57142857142858,1,48000
Casa, Jurerê,0.0,436.0,6.0,4.0,6.0,109.0,1,40000
Casa,Jurerê Internacional,0.0,413.0,3.0,4.0,4.0,103.25,1,18000
Casa, Santa Mônica,0.0,240.0,4.0,4.0,2.0,60.0,1,8500
Apartamento, Carvoeira,800.0,55.0,1.0,1.0,1.0,55.0,1,4800
Apartamento, Abraão,692.0,241.0,3.0,4.0,1.0,60.25,1,8800
Apartamento, Centro,1700.0,194.0,3.0,3.0,2.0,64.66666666666667,1,8700
Casa, Santa Mônica,2400.0,336.0,6.0,3.0,2.0,112.0,1,20000
Casa, Lagoa da Conceição,0.0,260.0,1.0,3.0,1.0,86.66666666666667,1,17000
Casa, Estreito,0.0,500.0,1.0,2.0,1.0,250.0,1,10500
Apartamento, Agronômica,4000.0,400.0,6.0,4.0,3.0,100.0,1,38500
Apartamento, Carvoeira,800.0,55.0,1.0,1.0,1.0,55.0,1,4800
Casa,Jurerê Internacional,0.0,800.0,9.0,7.0,5.0,114.28571428571428,1,45000
Casa, Jardim Atlântico,0.0,420.0,2.0,6.0,1.0,70.0,1,25000
Casa,Jurerê Internacional,0.0,330.0,4.0,4.0,2.0,82.5,1,22000
Casa,Jurerê Internacional,0.0,350.0,4.0,4.0,2.0,87.5,1,20000
Casa, Jurerê Internacional,2000.0,700.0,7.0,5.0,4.0,140.0,1,50000
Apartamento, Centro,1184.0,80.0,3.0,2.0,1.0,40.0,1,8940
Casa, Joao Paulo,330.0,600.0,6.0,5.0,5.0,120.0,1,15000
Apartamento, Centro,1097.0,69.0,3.0,2.0,2.0,34.5,1,7950
Casa, Jardim Atlântico,0.0,420.0,6.0,6.0,1.0,70.0,1,25000
Casa, Centro,0.0,540.0,5.0,4.0,5.0,135.0,1,15000
Casa,Jurerê Internacional,0.0,400.0,4.0,4.0,1.0,100.0,1,21000
Apartamento, Saco dos Limões,175.0,40.0,1.0,1.0,1.0,40.0,1,9000
Apartamento, Centro,2000.0,247.0,4.0,3.0,1.0,82.33333333333333,1,5000
Apartamento,Centro,4079.0,307.0,4.0,4.0,1.0,76.75,1,14999
Apartamento, Centro,2000.0,110.0,1.0,3.0,3.0,36.66666666666666,1,12500
Apartamento, Jurerê,0.0,80.0,3.0,2.0,1.0,40.0,1,9800
Casa, Joao Paulo,0.0,750.0,1.0,5.0,8.0,150.0,1,25000
Casa, Joao Paulo,2300.0,465.0,4.0,4.0,2.0,116.25,1,25000
Apartamento, Centro,1658.0,100.0,3.0,2.0,2.0,50.0,1,10164
Casa, Jurerê Internacional,0.0,670.0,8.0,5.0,6.0,134.0,1,27000
Apartamento, Agronômica,2855.0,310.0,5.0,4.0,3.0,77.5,1,33136
Apartamento, Centro,1062.0,108.0,3.0,2.0,2.0,54.0,1,10856
Casa, Rio Tavares,2000.0,350.0,4.0,3.0,2.0,116.66666666666669,1,27500
Apartamento, Beira Mar,4200.0,315.0,4.0,3.0,1.0,105.0,1,28000
Apartamento, Centro,1062.0,108.0,3.0,2.0,2.0,54.0,1,10982
Apartamento, Centro,1062.0,108.0,3.0,2.0,2.0,54.0,1,10730
Casa, Cacupé,6000.0,1000.0,9.0,8.0,4.0,125.0,1,30000
Casa, Joao Paulo,330.0,600.0,6.0,5.0,5.0,120.0,1,15000
Apartamento,Agronômica,2958.0,398.0,5.0,5.0,2.0,79.6,1,9500
Casa, Campeche,950.0,400.0,4.0,4.0,2.0,100.0,1,22000
Apartamento, Cachoeira do Bom Jesus,0.0,254.0,6.0,4.0,3.0,63.5,1,10000
Casa, Santa Mônica,0.0,320.0,3.0,4.0,2.0,80.0,1,12000
Apartamento, Beira Mar,3900.0,316.0,6.0,4.0,3.0,79.0,1,24000
Apartamento, Centro,4500.0,297.0,4.0,4.0,3.0,74.25,1,6200
Apartamento, Jurerê Internacional,650.0,90.0,3.0,2.0,2.0,45.0,1,5000
Apartamento, Ingleses Norte,550.0,100.0,2.0,3.0,1.0,33.333333333333336,1,4950
Apartamento,Cachoeira do Bom Jesus,470.0,65.0,1.0,1.0,1.0,65.0,1,1690
Apartamento,Trindade,350.0,30.0,1.0,1.0,1.0,30.0,1,2600
Casa, Jurerê Internacional,2000.0,700.0,8.0,7.0,5.0,100.0,1,38500
Casa, Jurerê Internacional,50.0,220.0,4.0,3.0,4.0,73.33333333333333,1,16000
Casa,Ingleses do Rio Vermelho,0.0,80.0,4.0,3.0,1.0,26.666666666666668,1,2800
Casa, Jurerê Internacional,0.0,400.0,5.0,3.0,3.0,133.33333333333334,1,22500
Apartamento, Jurerê Internacional,900.0,135.0,4.0,3.0,2.0,45.0,1,12500
Casa, Cacupé,0.0,280.0,3.0,4.0,4.0,70.0,1,6600
Apartamento, Centro,1430.0,132.0,3.0,4.0,1.0,33.0,1,4200
Apartamento, Ingleses do Rio Vermelho,0.0,55.0,1.0,1.0,1.0,55.0,1,3200
Apartamento, Centro,1200.0,100.0,2.0,3.0,1.0,33.333333333333336,1,7500
Apartamento, Centro,400.0,156.0,3.0,3.0,1.0,52.0,1,3400
Apartamento, Centro,300.0,21.0,1.0,1.0,1.0,21.0,1,2000
Apartamento,Carvoeira,378.0,35.0,1.0,1.0,1.0,35.0,1,3150
Apartamento, Campeche,685.0,77.0,2.0,3.0,1.0,25.666666666666668,1,5750
Apartamento, Carvoeira,537.0,89.0,3.0,3.0,2.0,29.666666666666668,1,2750
Apartamento, Itacorubi,850.0,93.0,3.0,3.0,1.0,31.0,1,3500
Casa, Jurerê Internacional,0.0,450.0,6.0,4.0,3.0,112.5,1,20000
Apartamento, Lagoa da Conceição,1200.0,188.0,4.0,4.0,3.0,47.0,1,8800
Casa,Santo Antônio de Lisboa,0.0,107.0,3.0,3.0,1.0,35.666666666666664,1,8500
Casa, Jardim Atlântico,0.0,120.0,1.0,4.0,5.0,30.0,1,16000
Casa, Lagoa da Conceição,650.0,300.0,3.0,3.0,2.0,100.0,1,15000
Casa, Itaguaçu,0.0,520.0,1.0,6.0,4.0,86.66666666666667,1,10000
Casa,Jurerê Internacional,2000.0,800.0,9.0,5.0,4.0,160.0,1,50000
Casa, Córrego Grande,0.0,800.0,6.0,4.0,6.0,200.0,1,28000
Apartamento, Campeche,880.0,101.0,1.0,2.0,1.0,50.5,1,9000
Casa, Lagoa da Conceição,1528.0,196.0,3.0,3.0,2.0,65.33333333333333,1,16000
Apartamento, Centro,0.0,500.0,3.0,4.0,2.0,125.0,1,7000
Casa,Abraão,0.0,350.0,4.0,5.0,2.0,70.0,1,12000
Apartamento, Campeche,2454.0,290.0,5.0,5.0,4.0,58.0,1,35000
Apartamento, Centro,0.0,60.0,1.0,1.0,1.0,60.0,1,6790
Casa, Campeche,1900.0,438.0,1.0,3.0,1.0,146.0,1,20000
Casa, Campeche,0.0,138.0,3.0,3.0,1.0,46.0,1,12500
Casa,Jurerê Internacional,0.0,1000.0,8.0,6.0,5.0,166.66666666666666,1,55000
Casa, Coqueiros,0.0,200.0,1.0,3.0,5.0,66.66666666666667,1,9500
Casa, Santa Mônica,0.0,252.0,4.0,5.0,6.0,50.4,1,22000
Casa, Centro,0.0,596.0,6.0,2.0,1.0,298.0,1,25000
Casa, Abraão,0.0,450.0,4.0,5.0,2.0,90.0,1,10000
Apartamento, Centro,2090.0,280.0,4.0,3.0,1.0,93.33333333333331,1,9000
Casa, Centro,0.0,772.0,5.0,2.0,1.0,386.0,1,60000
Casa, Jurerê Internacional,4300.0,1103.0,9.0,9.0,4.0,122.55555555555556,1,67000
Apartamento, Centro,1800.0,190.0,2.0,3.0,1.0,63.333333333333336,1,9000
Casa, Lagoa da Conceição,650.0,300.0,3.0,3.0,2.0,100.0,1,15000
Casa,Jurerê Internacional,0.0,480.0,5.0,5.0,4.0,96.0,1,22000
Apartamento, Centro,1184.0,80.0,3.0,2.0,2.0,40.0,1,8940
Casa, Centro,1.0,772.0,3.0,3.0,1.0,257.3333333333333,1,60000
Casa, Jurerê Internacional,0.0,480.0,7.0,5.0,4.0,96.0,1,25000
Casa, Joao Paulo,2084.0,465.0,2.0,5.0,2.0,93.0,1,23500
Apartamento, Agronômica,2440.0,248.0,5.0,3.0,3.0,82.66666666666667,1,26648
Casa, Santo Antônio de Lisboa,0.0,450.0,6.0,4.0,2.0,112.5,1,23000
Casa, Campeche,0.0,180.0,2.0,3.0,2.0,60.0,1,11000
Casa,Campeche,0.0,472.0,2.0,4.0,2.0,118.0,1,9800
Apartamento, Agronômica,1450.0,143.0,4.0,4.0,2.0,35.75,1,9000
Apartamento, Centro,4500.0,297.0,4.0,4.0,3.0,74.25,1,6300
Casa,Jurerê Internacional,0.0,455.0,5.0,4.0,4.0,113.75,1,22000
Apartamento,Centro,2300.0,237.0,5.0,3.0,3.0,79.0,1,11500
Apartamento, Centro,1062.0,108.0,2.0,2.0,1.0,54.0,1,11896
Casa, Abraão,0.0,846.0,9.0,9.0,2.0,94.0,1,10000
Apartamento, Campeche,873.0,101.0,1.0,2.0,1.0,50.5,1,8000
Apartamento, Campeche,880.0,101.0,1.0,2.0,1.0,50.5,1,8000
Casa, Lagoa da Conceição,0.0,1000.0,4.0,5.0,5.0,200.0,1,25000
Casa, Jurerê Internacional,0.0,450.0,8.0,7.0,5.0,64.28571428571429,1,16500
Casa, Lagoa da Conceição,0.0,1000.0,4.0,5.0,5.0,200.0,1,25000
Casa, Centro,0.0,536.0,4.0,4.0,4.0,134.0,1,25000
Casa, Centro,1.0,772.0,3.0,3.0,1.0,257.3333333333333,1,60000
Apartamento, Campeche,1055.0,80.0,3.0,3.0,2.0,26.666666666666668,1,12000
Casa,Lagoa da Conceição,0.0,180.0,3.0,3.0,2.0,60.0,1,10500
Casa, Centro,0.0,536.0,4.0,4.0,4.0,134.0,1,21000
Casa, Lagoa da Conceição,0.0,250.0,2.0,4.0,1.0,62.5,1,19000
Apartamento, Campeche,873.0,101.0,1.0,2.0,1.0,50.5,1,8000
Casa, Cacupé,1702.0,528.0,6.0,4.0,4.0,132.0,1,15800
Casa, Jurerê Internacional,2800.0,783.0,1.0,7.0,8.0,111.85714285714286,1,40000
Apartamento, Agronômica,2487.0,330.0,1.0,3.0,4.0,110.0,1,16000
Apartamento, Centro,1088.0,108.0,3.0,2.0,2.0,54.0,1,12517
Casa, Santa Mônica,0.0,750.0,4.0,5.0,6.0,150.0,1,22000
Casa, Cacupé,1300.0,388.0,4.0,4.0,2.0,97.0,1,20000
Casa, Santo Antônio de Lisboa,0.0,450.0,6.0,4.0,2.0,112.5,1,23000
Casa, Cacupé,6000.0,1600.0,9.0,6.0,4.0,266.6666666666667,1,60000
Casa, Campeche,0.0,400.0,3.0,6.0,5.0,66.66666666666667,1,12000
Casa, Jurerê,0.0,436.0,5.0,5.0,6.0,87.2,1,40000
Apartamento, Campeche,2124.0,487.0,4.0,3.0,2.0,162.33333333333334,1,8000
Casa, Campeche,0.0,158.0,3.0,3.0,2.0,52.66666666666666,1,9500
Casa, Jurerê,0.0,436.0,5.0,5.0,6.0,87.2,1,40000
Casa, Centro,0.0,680.0,5.0,2.0,1.0,340.0,1,29000
Casa, Campeche,0.0,134.0,3.0,3.0,2.0,44.66666666666666,1,11500
Apartamento, Agronômica,3800.0,315.0,4.0,3.0,3.0,105.0,1,27800
Casa, Centro,1.0,772.0,3.0,3.0,1.0,257.3333333333333,1,60000
Apartamento, Centro,3500.0,251.0,5.0,3.0,4.0,83.66666666666667,1,17000
Casa, Agronômica,0.0,700.0,4.0,6.0,4.0,116.66666666666669,1,15000
Apartamento, Centro,0.0,79.0,3.0,2.0,2.0,39.5,1,8940
Casa, Morro das Pedras,0.0,167.0,2.0,3.0,5.0,55.66666666666666,1,10000
Casa, Santa Mônica,0.0,700.0,7.0,2.0,4.0,350.0,1,22000
Apartamento, Centro,1893.0,158.0,2.0,3.0,1.0,52.66666666666666,1,7600
Casa, Joao Paulo,2100.0,467.0,4.0,5.0,4.0,93.4,1,25000
Apartamento, Centro,0.0,500.0,3.0,4.0,2.0,125.0,1,12000
Casa, Itacorubi,0.0,420.0,4.0,2.0,1.0,210.0,1,35000
Casa,Jurerê Internacional,0.0,600.0,6.0,5.0,4.0,120.0,1,28000
Apartamento, Agronômica,3700.0,296.0,1.0,4.0,2.0,74.0,1,15000
Casa, Jurerê,0.0,436.0,5.0,5.0,6.0,87.2,1,40000
Casa, Balneário,0.0,350.0,5.0,4.0,1.0,87.5,1,20000
Casa, Lagoa da Conceição,0.0,1000.0,4.0,5.0,5.0,200.0,1,25000
Casa, Jurerê Internacional,0.0,500.0,6.0,5.0,2.0,100.0,1,30000
Casa,Jurerê,0.0,613.0,6.0,5.0,5.0,122.6,1,40000
Apartamento, Centro,880.0,60.0,1.0,1.0,1.0,60.0,1,6790
Apartamento,Agronômica,3672.0,316.0,6.0,4.0,4.0,79.0,1,30999
Casa, Rio Tavares,0.0,225.0,2.0,3.0,2.0,75.0,1,10000
Casa, Ribeirão da Ilha,0.0,500.0,4.0,7.0,8.0,71.42857142857143,1,40000
Casa, Lagoa da Conceição,600.0,220.0,3.0,4.0,6.0,55.0,1,17900
Casa,Jurerê Internacional,0.0,436.0,9.0,7.0,6.0,62.285714285714285,1,30000
Apartamento, Centro,0.0,68.0,2.0,2.0,2.0,34.0,1,6641
Casa, Santa Mônica,0.0,700.0,1.0,5.0,8.0,140.0,1,22000
Apartamento, Centro,0.0,70.0,3.0,2.0,2.0,35.0,1,6905
Apartamento, Agronômica,1547.0,186.0,3.0,3.0,2.0,62.0,1,12000
Apartamento, Canasvieiras,1000.0,212.0,2.0,3.0,3.0,70.66666666666667,1,11000
Casa,Jurerê Internacional,0.0,436.0,9.0,7.0,6.0,62.285714285714285,1,10000
Casa, Morro das Pedras,2400.0,580.0,5.0,4.0,1.0,145.0,1,17500
Casa, Santa Mônica,0.0,750.0,4.0,5.0,6.0,150.0,1,22000
Casa,Jurerê,0.0,450.0,7.0,7.0,8.0,64.28571428571429,1,8000
Casa, Cacupé,6000.0,1228.0,5.0,5.0,8.0,245.6,1,40000
Apartamento, Centro,1521.0,167.0,4.0,3.0,2.0,55.66666666666666,1,20012
Apartamento, Morro das Pedras,2000.0,215.0,3.0,2.0,2.0,107.5,1,15000
Apartamento, Centro,1520.0,167.0,4.0,3.0,2.0,55.66666666666666,1,19511
Apartamento, Centro,1514.0,167.0,4.0,3.0,2.0,55.66666666666666,1,19182
Apartamento, Centro,926.0,77.0,3.0,2.0,1.0,38.5,1,7813
Apartamento, Centro,1516.0,167.0,5.0,3.0,2.0,55.66666666666666,1,18748
Apartamento, Beira Mar,985.0,112.0,2.0,2.0,2.0,56.0,1,4650
Apartamento, Campeche,636.0,65.0,2.0,2.0,1.0,32.5,1,4200
Casa, Agronômica,0.0,230.0,3.0,4.0,1.0,57.5,1,16000
Casa, Cacupé,1150.0,656.0,8.0,5.0,4.0,131.2,1,29000
Apartamento, Carvoeira,480.0,37.0,1.0,1.0,1.0,37.0,1,2800
Apartamento, Coloninha,500.0,48.0,1.0,1.0,1.0,48.0,1,2950
Apartamento, Abraão,891.0,96.0,3.0,3.0,2.0,32.0,1,4500
Apartamento, Saco Grande,714.0,99.0,2.0,3.0,1.0,33.0,1,4500
Apartamento, Centro,1493.0,167.0,4.0,3.0,2.0,55.66666666666666,1,20361
Apartamento,Campeche,700.0,70.0,1.0,2.0,2.0,35.0,1,5800
Casa, Campeche,0.0,110.0,3.0,3.0,2.0,36.66666666666666,1,6000
Casa,Cachoeira do Bom Jesus,0.0,169.0,4.0,3.0,2.0,56.333333333333336,1,7700
Apartamento, Estreito,0.0,87.0,3.0,3.0,1.0,29.0,1,3900
Casa,Coqueiros,0.0,200.0,3.0,4.0,1.0,50.0,1,7000
Apartamento, Centro,1247.0,104.0,3.0,3.0,2.0,34.666666666666664,1,3900
Casa, Trindade,0.0,251.0,3.0,6.0,2.0,41.833333333333336,1,8000
Casa, Santa Mônica,1.0,800.0,8.0,4.0,4.0,200.0,1,30000
Casa, Campeche,0.0,140.0,3.0,3.0,2.0,46.66666666666666,1,5500
Apartamento, Centro,1232.0,90.0,3.0,2.0,2.0,45.0,1,9353
Apartamento, Jurerê,1500.0,166.0,2.0,3.0,1.0,55.333333333333336,1,14000
Casa, Rio Tavares,0.0,250.0,3.0,3.0,2.0,83.33333333333333,1,8500
Apartamento, Carvoeira,300.0,45.0,1.0,1.0,1.0,45.0,1,2150
Apartamento, Centro,600.0,56.0,1.0,2.0,1.0,28.0,1,3200
Apartamento,Itacorubi,540.0,53.0,1.0,1.0,1.0,53.0,1,3500
Apartamento,Centro,0.0,30.0,1.0,1.0,1.0,30.0,1,5108
Flat, Cachoeira do Bom Jesus,0.0,94.0,1.0,1.0,1.0,94.0,1,2750
Apartamento, Centro,990.0,74.0,3.0,2.0,1.0,37.0,1,4200
Casa, Sambaqui,0.0,100.0,1.0,3.0,2.0,33.333333333333336,1,5280
Apartamento, Rio Tavares,430.0,100.0,2.0,3.0,2.0,33.333333333333336,1,4500
Apartamento, Trindade,420.0,89.0,1.0,3.0,1.0,29.666666666666668,1,3100
Apartamento, Agronômica,560.0,70.0,3.0,2.0,2.0,35.0,1,4500
Apartamento, Centro,1.0,226.0,3.0,3.0,2.0,75.33333333333333,1,7000
Apartamento,Centro,1292.0,157.0,2.0,3.0,1.0,52.333333333333336,1,5000
Apartamento, Centro,750.0,75.0,2.0,2.0,1.0,37.5,1,4800
Casa, Centro,0.0,268.0,3.0,4.0,3.0,67.0,1,9500
Casa, Campeche,0.0,420.0,5.0,5.0,5.0,84.0,1,15000
Casa, Monte Verde,0.0,160.0,1.0,3.0,5.0,53.333333333333336,1,5200
Apartamento, Centro,1514.0,167.0,4.0,3.0,2.0,55.66666666666666,1,19182
Casa, Santa Mônica,1.0,800.0,8.0,4.0,4.0,200.0,1,30000
Casa, Coqueiros,0.0,202.0,3.0,2.0,1.0,101.0,1,7500
Flat, Ribeirão da Ilha,0.0,75.0,1.0,2.0,1.0,37.5,1,2400
Casa, Morro das Pedras,0.0,167.0,2.0,2.0,1.0,83.5,1,10000
Casa, Centro,0.0,267.0,4.0,5.0,2.0,53.4,1,8850
Apartamento, Centro,806.0,76.0,2.0,2.0,1.0,38.0,1,3600
Apartamento, Centro,1268.0,98.0,3.0,3.0,1.0,32.666666666666664,1,4000
Apartamento, Rio Tavares,250.0,40.0,1.0,1.0,1.0,40.0,1,2100
Apartamento, Carvoeira,665.0,86.0,1.0,3.0,1.0,28.666666666666668,1,2800
Apartamento, Ingleses do Rio Vermelho,400.0,127.0,2.0,2.0,1.0,63.5,1,4750
Casa, Pantanal,0.0,75.0,1.0,3.0,1.0,25.0,1,3390
Casa,Centro,0.0,405.0,4.0,4.0,3.0,101.25,1,18000
Apartamento, Jardim Atlântico,1053.0,88.0,3.0,2.0,1.0,44.0,1,3400
Casa, Itaguaçu,0.0,660.0,1.0,5.0,4.0,132.0,1,6000
Apartamento, Centro,850.0,73.0,2.0,2.0,2.0,36.5,1,4550
Apartamento,Centro,1026.0,69.0,3.0,2.0,2.0,34.5,1,9950
Apartamento, Capoeiras,843.0,116.0,3.0,3.0,1.0,38.66666666666666,1,4000
Apartamento, Coqueiros,600.0,60.0,1.0,2.0,1.0,30.0,1,2000
Casa, Centro,0.0,100.0,1.0,3.0,4.0,33.333333333333336,1,5500
Apartamento, Jurerê,600.0,130.0,4.0,3.0,2.0,43.333333333333336,1,19000
Apartamento, Lagoa da Conceição,0.0,25.0,1.0,1.0,1.0,25.0,1,4000
Casa, Joao Paulo,0.0,216.0,4.0,4.0,2.0,54.0,1,10000
Casa, Carianos,0.0,155.0,4.0,3.0,2.0,51.66666666666666,1,4600
Casa, Centro,0.0,75.0,1.0,2.0,1.0,37.5,1,6500
Apartamento, Joao Paulo,750.0,97.0,2.0,3.0,1.0,32.333333333333336,1,4800
Flat, Campeche,0.0,127.0,2.0,2.0,1.0,63.5,1,3600
Apartamento, Ingleses do Rio Vermelho,500.0,89.0,2.0,3.0,1.0,29.666666666666668,1,5490
Apartamento, Rio Tavares,1050.0,110.0,4.0,3.0,2.0,36.66666666666666,1,7500
Apartamento, Capoeiras,250.0,31.0,1.0,1.0,1.0,31.0,1,1390
Apartamento, Lagoa da Conceição,0.0,25.0,1.0,1.0,1.0,25.0,1,4000
Apartamento, Estreito,499.0,95.0,2.0,3.0,1.0,31.666666666666668,1,4150
Apartamento, Centro,300.0,21.0,1.0,1.0,1.0,21.0,1,2000
Apartamento, Carvoeira,560.0,63.0,4.0,2.0,1.0,31.5,1,4000
Apartamento, Centro,424.0,35.0,1.0,1.0,1.0,35.0,1,2150
Apartamento, Jurerê,500.0,75.0,2.0,2.0,1.0,37.5,1,7000
Apartamento,Santinho,1000.0,116.0,2.0,2.0,1.0,58.0,1,5000
Apartamento, Jurerê Internacional,1000.0,130.0,4.0,3.0,3.0,43.333333333333336,1,13500
Apartamento, Campeche,0.0,48.0,1.0,2.0,2.0,24.0,1,2500
Casa, Itacorubi,0.0,220.0,2.0,3.0,5.0,73.33333333333333,1,7500
Casa, Jardim Atlântico,0.0,138.0,3.0,3.0,2.0,46.0,1,3700
Apartamento, Coqueiros,597.0,58.0,1.0,2.0,1.0,29.0,1,1850
Casa, Cachoeira do Bom Jesus,500.0,350.0,3.0,4.0,2.0,87.5,1,16000
Casa, Lagoa da Conceição,0.0,150.0,3.0,3.0,4.0,50.0,1,8200
Apartamento, Agronômica,450.0,50.0,1.0,1.0,1.0,50.0,1,3300
Apartamento, Abraão,1014.0,104.0,2.0,3.0,2.0,34.666666666666664,1,4000
Casa, Daniela,0.0,300.0,6.0,5.0,3.0,60.0,1,45000
Casa, Coqueiros,1.0,174.0,2.0,3.0,2.0,58.0,1,6900
Apartamento, Capoeiras,720.0,120.0,3.0,3.0,1.0,40.0,1,2990
Apartamento, Bom Abrigo,422.0,28.0,1.0,1.0,1.0,28.0,1,1480
Casa, Coloninha,0.0,225.0,3.0,4.0,1.0,56.25,1,5500
Apartamento, Abraão,1290.0,187.0,3.0,2.0,2.0,93.5,1,3600
Apartamento, Jurerê Internacional,0.0,150.0,4.0,3.0,2.0,50.0,1,25000
Apartamento, Campeche,500.0,76.0,1.0,2.0,2.0,38.0,1,6000
Apartamento, Itacorubi,1200.0,127.0,3.0,2.0,2.0,63.5,1,4800
Apartamento, Centro,1900.0,247.0,2.0,3.0,1.0,82.33333333333333,1,5000
Casa, Santa Mônica,0.0,750.0,4.0,5.0,6.0,150.0,1,22000
Apartamento, Agronômica,400.0,40.0,1.0,1.0,1.0,40.0,1,3800
Apartamento, Abraão,600.0,198.0,2.0,3.0,3.0,66.0,1,4500
Apartamento, Centro,650.0,44.0,1.0,1.0,1.0,44.0,1,4750
Apartamento, Campeche,600.0,98.0,2.0,2.0,1.0,49.0,1,6000
Apartamento, Centro,1000.0,67.0,2.0,2.0,1.0,33.5,1,2500
Apartamento, Carvoeira,460.0,40.0,1.0,1.0,1.0,40.0,1,2800
Apartamento, Centro,1522.0,167.0,4.0,3.0,2.0,55.66666666666666,1,24458
Apartamento, Itacorubi,513.0,65.0,2.0,2.0,2.0,32.5,1,4800
Apartamento, Jurerê Internacional,1200.0,130.0,2.0,2.0,2.0,65.0,1,15000
Apartamento, Itacorubi,450.0,65.0,2.0,2.0,2.0,32.5,1,4900
Apartamento, Estreito,504.0,80.0,2.0,2.0,1.0,40.0,1,3200
Apartamento, Ribeirão da Ilha,350.0,82.0,3.0,2.0,1.0,41.0,1,4000
Apartamento, Agronômica,560.0,70.0,1.0,2.0,1.0,35.0,1,4500
Casa,Ingleses do Rio Vermelho,10.0,85.0,1.0,3.0,1.0,28.33333333333333,1,2900
Casa, Itaguaçu,0.0,376.0,5.0,4.0,6.0,94.0,1,14500
Casa, Estreito,0.0,153.0,1.0,5.0,2.0,30.6,1,8500
Apartamento,Centro,1231.0,158.0,4.0,3.0,1.0,52.66666666666666,1,6400
Apartamento,Centro,1893.0,158.0,3.0,3.0,1.0,52.66666666666666,1,7600
Apartamento, Centro,1522.0,167.0,4.0,3.0,2.0,55.66666666666666,1,24458
Apartamento, Centro,1516.0,167.0,4.0,3.0,2.0,55.66666666666666,1,18748
Casa, Lagoa da Conceição,300.0,292.0,4.0,3.0,2.0,97.33333333333331,1,10150
Apartamento, Jurerê Internacional,1000.0,170.0,4.0,3.0,2.0,56.66666666666666,1,16000
Apartamento, Jurerê Internacional,1100.0,170.0,4.0,4.0,3.0,42.5,1,16000
Apartamento, Beira Mar,780.0,120.0,2.0,3.0,1.0,40.0,1,4990
Casa, Centro,0.0,320.0,7.0,5.0,2.0,64.0,1,11000
Apartamento, Ribeirão da Ilha,800.0,60.0,1.0,2.0,1.0,30.0,1,5500
Casa, Cacupé,0.0,519.0,1.0,5.0,8.0,103.8,1,18000
Casa,Santo Antônio de Lisboa,0.0,144.0,4.0,3.0,2.0,48.0,1,9500
Casa,Jurerê Internacional,0.0,450.0,6.0,5.0,1.0,90.0,1,9000
Apartamento,Campeche,944.0,135.0,3.0,3.0,1.0,45.0,1,9990
Casa, Rio Tavares,320.0,300.0,2.0,3.0,2.0,100.0,1,8500
Apartamento, Carvoeira,613.0,63.0,3.0,2.0,1.0,31.5,1,3500
Casa,Campeche,0.0,100.0,2.0,3.0,1.0,33.333333333333336,1,6810
Apartamento, Joao Paulo,546.0,85.0,2.0,2.0,1.0,42.5,1,7500
Apartamento, Centro,2200.0,171.0,3.0,3.0,1.0,57.0,1,5000
Apartamento, Saco dos Limões,550.0,74.0,1.0,2.0,1.0,37.0,1,2800
Apartamento, Carvoeira,600.0,42.0,1.0,1.0,1.0,42.0,1,2990
Casa, Santa Mônica,1.0,800.0,8.0,4.0,4.0,200.0,1,30000
Apartamento, Lagoa da Conceição,0.0,70.0,1.0,2.0,1.0,35.0,1,4500
Apartamento, Centro,1305.0,140.0,5.0,3.0,2.0,46.66666666666666,1,7900
Apartamento, Campeche,1000.0,152.0,3.0,2.0,2.0,76.0,1,10000
Apartamento, Centro,700.0,75.0,1.0,2.0,1.0,37.5,1,2400
Apartamento, Centro,902.0,109.0,3.0,3.0,1.0,36.333333333333336,1,6000
Apartamento, Ribeirão da Ilha,944.0,75.0,2.0,2.0,1.0,37.5,1,3500
Casa,Córrego Grande,1.0,800.0,7.0,4.0,1.0,200.0,1,16000
Apartamento, Jardim Atlântico,600.0,87.0,3.0,3.0,2.0,29.0,1,4200
Flat, Trindade,275.0,35.0,1.0,1.0,1.0,35.0,1,1700
Casa, Centro,0.0,120.0,1.0,2.0,2.0,60.0,1,4500
Apartamento, Rio Tavares,0.0,30.0,1.0,1.0,1.0,30.0,1,3000
Apartamento, Joao Paulo,850.0,80.0,2.0,2.0,2.0,40.0,1,4300
Apartamento, Coqueiros,438.0,72.0,1.0,3.0,1.0,24.0,1,2700
Apartamento, Rio Tavares,0.0,30.0,1.0,1.0,1.0,30.0,1,3000
Apartamento, Ingleses do Rio Vermelho,700.0,120.0,2.0,3.0,2.0,40.0,1,5200
Apartamento, Pantanal,650.0,96.0,3.0,3.0,1.0,32.0,1,3500
Apartamento, Abraão,1007.0,95.0,3.0,3.0,1.0,31.666666666666668,1,4300
Casa, Santo Antônio de Lisboa,0.0,131.0,4.0,3.0,2.0,43.66666666666666,1,8000
Apartamento, Agronômica,2862.0,308.0,6.0,4.0,3.0,77.0,1,33500
Apartamento, Estreito,1100.0,124.0,7.0,3.0,2.0,41.333333333333336,1,4500
Casa, Santo Antônio de Lisboa,0.0,131.0,4.0,3.0,2.0,43.66666666666666,1,9000
Apartamento, Rio Tavares,798.0,68.0,2.0,2.0,1.0,34.0,1,5500
Apartamento, Centro,300.0,21.0,1.0,1.0,1.0,21.0,1,2000
Apartamento, Centro,1381.0,100.0,3.0,2.0,2.0,50.0,1,11218
Casa, Coqueiros,0.0,200.0,2.0,3.0,5.0,66.66666666666667,1,9500
Casa, Trindade,1.0,285.0,4.0,4.0,2.0,71.25,1,33000
Casa, Lagoa da Conceição,0.0,160.0,2.0,2.0,1.0,80.0,1,5500
Apartamento, Centro,864.0,82.0,2.0,2.0,2.0,41.0,1,5500
Casa, Carianos,0.0,155.0,4.0,3.0,2.0,51.66666666666666,1,4600
Apartamento, Centro,0.0,108.0,3.0,2.0,2.0,54.0,1,10856
Casa, Coloninha,0.0,161.0,5.0,4.0,2.0,40.25,1,5500
Casa, Campeche,0.0,110.0,3.0,3.0,2.0,36.66666666666666,1,6000
Casa, Trindade,70.0,239.0,3.0,3.0,2.0,79.66666666666667,1,8500
Apartamento, Trindade,0.0,160.0,2.0,3.0,2.0,53.333333333333336,1,4300
Casa,Ingleses do Rio Vermelho,0.0,30.0,1.0,1.0,1.0,30.0,1,1250
Casa, Jurerê Internacional,0.0,600.0,6.0,4.0,3.0,150.0,1,20000
Apartamento, Centro,1350.0,200.0,3.0,3.0,1.0,66.66666666666667,1,4500
Apartamento, Centro,2674.0,138.0,3.0,2.0,1.0,69.0,1,3750
Apartamento, Jurerê,758.0,64.0,2.0,2.0,1.0,32.0,1,5900
Apartamento,Canasvieiras,1200.0,69.0,1.0,1.0,1.0,69.0,1,5500
Apartamento, Lagoa da Conceição,1400.0,108.0,2.0,3.0,2.0,36.0,1,5600
Apartamento, Agronômica,900.0,115.0,4.0,3.0,2.0,38.333333333333336,1,6900
Apartamento, Trindade,850.0,120.0,5.0,3.0,2.0,40.0,1,6300
Casa, Jurerê,0.0,290.0,5.0,4.0,4.0,72.5,1,23000
Casa, Trindade,90.0,239.0,3.0,3.0,2.0,79.66666666666667,1,9500
Apartamento, Canto,694.0,142.0,3.0,3.0,2.0,47.333333333333336,1,4400
Casa, Jurerê Internacional,0.0,437.0,6.0,4.0,6.0,109.25,1,40000
Apartamento,Jurerê,700.0,92.0,2.0,1.0,1.0,92.0,1,6800
Apartamento, Centro,500.0,110.0,1.0,3.0,1.0,36.66666666666666,1,4500
Flat, Sambaqui,0.0,27.0,1.0,1.0,1.0,27.0,1,2390
Apartamento, Canto,600.0,96.0,2.0,2.0,2.0,48.0,1,4000
Apartamento, Abraão,914.0,104.0,2.0,3.0,2.0,34.666666666666664,1,3600
Apartamento, Canto,400.0,46.0,1.0,1.0,1.0,46.0,1,3500
Apartamento, Jurerê Internacional,1000.0,130.0,4.0,3.0,2.0,43.333333333333336,1,11000
Casa, Lagoa da Conceição,1.0,245.0,1.0,3.0,3.0,81.66666666666667,1,6800
Apartamento, Balneário,966.0,144.0,2.0,4.0,2.0,36.0,1,4900
Apartamento, Morro das Pedras,2000.0,240.0,3.0,2.0,2.0,120.0,1,16000
Casa, Coqueiros,0.0,520.0,3.0,4.0,2.0,130.0,1,9800
Apartamento, Centro,1081.0,69.0,2.0,2.0,2.0,34.5,1,9189
Casa, Santa Mônica,150.0,80.0,1.0,3.0,2.0,26.666666666666668,1,3700
Casa, Jardim Atlântico,0.0,60.0,1.0,2.0,1.0,30.0,1,8000
Apartamento, Rio Tavares,380.0,108.0,2.0,3.0,2.0,36.0,1,4800
Casa, Ingleses do Rio Vermelho,150.0,120.0,4.0,4.0,2.0,30.0,1,4600
Casa, Capoeiras,0.0,210.0,4.0,3.0,2.0,70.0,1,4750
Apartamento, Costeira do Pirajubaé,800.0,64.0,2.0,2.0,1.0,32.0,1,2000
Apartamento, Saco dos Limões,500.0,50.0,1.0,1.0,1.0,50.0,1,2900
Apartamento, Centro,0.0,100.0,3.0,2.0,2.0,50.0,1,11635
Apartamento, Canasvieiras,550.0,74.0,2.0,2.0,1.0,37.0,1,6500
Apartamento,Capoeiras,560.0,93.0,1.0,4.0,2.0,23.25,1,4500
Apartamento, Agronômica,400.0,40.0,1.0,1.0,1.0,40.0,1,3600
Apartamento, Saco dos Limões,570.0,110.0,2.0,3.0,1.0,36.66666666666666,1,5000
Apartamento, Lagoa da Conceição,150.0,50.0,1.0,1.0,1.0,50.0,1,2750
Apartamento, Santinho,0.0,60.0,1.0,2.0,1.0,30.0,1,3300
Apartamento, Centro,535.0,71.0,2.0,2.0,1.0,35.5,1,4350
Casa, Cachoeira do Bom Jesus,0.0,170.0,2.0,3.0,2.0,56.66666666666666,1,8900
Apartamento,Centro,2023.0,146.0,3.0,3.0,1.0,48.66666666666666,1,7800
Casa, Campeche,0.0,305.0,4.0,5.0,4.0,61.0,1,14500
Apartamento, Beira Mar,3057.0,221.0,3.0,3.0,3.0,73.66666666666667,1,13000
Casa,Jurerê Internacional,0.0,450.0,5.0,4.0,2.0,112.5,1,8205
Casa, Jardim Atlântico,0.0,60.0,2.0,2.0,1.0,30.0,1,8000
Apartamento, Córrego Grande,871.0,101.0,2.0,3.0,2.0,33.666666666666664,1,5400
Apartamento, Centro,300.0,21.0,1.0,1.0,1.0,21.0,1,2000
Casa, Campeche,0.0,80.0,3.0,3.0,1.0,26.666666666666668,1,4150
Casa, Morro das Pedras,0.0,95.0,2.0,2.0,1.0,47.5,1,3800
Apartamento, Campeche,0.0,85.0,1.0,2.0,1.0,42.5,1,3900
Apartamento, Campeche,490.0,78.0,2.0,2.0,1.0,39.0,1,5500
Casa,Jurerê Internacional,0.0,450.0,7.0,6.0,4.0,75.0,1,8000
Apartamento, Córrego Grande,995.0,76.0,2.0,2.0,2.0,38.0,1,2100
Apartamento, Joao Paulo,650.0,85.0,2.0,3.0,1.0,28.33333333333333,1,4000
Apartamento, Agronômica,746.0,103.0,3.0,2.0,1.0,51.5,1,6540
Casa, Carianos,0.0,160.0,3.0,3.0,2.0,53.333333333333336,1,4600
Apartamento, Itacorubi,560.0,70.0,1.0,2.0,1.0,35.0,1,3550
Apartamento, Itacorubi,450.0,65.0,2.0,2.0,1.0,32.5,1,3700
Apartamento, Campeche,684.0,74.0,2.0,2.0,1.0,37.0,1,5800
Apartamento, Estreito,700.0,125.0,3.0,3.0,2.0,41.66666666666666,1,5500
Casa, Jurerê Internacional,0.0,391.0,5.0,4.0,2.0,97.75,1,20000
Apartamento, Centro,900.0,68.0,2.0,2.0,1.0,34.0,1,2900
Casa, Coqueiros,0.0,174.0,2.0,3.0,3.0,58.0,1,6900
Apartamento, Centro,680.0,60.0,1.0,1.0,1.0,60.0,1,3200
Casa, Coqueiros,0.0,340.0,3.0,3.0,4.0,113.33333333333331,1,7000
Apartamento,Campeche,1003.0,113.0,3.0,3.0,1.0,37.66666666666666,1,7500
Apartamento,Campeche,2800.0,320.0,4.0,4.0,3.0,80.0,1,20000
Apartamento, Centro,300.0,21.0,1.0,1.0,1.0,21.0,1,2000
Apartamento, Campeche,780.0,67.0,2.0,2.0,1.0,33.5,1,4500
Apartamento, Centro,750.0,74.0,4.0,2.0,1.0,37.0,1,3500
Casa, Estreito,0.0,480.0,5.0,4.0,2.0,120.0,1,8900
Apartamento, Agronômica,1480.0,230.0,4.0,4.0,2.0,57.5,1,9800
Apartamento, Centro,1246.0,226.0,3.0,4.0,1.0,56.5,1,8200
Apartamento, Estreito,600.0,75.0,2.0,2.0,1.0,37.5,1,4500
Casa, Córrego Grande,1550.0,350.0,7.0,5.0,2.0,70.0,1,25000
Apartamento,Carvoeira,550.0,35.0,1.0,1.0,1.0,35.0,1,2600
Apartamento, Centro,1490.0,214.0,3.0,4.0,2.0,53.5,1,6500
Apartamento, Centro,555.0,71.0,2.0,2.0,1.0,35.5,1,4350
Apartamento, Jardim Atlântico,1200.0,122.0,3.0,3.0,2.0,40.66666666666666,1,3800
Apartamento, Coqueiros,550.0,80.0,1.0,3.0,1.0,26.666666666666668,1,3200
Apartamento,Capoeiras,300.0,63.0,1.0,2.0,1.0,31.5,1,1800
Apartamento, Centro,300.0,21.0,1.0,1.0,1.0,21.0,1,2000
Apartamento, Joao Paulo,650.0,85.0,2.0,3.0,1.0,28.33333333333333,1,4000
Apartamento, Trindade,450.0,30.0,1.0,1.0,1.0,30.0,1,3520
Apartamento, Estreito,550.0,99.0,2.0,3.0,2.0,33.0,1,3700
Casa, Campeche,0.0,150.0,2.0,3.0,4.0,50.0,1,5600
Apartamento, Córrego Grande,1011.0,88.0,3.0,2.0,1.0,44.0,1,3400
Casa, Santa Mônica,0.0,85.0,3.0,2.0,4.0,42.5,1,4900
Apartamento, Jurerê,0.0,100.0,3.0,2.0,2.0,50.0,1,8000
Apartamento, Ingleses do Rio Vermelho,0.0,189.0,1.0,3.0,1.0,63.0,1,6500
Apartamento, Ingleses do Rio Vermelho,450.0,85.0,2.0,3.0,1.0,28.33333333333333,1,3800
Casa, Coqueiros,0.0,174.0,2.0,3.0,1.0,58.0,1,6900
Apartamento, Itacorubi,850.0,90.0,2.0,3.0,1.0,30.0,1,3500
Casa, Saco dos Limões,0.0,98.0,2.0,4.0,1.0,24.5,1,3800
Apartamento, Centro,756.0,85.0,3.0,2.0,1.0,42.5,1,6950
Apartamento, Rio Tavares,850.0,85.0,2.0,3.0,1.0,28.33333333333333,1,4000
Casa, Rio Tavares,0.0,180.0,8.0,2.0,2.0,90.0,1,7200
Apartamento, Centro,700.0,120.0,4.0,3.0,2.0,40.0,1,6500
Apartamento, Carvoeira,480.0,37.0,1.0,1.0,1.0,37.0,1,2980
Apartamento, Ingleses do Rio Vermelho,260.0,73.0,1.0,1.0,1.0,73.0,1,2120
Apartamento, Abraão,1146.0,82.0,2.0,3.0,1.0,27.33333333333333,1,4650
Apartamento,Centro,1231.0,90.0,3.0,2.0,2.0,45.0,1,9350
Casa, Coqueiros,0.0,310.0,5.0,4.0,6.0,77.5,1,15900
Apartamento, Centro,690.0,84.0,2.0,3.0,1.0,28.0,1,3000
Apartamento, Centro,603.0,73.0,2.0,2.0,1.0,36.5,1,4150
Apartamento, Agronômica,950.0,94.0,3.0,2.0,1.0,47.0,1,5744
Apartamento, Balneário,754.0,70.0,2.0,2.0,2.0,35.0,1,4100
Apartamento, Agronômica,550.0,41.0,1.0,1.0,1.0,41.0,1,1950
Apartamento, Itacorubi,654.0,64.0,2.0,2.0,1.0,32.0,1,4300
Apartamento, Jurerê,700.0,150.0,4.0,3.0,2.0,50.0,1,22000
Apartamento, Ingleses do Rio Vermelho,350.0,55.0,1.0,2.0,1.0,27.5,1,2500
Apartamento, Jurerê,560.0,70.0,2.0,2.0,1.0,35.0,1,7000
Apartamento,Coqueiros,320.0,35.0,1.0,1.0,1.0,35.0,1,2550
Apartamento, Abraão,1012.0,96.0,3.0,3.0,2.0,32.0,1,4200
Casa, Capoeiras,0.0,300.0,1.0,3.0,4.0,100.0,1,7000
Apartamento, Campeche,1267.0,196.0,3.0,3.0,2.0,65.33333333333333,1,13600
Apartamento, Centro,850.0,41.0,1.0,1.0,1.0,41.0,1,1200
Apartamento, Cachoeira do Bom Jesus,250.0,38.0,1.0,1.0,1.0,38.0,1,2800
Casa, Campeche,0.0,68.0,1.0,2.0,2.0,34.0,1,3850
Apartamento, Agronômica,164.0,31.0,1.0,1.0,1.0,31.0,1,3000
Casa, Centro,0.0,218.0,3.0,3.0,4.0,72.66666666666667,1,7000
Apartamento, Centro,0.0,167.0,4.0,3.0,2.0,55.66666666666666,1,20695
Apartamento, Campeche,900.0,80.0,2.0,2.0,2.0,40.0,1,7500
Casa, Lagoa da Conceição,880.0,287.0,1.0,4.0,2.0,71.75,1,27500
Apartamento,Carvoeira,550.0,35.0,1.0,1.0,1.0,35.0,1,2550
Apartamento, Abraão,987.0,104.0,3.0,3.0,2.0,34.666666666666664,1,4000
Apartamento, Ingleses do Rio Vermelho,360.0,22.0,1.0,1.0,1.0,22.0,1,2800
Casa, Jurerê Internacional,2160.0,750.0,9.0,7.0,1.0,107.14285714285714,1,40000
Apartamento, Jurerê Internacional,1500.0,113.0,4.0,3.0,2.0,37.66666666666666,1,10000
Casa, Campeche,0.0,55.0,1.0,1.0,2.0,55.0,1,3500
Casa,Armação do Pântano do Sul,22.0,110.0,1.0,3.0,3.0,36.66666666666666,1,3000
Apartamento, Cachoeira do Bom Jesus,2060.0,144.0,5.0,3.0,2.0,48.0,1,7000
Apartamento, Centro,700.0,112.0,4.0,3.0,2.0,37.333333333333336,1,6500
Apartamento, Centro,1730.0,116.0,3.0,4.0,1.0,29.0,1,4800
Apartamento, Centro,1144.0,74.0,2.0,2.0,1.0,37.0,1,3600
Apartamento, Campeche,5000.0,744.0,5.0,5.0,3.0,148.8,1,37000
Apartamento, Centro,450.0,29.0,1.0,1.0,1.0,29.0,1,3600
Apartamento, Centro,525.0,35.0,1.0,1.0,1.0,35.0,1,6164
Apartamento, Campeche,575.0,75.0,2.0,2.0,2.0,37.5,1,7000
Apartamento, Ingleses do Rio Vermelho,640.0,70.0,1.0,2.0,1.0,35.0,1,1950
Apartamento, Jardim Atlântico,0.0,67.0,3.0,2.0,1.0,33.5,1,4413
Casa, Agronômica,0.0,100.0,1.0,4.0,2.0,25.0,1,6000
Apartamento, Ingleses do Rio Vermelho,580.0,118.0,2.0,3.0,2.0,39.333333333333336,1,6500
Apartamento, Itacorubi,850.0,93.0,4.0,3.0,2.0,31.0,1,3650
Apartamento, Lagoa da Conceição,1200.0,160.0,3.0,3.0,2.0,53.333333333333336,1,7500
Casa, Joao Paulo,0.0,500.0,4.0,5.0,4.0,100.0,1,17000
Apartamento, Joao Paulo,700.0,67.0,2.0,2.0,1.0,33.5,1,3000
Apartamento, Centro,500.0,68.0,1.0,1.0,1.0,68.0,1,4900
Apartamento, Rio Tavares,0.0,30.0,1.0,1.0,2.0,30.0,1,1950
Casa,Jurerê Internacional,0.0,320.0,4.0,4.0,2.0,80.0,1,25900
Apartamento, Pantanal,1000.0,80.0,2.0,2.0,2.0,40.0,1,3200
Apartamento, Cacupé,1550.0,172.0,3.0,4.0,2.0,43.0,1,9900
Apartamento, Balneário,700.0,77.0,3.0,2.0,1.0,38.5,1,4800
Casa, Itacorubi,0.0,338.0,2.0,4.0,3.0,84.5,1,9400
Casa, Jurerê Internacional,0.0,787.0,7.0,4.0,1.0,196.75,1,35000
Casa, Carvoeira,0.0,185.0,4.0,4.0,3.0,46.25,1,5800
Casa, Estreito,120.0,260.0,3.0,1.0,3.0,260.0,1,7900
Apartamento, Campeche,872.0,100.0,3.0,2.0,1.0,50.0,1,8000
Casa, Córrego Grande,0.0,325.0,3.0,4.0,3.0,81.25,1,12000
Casa, Santa Mônica,0.0,810.0,5.0,4.0,6.0,202.5,1,22000
Casa, Rio Tavares,0.0,250.0,3.0,3.0,2.0,83.33333333333333,1,8500
Apartamento,Centro,1200.0,142.0,4.0,3.0,1.0,47.333333333333336,1,7300
Apartamento, Itacorubi,1.0,60.0,2.0,2.0,1.0,30.0,1,4900
Apartamento, Agronômica,1893.0,166.0,3.0,3.0,2.0,55.333333333333336,1,8500
Apartamento,Centro,1892.0,158.0,3.0,4.0,1.0,39.5,1,7298
Apartamento, Carvoeira,480.0,38.0,1.0,1.0,1.0,38.0,1,3100
Apartamento, Carvoeira,463.0,38.0,1.0,1.0,1.0,38.0,1,2700
Apartamento, Lagoa da Conceição,1200.0,160.0,3.0,3.0,2.0,53.333333333333336,1,7500
Apartamento, Campeche,800.0,86.0,3.0,2.0,2.0,43.0,1,7900
Apartamento,Cacupé,1450.0,173.0,4.0,4.0,2.0,43.25,1,9800
Casa, Itaguaçu,0.0,300.0,4.0,4.0,4.0,75.0,1,8500
Apartamento, Campeche,0.0,50.0,1.0,1.0,1.0,50.0,1,2000
Casa, Agronômica,0.0,262.0,2.0,4.0,4.0,65.5,1,7000
Casa, Ribeirão da Ilha,0.0,160.0,5.0,5.0,2.0,32.0,1,5800
Apartamento, Jardim Atlântico,1164.0,68.0,3.0,2.0,1.0,34.0,1,4413
Apartamento,Balneário,1000.0,126.0,3.0,5.0,2.0,25.2,1,4900
Apartamento, Canto,1246.0,107.0,3.0,2.0,1.0,53.5,1,4500
Apartamento, Rio Tavares,0.0,30.0,1.0,1.0,2.0,30.0,1,1950
Apartamento, Jardim Atlântico,900.0,73.0,3.0,2.0,1.0,36.5,1,3500
Apartamento, Carvoeira,439.0,16.0,1.0,1.0,1.0,16.0,1,2421
Casa, Ingleses do Rio Vermelho,1.0,175.0,2.0,3.0,2.0,58.333333333333336,1,4000
Apartamento, Trindade,460.0,30.0,1.0,1.0,1.0,30.0,1,3000
Apartamento, Carvoeira,600.0,72.0,2.0,2.0,1.0,36.0,1,2300
Apartamento, Campeche,1496.0,99.0,3.0,2.0,2.0,49.5,1,6500
Casa, Campeche,0.0,130.0,2.0,3.0,2.0,43.333333333333336,1,7700
Casa, Carianos,0.0,200.0,1.0,3.0,2.0,66.66666666666667,1,4900
Apartamento, Centro,495.0,63.0,2.0,2.0,1.0,31.5,1,4350
Apartamento, Centro,538.0,37.0,1.0,1.0,1.0,37.0,1,1400
Apartamento,Centro,1250.0,78.0,2.0,2.0,1.0,39.0,1,3300
Casa, Itaguaçu,0.0,420.0,5.0,4.0,6.0,105.0,1,26000
Apartamento, Joao Paulo,750.0,82.0,2.0,2.0,1.0,41.0,1,3800
Apartamento, Balneário,600.0,77.0,3.0,2.0,1.0,38.5,1,4800
Apartamento, Agronômica,900.0,113.0,4.0,3.0,2.0,37.66666666666666,1,6300
Apartamento, Lagoa da Conceição,1200.0,160.0,3.0,3.0,2.0,53.333333333333336,1,7500
Apartamento, Monte Verde,1145.0,81.0,2.0,2.0,1.0,40.5,1,4200
Casa, Cachoeira do Bom Jesus,250.0,42.0,1.0,1.0,1.0,42.0,1,2300
Apartamento,Agronômica,490.0,91.0,3.0,2.0,1.0,45.5,1,9600
Casa, Campeche,0.0,110.0,2.0,3.0,1.0,36.66666666666666,1,6400
Apartamento, Centro,792.0,119.0,3.0,3.0,1.0,39.66666666666666,1,5000
Apartamento, Agronômica,0.0,20.0,1.0,1.0,1.0,20.0,1,1650
Apartamento, Córrego Grande,750.0,33.0,1.0,1.0,1.0,33.0,1,3100
Apartamento, Jardim Atlântico,1100.0,96.0,2.0,3.0,2.0,32.0,1,3000
Apartamento,Campeche,800.0,66.0,1.0,2.0,1.0,33.0,1,3200
Casa, Capoeiras,0.0,500.0,2.0,3.0,4.0,166.66666666666666,1,7500
Apartamento, Carvoeira,400.0,50.0,1.0,1.0,1.0,50.0,1,2600
Apartamento, Beira Mar,1300.0,152.0,3.0,2.0,2.0,76.0,1,8500
Casa, Centro,0.0,290.0,5.0,3.0,1.0,96.66666666666669,1,7500
Apartamento, Agronômica,1300.0,152.0,3.0,2.0,2.0,76.0,1,8500
Casa, Lagoa da Conceição,0.0,288.0,3.0,2.0,2.0,144.0,1,10500
Apartamento, Abraão,904.0,68.0,2.0,3.0,1.0,22.666666666666668,1,4700
Apartamento, Carvoeira,1202.0,121.0,4.0,3.0,2.0,40.333333333333336,1,5200
Apartamento, Estreito,490.0,86.0,2.0,2.0,1.0,43.0,1,5500
Apartamento, Centro,542.0,69.0,2.0,2.0,1.0,34.5,1,4150
Apartamento, Rio Tavares,837.0,77.0,2.0,2.0,1.0,38.5,1,4500
Apartamento, Trindade,380.0,33.0,1.0,1.0,1.0,33.0,1,3200
Apartamento, Abraão,897.0,113.0,2.0,2.0,1.0,56.5,1,4500
Casa, São João do Rio Vermelho,3000.0,250.0,4.0,4.0,4.0,62.5,1,15000
Apartamento, Centro,850.0,53.0,1.0,1.0,1.0,53.0,1,3500
Apartamento, Campeche,1000.0,39.0,1.0,1.0,1.0,39.0,1,3000
Apartamento, Campeche,234.0,48.0,1.0,1.0,1.0,48.0,1,4000
Apartamento, Itacorubi,555.0,90.0,2.0,3.0,1.0,30.0,1,3750
Apartamento, Carvoeira,580.0,63.0,3.0,2.0,1.0,31.5,1,4350
Apartamento, Lagoa da Conceição,1100.0,244.0,4.0,3.0,2.0,81.33333333333333,1,5500
Apartamento, Campeche,0.0,33.0,1.0,1.0,1.0,33.0,1,2400
Apartamento, Ribeirão da Ilha,480.0,70.0,2.0,2.0,1.0,35.0,1,2700
Apartamento, Centro,1680.0,136.0,3.0,3.0,1.0,45.333333333333336,1,5100
Casa, Ribeirão da Ilha,0.0,280.0,2.0,4.0,2.0,70.0,1,8000
Apartamento, Balneário,0.0,57.0,1.0,1.0,1.0,57.0,1,1900
Casa, Saco dos Limões,1.0,80.0,1.0,2.0,1.0,40.0,1,2500
Casa, Barra da Lagoa,800.0,131.0,2.0,3.0,2.0,43.66666666666666,1,7800
Casa, Barra da Lagoa,0.0,300.0,4.0,3.0,6.0,100.0,1,16000
Casa, Centro,0.0,199.0,3.0,3.0,3.0,66.33333333333333,1,6399
Apartamento, Trindade,0.0,35.0,1.0,2.0,1.0,17.5,1,2800
Apartamento, Campeche,275.0,37.0,1.0,1.0,1.0,37.0,1,4000
Apartamento, Centro,496.0,63.0,2.0,2.0,2.0,31.5,1,4350
Apartamento, Agronômica,660.0,70.0,1.0,2.0,1.0,35.0,1,4200
Casa, Lagoa da Conceição,0.0,260.0,3.0,3.0,3.0,86.66666666666667,1,17500
Apartamento, Centro,0.0,68.0,2.0,2.0,2.0,34.0,1,9189
Casa, Rio Tavares,160.0,90.0,2.0,2.0,1.0,45.0,1,3600
Casa, Capoeiras,0.0,170.0,2.0,3.0,2.0,56.66666666666666,1,5500
Apartamento, Abraão,945.0,139.0,3.0,3.0,1.0,46.333333333333336,1,4200
Casa, Rio Tavares,160.0,100.0,4.0,2.0,1.0,50.0,1,3600
Casa, Lagoa da Conceição,1.0,221.0,5.0,3.0,2.0,73.66666666666667,1,18000
Apartamento, Centro,1300.0,145.0,5.0,3.0,2.0,48.333333333333336,1,7500
Apartamento, Ribeirão da Ilha,480.0,70.0,2.0,2.0,1.0,35.0,1,2700
Apartamento, Centro,950.0,93.0,2.0,3.0,1.0,31.0,1,4100
Apartamento, Centro,1300.0,145.0,1.0,3.0,2.0,48.333333333333336,1,7500
Apartamento, Agronômica,560.0,70.0,1.0,2.0,1.0,35.0,1,4500
Apartamento, Estreito,555.0,83.0,1.0,2.0,1.0,41.5,1,2700
Apartamento, Balneário,1000.0,143.0,2.0,4.0,2.0,35.75,1,4900
Casa, Armação do Pântano do Sul,0.0,54.0,2.0,2.0,1.0,27.0,1,3400
Apartamento, Centro,720.0,120.0,2.0,3.0,1.0,40.0,1,5000
Casa, Cacupé,0.0,848.0,6.0,5.0,1.0,169.6,1,19890
Apartamento, Centro,726.0,68.0,1.0,2.0,2.0,34.0,1,3900
Casa, Joao Paulo,0.0,240.0,4.0,3.0,2.0,80.0,1,8500
Casa, Jurerê Internacional,0.0,700.0,6.0,5.0,1.0,140.0,1,40000
Apartamento, Campeche,250.0,38.0,1.0,1.0,1.0,38.0,1,3950
Apartamento, Centro,1305.0,140.0,5.0,3.0,2.0,46.66666666666666,1,7500
Casa, Centro,0.0,500.0,3.0,3.0,4.0,166.66666666666666,1,7000
Apartamento, Centro,850.0,53.0,1.0,1.0,1.0,53.0,1,3500
Apartamento, Coqueiros,95.0,20.0,1.0,1.0,1.0,20.0,1,1350
Apartamento, Carvoeira,729.0,104.0,3.0,3.0,1.0,34.666666666666664,1,3200
Apartamento, Coloninha,0.0,98.0,2.0,3.0,1.0,32.666666666666664,1,4000
Apartamento, Ingleses do Rio Vermelho,0.0,45.0,1.0,1.0,1.0,45.0,1,2300
Casa,Jurerê Internacional,0.0,530.0,6.0,4.0,5.0,132.5,1,38000
Apartamento, Agronômica,550.0,41.0,1.0,1.0,1.0,41.0,1,1950
Apartamento, Centro,472.0,55.0,1.0,1.0,1.0,55.0,1,2400
Apartamento, Agronômica,700.0,110.0,4.0,3.0,3.0,36.66666666666666,1,12000
Apartamento, Jurerê Internacional,900.0,135.0,5.0,3.0,2.0,45.0,1,10000
Apartamento, Jurerê Internacional,890.0,150.0,4.0,3.0,2.0,50.0,1,15000
Apartamento, Itacorubi,550.0,70.0,3.0,2.0,1.0,35.0,1,3490
Apartamento, São João do Rio Vermelho,90.0,62.0,2.0,2.0,1.0,31.0,1,2600
Apartamento, Agronômica,515.0,74.0,2.0,2.0,1.0,37.0,1,3500
Apartamento, Ingleses do Rio Vermelho,508.0,74.0,3.0,2.0,1.0,37.0,1,3900
Apartamento, Saco dos Limões,987.0,72.0,3.0,2.0,2.0,36.0,1,6300
Apartamento, Jardim Atlântico,1149.0,87.0,3.0,3.0,2.0,29.0,1,3900
Apartamento, Campeche,1570.0,167.0,1.0,3.0,2.0,55.66666666666666,1,15000
Apartamento, Centro,650.0,75.0,1.0,2.0,1.0,37.5,1,6500
Casa, Coqueiros,0.0,300.0,4.0,5.0,5.0,60.0,1,5950
Apartamento, Parque São Jorge,700.0,95.0,2.0,3.0,1.0,31.666666666666668,1,4800
Apartamento, Cachoeira do Bom Jesus,800.0,75.0,2.0,2.0,1.0,37.5,1,3500
Casa,Santo Antônio de Lisboa,0.0,107.0,3.0,3.0,1.0,35.666666666666664,1,8500
Apartamento, Centro,850.0,71.0,2.0,2.0,1.0,35.5,1,4350
Apartamento, São João do Rio Vermelho,90.0,64.0,2.0,2.0,1.0,32.0,1,2600
Apartamento, Centro,780.0,80.0,2.0,3.0,1.0,26.666666666666668,1,6500
Apartamento, Estreito,555.0,83.0,1.0,3.0,1.0,27.666666666666668,1,2750
Casa, Córrego Grande,1400.0,400.0,4.0,4.0,4.0,100.0,1,17000
Casa, Jurerê Internacional,0.0,1000.0,8.0,6.0,6.0,166.66666666666666,1,45000
Apartamento, Lagoa da Conceição,1300.0,127.0,2.0,3.0,2.0,42.333333333333336,1,4950
Apartamento, Saco dos Limões,845.0,74.0,2.0,3.0,1.0,24.666666666666668,1,2300
Apartamento, Beira Mar,2119.0,248.0,5.0,4.0,3.0,62.0,1,24311
Apartamento, Centro,800.0,70.0,5.0,2.0,1.0,35.0,1,2900
Apartamento, Canasvieiras,430.0,86.0,2.0,2.0,1.0,43.0,1,6000
Casa, Córrego Grande,0.0,380.0,4.0,4.0,3.0,95.0,1,15000
Apartamento, Centro,2100.0,263.0,4.0,4.0,2.0,65.75,1,9999
Apartamento, Parque São Jorge,0.0,60.0,1.0,2.0,1.0,30.0,1,4900
Apartamento, Centro,1842.0,135.0,4.0,3.0,2.0,45.0,1,4460
Casa, Campeche,0.0,110.0,2.0,3.0,1.0,36.66666666666666,1,6400
Apartamento, Jardim Atlântico,150.0,73.0,1.0,2.0,1.0,36.5,1,1700
Flat, Cachoeira do Bom Jesus,0.0,94.0,1.0,1.0,1.0,94.0,1,2750
Apartamento, Campeche,1800.0,70.0,2.0,2.0,1.0,35.0,1,6900
Apartamento,Centro,300.0,25.0,1.0,1.0,1.0,25.0,1,2500
Apartamento, Capoeiras,450.0,43.0,1.0,1.0,1.0,43.0,1,2050
Apartamento, Centro,1420.0,130.0,2.0,3.0,1.0,43.333333333333336,1,4700
Apartamento, Trindade,600.0,78.0,1.0,3.0,1.0,26.0,1,2700
Apartamento, Abraão,1036.0,106.0,2.0,3.0,2.0,35.333333333333336,1,4000
Apartamento, Parque São Jorge,0.0,60.0,2.0,2.0,1.0,30.0,1,4900
Apartamento, Trindade,450.0,76.0,1.0,2.0,1.0,38.0,1,3200
Apartamento, Jurerê,0.0,30.0,1.0,1.0,1.0,30.0,1,1800
Apartamento, Centro,420.0,73.0,1.0,2.0,1.0,36.5,1,6350
Apartamento, Jardim Atlântico,1000.0,68.0,3.0,2.0,1.0,34.0,1,4413
Casa, Itacorubi,0.0,338.0,2.0,4.0,3.0,84.5,1,9400
Apartamento, Centro,750.0,75.0,1.0,2.0,1.0,37.5,1,2700
Casa, Itacorubi,0.0,384.0,5.0,6.0,3.0,64.0,1,7500
Apartamento, Saco dos Limões,280.0,60.0,2.0,1.0,2.0,60.0,1,5900
Apartamento, Campeche,1000.0,98.0,2.0,3.0,1.0,32.666666666666664,1,5200
Casa, Lagoa da Conceição,300.0,360.0,4.0,3.0,4.0,120.0,1,10000
Casa, Santa Mônica,150.0,80.0,1.0,3.0,1.0,26.666666666666668,1,3700
Casa, Jurerê Internacional,0.0,1000.0,8.0,6.0,6.0,166.66666666666666,1,60000
Apartamento, Beira Mar,2855.0,310.0,6.0,4.0,3.0,77.5,1,33136
Apartamento, Centro,458.0,29.0,1.0,1.0,1.0,29.0,1,2700
Casa, Armação,0.0,80.0,2.0,2.0,1.0,40.0,1,4800
Apartamento, Carvoeira,550.0,50.0,1.0,1.0,1.0,50.0,1,3000
Apartamento, Beira Mar,998.0,121.0,3.0,2.0,1.0,60.5,1,9500
Casa, Rio Tavares,0.0,60.0,1.0,2.0,1.0,30.0,1,2600
Apartamento, Centro,0.0,167.0,4.0,3.0,2.0,55.66666666666666,1,24458
Apartamento,Centro,1042.0,69.0,3.0,2.0,2.0,34.5,1,6640
Apartamento,Carvoeira,644.0,55.0,2.0,1.0,1.0,55.0,1,4800
Casa, Itaguaçu,0.0,280.0,5.0,5.0,5.0,56.0,1,12000
Casa, Campeche,0.0,110.0,5.0,3.0,2.0,36.66666666666666,1,6000
Casa, Rio Tavares,0.0,180.0,2.0,2.0,2.0,90.0,1,6000
Casa,Cacupé,1800.0,185.0,3.0,3.0,2.0,61.66666666666666,1,14500
Apartamento, Jardim Atlântico,1200.0,122.0,3.0,3.0,2.0,40.66666666666666,1,3800
Casa, Campeche,0.0,110.0,3.0,2.0,5.0,55.0,1,8821
Apartamento, Córrego Grande,710.0,46.0,1.0,1.0,1.0,46.0,1,3650
Apartamento, Campeche,244.0,47.0,1.0,1.0,1.0,47.0,1,4000
Apartamento, Centro,1342.0,142.0,3.0,3.0,1.0,47.333333333333336,1,6000
Casa, Itacorubi,0.0,165.0,4.0,3.0,2.0,55.0,1,10200
Apartamento, Centro,2207.0,208.0,4.0,4.0,2.0,52.0,1,10000
Apartamento, Carvoeira,500.0,68.0,2.0,2.0,1.0,34.0,1,3300
Apartamento, Jardim Atlântico,1200.0,122.0,3.0,3.0,2.0,40.66666666666666,1,3800
Apartamento, Estreito,500.0,45.0,1.0,1.0,1.0,45.0,1,2900
Casa, Saco dos Limões,0.0,122.0,2.0,3.0,1.0,40.66666666666666,1,3500
Casa,Joao Paulo,0.0,585.0,4.0,6.0,8.0,97.5,1,25000
Apartamento, Centro,513.0,51.0,1.0,1.0,1.0,51.0,1,4500
Apartamento, Agronômica,1520.0,166.0,4.0,3.0,2.0,55.333333333333336,1,11642
Casa,Joao Paulo,10.0,660.0,6.0,5.0,5.0,132.0,1,15000
Apartamento, Coqueiros,777.0,125.0,4.0,3.0,2.0,41.66666666666666,1,8600
Casa, Estreito,0.0,285.0,1.0,4.0,2.0,71.25,1,6800
Apartamento, Coqueiros,550.0,80.0,1.0,3.0,1.0,26.666666666666668,1,3500
Apartamento, Itaguaçu,550.0,110.0,2.0,3.0,1.0,36.66666666666666,1,2900
Apartamento, Morro das Pedras,1.0,93.0,2.0,2.0,2.0,46.5,1,12000
Apartamento, Rio Tavares,500.0,73.0,3.0,2.0,2.0,36.5,1,5500
Apartamento,Monte Verde,697.0,80.0,2.0,2.0,1.0,40.0,1,4100
Apartamento, Estreito,853.0,122.0,3.0,3.0,2.0,40.66666666666666,1,4900
Apartamento, Ribeirão da Ilha,560.0,70.0,2.0,2.0,1.0,35.0,1,2700
Apartamento,Jurerê Internacional,950.0,106.0,4.0,3.0,2.0,35.333333333333336,1,11000
Casa, Estreito,0.0,123.0,2.0,3.0,1.0,41.0,1,5500
Casa, Lagoa da Conceição,0.0,550.0,5.0,4.0,3.0,137.5,1,40000
Apartamento, Abraão,1008.0,96.0,2.0,3.0,1.0,32.0,1,4300
Casa,Joao Paulo,0.0,485.0,8.0,5.0,7.0,97.0,1,17000
Casa,Jurerê Internacional,0.0,600.0,5.0,4.0,2.0,150.0,1,11500
Apartamento, Abraão,1009.0,155.0,3.0,3.0,1.0,51.66666666666666,1,4000
Apartamento, Carvoeira,997.0,97.0,3.0,2.0,1.0,48.5,1,3400
Apartamento, Bom Abrigo,1198.0,83.0,2.0,3.0,1.0,27.666666666666668,1,4000
Apartamento, Jardim Atlântico,1201.0,87.0,3.0,3.0,2.0,29.0,1,3900
Casa, Rio Tavares,0.0,60.0,1.0,2.0,1.0,30.0,1,2600
Casa, Córrego Grande,1700.0,400.0,4.0,4.0,4.0,100.0,1,15000
Casa,Jurerê Internacional,0.0,250.0,4.0,3.0,3.0,83.33333333333333,1,9200
Apartamento, Trindade,0.0,29.0,1.0,1.0,1.0,29.0,1,2690
Apartamento, Canto,450.0,45.0,1.0,1.0,1.0,45.0,1,3500
Apartamento, Estreito,680.0,105.0,2.0,3.0,2.0,35.0,1,5300
Casa, Barra da Lagoa,0.0,115.0,3.0,3.0,1.0,38.333333333333336,1,5600
Apartamento, Estreito,845.0,130.0,1.0,2.0,1.0,65.0,1,2900
Apartamento, Jardim Atlântico,1201.0,87.0,5.0,3.0,2.0,29.0,1,3900
Casa,Sambaqui,0.0,145.0,1.0,1.0,1.0,145.0,1,4000
Apartamento, Ingleses do Rio Vermelho,455.0,100.0,2.0,2.0,1.0,50.0,1,3550
Casa, Centro,0.0,500.0,3.0,3.0,4.0,166.66666666666666,1,7000
Casa, Rio Tavares,0.0,70.0,2.0,2.0,1.0,35.0,1,3380
Casa, Capoeiras,0.0,111.0,2.0,3.0,2.0,37.0,1,3500
Apartamento, Campeche,565.0,111.0,2.0,2.0,1.0,55.5,1,7750
Apartamento,Rio Tavares,500.0,110.0,2.0,3.0,1.0,36.66666666666666,1,4800
Apartamento, Centro,0.0,132.0,3.0,3.0,2.0,44.0,1,8500
Casa, Campeche,0.0,53.0,1.0,2.0,1.0,26.5,1,2500
Apartamento, Pantanal,660.0,50.0,1.0,1.0,1.0,50.0,1,2040
Casa, Campeche,0.0,60.0,1.0,1.0,1.0,60.0,1,3500
Apartamento, Centro,1090.0,125.0,3.0,3.0,1.0,41.66666666666666,1,4800
Apartamento, Beira Mar,1930.0,199.0,5.0,3.0,3.0,66.33333333333333,1,27312
Apartamento, Abraão,954.0,96.0,2.0,3.0,2.0,32.0,1,4300
Apartamento,Centro,1500.0,100.0,2.0,2.0,2.0,50.0,1,11680
Apartamento, Ingleses do Rio Vermelho,532.0,76.0,2.0,2.0,1.0,38.0,1,3300
Apartamento, Canasvieiras,500.0,41.0,1.0,1.0,1.0,41.0,1,2000
Apartamento, Centro,750.0,97.0,3.0,3.0,1.0,32.333333333333336,1,3900
Casa, Coqueiros,0.0,174.0,2.0,3.0,2.0,58.0,1,6900
Casa, Coqueiros,0.0,200.0,3.0,3.0,5.0,66.66666666666667,1,11250
Apartamento, Centro,750.0,75.0,2.0,2.0,1.0,37.5,1,6500
Casa, Itacorubi,0.0,300.0,3.0,4.0,3.0,75.0,1,9500
Casa, Lagoa da Conceição,55.0,260.0,4.0,3.0,2.0,86.66666666666667,1,17000
Apartamento, Capoeiras,0.0,60.0,1.0,2.0,1.0,30.0,1,1600
Casa, Barra da Lagoa,950.0,140.0,3.0,3.0,3.0,46.66666666666666,1,7200
Apartamento, Itacorubi,1100.0,67.0,2.0,2.0,2.0,33.5,1,3250
Apartamento, Centro,924.0,75.0,3.0,2.0,1.0,37.5,1,2900
Apartamento, Canto,690.0,96.0,3.0,2.0,2.0,48.0,1,4000
Apartamento, Centro,850.0,82.0,2.0,3.0,1.0,27.33333333333333,1,3300
Loft,Trindade,0.0,24.0,1.0,2.0,1.0,12.0,1,1500
Apartamento,Centro,1380.0,104.0,4.0,3.0,2.0,34.666666666666664,1,4200
Casa, Centro,0.0,500.0,3.0,3.0,5.0,166.66666666666666,1,6000
Apartamento,Centro,1046.0,137.0,4.0,3.0,2.0,45.66666666666666,1,15000
Apartamento, Ingleses do Rio Vermelho,150.0,60.0,2.0,2.0,1.0,30.0,1,2500
Apartamento, Centro,902.0,87.0,3.0,3.0,1.0,29.0,1,4500
Apartamento, Rio Tavares,800.0,100.0,2.0,3.0,2.0,33.333333333333336,1,5200
Casa, Tapera da Base,0.0,60.0,1.0,1.0,1.0,60.0,1,2300
Apartamento, Carvoeira,480.0,37.0,1.0,1.0,1.0,37.0,1,2799
Apartamento,Ingleses do Rio Vermelho,380.0,107.0,1.0,3.0,1.0,35.666666666666664,1,3200
Casa, Rio Tavares,0.0,180.0,2.0,2.0,2.0,90.0,1,6000
Casa, Itaguaçu,0.0,533.0,5.0,4.0,3.0,133.25,1,10000
Apartamento, Campeche,1050.0,83.0,2.0,2.0,2.0,41.5,1,5800
Apartamento,Agronômica,500.0,40.0,1.0,1.0,1.0,40.0,1,3300
Casa, Centro,0.0,200.0,4.0,5.0,2.0,40.0,1,9500
Apartamento, Joao Paulo,800.0,124.0,3.0,3.0,2.0,41.333333333333336,1,10000
Apartamento, Centro,607.0,48.0,1.0,1.0,1.0,48.0,1,3200
Casa, Joao Paulo,0.0,486.0,5.0,5.0,4.0,97.2,1,17000
Apartamento, Jardim Atlântico,1053.0,88.0,3.0,2.0,1.0,44.0,1,3400
Casa, Itacorubi,0.0,338.0,2.0,4.0,3.0,84.5,1,9400
Casa, Cachoeira do Bom Jesus,0.0,169.0,4.0,3.0,2.0,56.333333333333336,1,6100
Apartamento,Agronômica,3555.0,283.0,4.0,3.0,2.0,94.33333333333331,1,12000
Casa, Córrego Grande,0.0,325.0,5.0,4.0,2.0,81.25,1,12000
Apartamento, Centro,1086.0,97.0,2.0,3.0,1.0,32.333333333333336,1,4000
Casa, Jardim Atlântico,0.0,120.0,1.0,3.0,1.0,40.0,1,4000
Apartamento, Coqueiros,425.0,49.0,1.0,1.0,1.0,49.0,1,3400
Apartamento, Jardim Atlântico,527.0,96.0,2.0,3.0,1.0,32.0,1,4950
Apartamento, Saco Grande,650.0,72.0,1.0,2.0,1.0,36.0,1,4200
Apartamento, Canto,298.0,46.0,1.0,1.0,1.0,46.0,1,3500
Apartamento, Centro,1037.0,86.0,2.0,2.0,2.0,43.0,1,4000
Apartamento,Agronômica,500.0,40.0,1.0,1.0,1.0,40.0,1,3300
Apartamento, Campeche,550.0,95.0,2.0,3.0,2.0,31.666666666666668,1,5500
Apartamento, Canto,490.0,86.0,2.0,2.0,1.0,43.0,1,5500
Apartamento, Canto,1013.0,107.0,3.0,2.0,2.0,53.5,1,4500
Apartamento, Saco dos Limões,750.0,39.0,1.0,1.0,1.0,39.0,1,2500
Apartamento, Cachoeira do Bom Jesus,764.0,69.0,1.0,1.0,1.0,69.0,1,6500
Apartamento, Centro,671.0,64.0,1.0,2.0,1.0,32.0,1,2400
Apartamento,Ingleses do Rio Vermelho,709.0,47.0,1.0,1.0,1.0,47.0,1,4000
Casa, Joao Paulo,0.0,585.0,7.0,6.0,1.0,97.5,1,24900
Apartamento, Carvoeira,655.0,24.0,1.0,1.0,1.0,24.0,1,2815
Casa,Córrego Grande,0.0,213.0,3.0,5.0,2.0,42.6,1,7400
Casa, Carianos,0.0,200.0,1.0,3.0,2.0,66.66666666666667,1,4900
Apartamento, Ingleses do Rio Vermelho,508.0,81.0,3.0,2.0,1.0,40.5,1,3500
Apartamento,Campeche,1000.0,113.0,3.0,3.0,2.0,37.66666666666666,1,6900
Apartamento, Itacorubi,972.0,111.0,3.0,2.0,2.0,55.5,1,4400
Apartamento, Itacorubi,500.0,70.0,2.0,2.0,1.0,35.0,1,3490
Casa, Capoeiras,1.0,63.0,1.0,2.0,1.0,31.5,1,2500
Apartamento,Centro,1110.0,137.0,3.0,3.0,2.0,45.66666666666666,1,3100
Apartamento, Beira Mar,1800.0,136.0,2.0,3.0,2.0,45.333333333333336,1,6900
Apartamento,Balneario do Estreito,450.0,46.0,1.0,1.0,1.0,46.0,1,2000
Apartamento, Estreito,600.0,113.0,2.0,2.0,2.0,56.5,1,4000
Apartamento, Carvoeira,564.0,50.0,3.0,1.0,1.0,50.0,1,4800
Casa, Jurerê Internacional,0.0,320.0,4.0,4.0,3.0,80.0,1,50000
Apartamento, Centro,900.0,68.0,3.0,2.0,1.0,34.0,1,2900
Casa, Campeche,0.0,125.0,3.0,3.0,2.0,41.66666666666666,1,4500
Casa, Jurerê Internacional,0.0,950.0,1.0,6.0,6.0,158.33333333333334,1,50000
Casa, Itacorubi,0.0,180.0,2.0,4.0,2.0,45.0,1,4200
Casa, Campeche,0.0,102.0,3.0,3.0,2.0,34.0,1,5000
Apartamento, Centro,800.0,74.0,3.0,2.0,1.0,37.0,1,3000
Apartamento, Agronômica,600.0,94.0,3.0,2.0,1.0,47.0,1,9900
Apartamento, Centro,420.0,71.0,2.0,2.0,1.0,35.5,1,6350
Apartamento,Centro,1900.0,247.0,2.0,3.0,1.0,82.33333333333333,1,5000
Apartamento, Canasvieiras,500.0,41.0,1.0,1.0,1.0,41.0,1,2000
Apartamento, Itacorubi,650.0,52.0,1.0,1.0,1.0,52.0,1,3200
Apartamento, Abraão,1262.0,96.0,2.0,3.0,2.0,32.0,1,4500
Apartamento, Carvoeira,500.0,48.0,2.0,1.0,1.0,48.0,1,3700
Apartamento, Córrego Grande,750.0,83.0,3.0,3.0,1.0,27.666666666666668,1,3300
Apartamento, Beira Mar,2500.0,248.0,5.0,3.0,3.0,82.66666666666667,1,24311
Apartamento,Centro,1630.0,173.0,3.0,3.0,1.0,57.66666666666666,1,6900
Apartamento, Abraão,852.0,83.0,2.0,2.0,2.0,41.5,1,4500
Casa, Lagoa da Conceição,0.0,150.0,3.0,2.0,2.0,75.0,1,6500
Apartamento, Canasvieiras,500.0,41.0,1.0,1.0,1.0,41.0,1,2000
Apartamento, Capoeiras,441.0,70.0,1.0,2.0,1.0,35.0,1,1900
Apartamento, Campeche,880.0,100.0,3.0,2.0,1.0,50.0,1,8000
Casa, Centro,50.0,105.0,3.0,2.0,2.0,52.5,1,4700
Apartamento,Campeche,752.0,115.0,3.0,3.0,1.0,38.333333333333336,1,7450
Apartamento, Centro,1200.0,109.0,3.0,3.0,2.0,36.333333333333336,1,4800
Casa, Santo Antônio de Lisboa,1100.0,350.0,6.0,4.0,2.0,87.5,1,24000
Casa, Jardim Atlântico,0.0,125.0,2.0,4.0,3.0,31.25,1,4100
Apartamento, Centro,850.0,71.0,2.0,2.0,1.0,35.5,1,4100
Apartamento, Canasvieiras,500.0,41.0,1.0,1.0,1.0,41.0,1,2000
Apartamento, Agronômica,500.0,40.0,1.0,1.0,1.0,40.0,1,3300
Casa, Ribeirão da Ilha,0.0,180.0,3.0,3.0,2.0,60.0,1,6800
Apartamento, Centro,1500.0,46.0,1.0,1.0,1.0,46.0,1,1900
Apartamento, Ingleses do Rio Vermelho,508.0,61.0,2.0,2.0,1.0,30.5,1,2900
Apartamento, Jurerê,1300.0,100.0,2.0,2.0,2.0,50.0,1,10000
Apartamento, Centro,2235.0,95.0,3.0,3.0,1.0,31.666666666666668,1,2800
Casa, Córrego Grande,0.0,320.0,5.0,5.0,2.0,64.0,1,13000
Casa, Joao Paulo,0.0,486.0,5.0,5.0,4.0,97.2,1,17000
Apartamento, Centro,519.0,55.0,1.0,2.0,1.0,27.5,1,1800
Apartamento, Centro,420.0,73.0,1.0,2.0,1.0,36.5,1,6100
Apartamento, Beira Mar,2800.0,308.0,3.0,4.0,3.0,77.0,1,28294
Apartamento, Itacorubi,750.0,76.0,2.0,2.0,2.0,38.0,1,3900
Apartamento, Córrego Grande,700.0,70.0,1.0,2.0,1.0,35.0,1,2800
Apartamento, Trindade,0.0,24.0,1.0,1.0,1.0,24.0,1,2350
Apartamento, Carvoeira,580.0,40.0,1.0,1.0,1.0,40.0,1,3000
Apartamento, Estreito,853.0,123.0,3.0,3.0,2.0,41.0,1,4900
Apartamento, Itacorubi,769.0,65.0,2.0,2.0,1.0,32.5,1,4100
Apartamento, Centro,800.0,70.0,2.0,3.0,1.0,23.33333333333333,1,3500
Casa, Lagoa da Conceição,0.0,280.0,4.0,3.0,2.0,93.33333333333331,1,15000
Apartamento, Jardim Atlântico,1053.0,88.0,3.0,2.0,1.0,44.0,1,3600
Casa, Jurerê Internacional,0.0,180.0,3.0,5.0,2.0,36.0,1,20000
Apartamento, Abraão,827.0,97.0,3.0,3.0,2.0,32.333333333333336,1,4100
Apartamento, Rio Tavares,800.0,100.0,2.0,3.0,2.0,33.333333333333336,1,5200
Apartamento,Jurerê,650.0,80.0,3.0,2.0,1.0,40.0,1,9800
Apartamento, Centro,600.0,80.0,1.0,2.0,2.0,40.0,1,5700
Apartamento, Agronômica,650.0,130.0,4.0,3.0,3.0,43.333333333333336,1,7100
Apartamento, Ribeirão da Ilha,350.0,60.0,3.0,2.0,1.0,30.0,1,4000
Casa,Santo Antônio de Lisboa,0.0,131.0,4.0,3.0,1.0,43.66666666666666,1,8500
Apartamento, Agronômica,500.0,40.0,1.0,1.0,1.0,40.0,1,3300
Apartamento, Beira Mar,2800.0,308.0,6.0,4.0,3.0,77.0,1,28294
Casa,Jurerê,1.0,290.0,4.0,3.0,2.0,96.66666666666669,1,15000
Apartamento, Centro,280.0,48.0,1.0,2.0,1.0,24.0,1,2400
Apartamento, Trindade,0.0,24.0,1.0,1.0,1.0,24.0,1,2300
Apartamento, Agronômica,500.0,40.0,1.0,1.0,1.0,40.0,1,3300
Apartamento, Carvoeira,580.0,40.0,1.0,1.0,1.0,40.0,1,3500
Apartamento, Estreito,545.0,95.0,2.0,3.0,2.0,31.666666666666668,1,3700
Apartamento, Joao Paulo,971.0,120.0,2.0,3.0,1.0,40.0,1,3200
Casa, Rio Tavares,650.0,370.0,3.0,4.0,2.0,92.5,1,15000
Apartamento, Agronômica,500.0,40.0,1.0,1.0,1.0,40.0,1,3300
Casa,Jurerê Internacional,0.0,1100.0,1.0,7.0,4.0,157.14285714285714,1,70000
Casa, Lagoa da Conceição,120.0,50.0,2.0,2.0,1.0,25.0,1,4500
Casa, Capoeiras,0.0,50.0,1.0,3.0,1.0,16.666666666666668,1,1500
Casa,Coqueiros,0.0,174.0,2.0,3.0,8.0,58.0,1,6900
Casa, Campeche,0.0,160.0,3.0,4.0,4.0,40.0,1,8000
Apartamento, Centro,575.0,39.0,1.0,1.0,1.0,39.0,1,2000
Apartamento, Estreito,600.0,95.0,5.0,2.0,2.0,47.5,1,4000
Apartamento, Joao Paulo,0.0,76.0,2.0,2.0,2.0,38.0,1,6000
Casa, Santa Mônica,150.0,80.0,1.0,3.0,1.0,26.666666666666668,1,3600
Apartamento, Coqueiros,540.0,80.0,1.0,3.0,1.0,26.666666666666668,1,3200
Apartamento, Trindade,878.0,87.0,2.0,3.0,1.0,29.0,1,3400
Apartamento,Campeche,776.0,85.0,3.0,2.0,2.0,42.5,1,7700
Apartamento, Agronômica,500.0,40.0,1.0,1.0,1.0,40.0,1,3300
Apartamento, Estreito,510.0,95.0,2.0,3.0,2.0,31.666666666666668,1,3900
Casa, Jurerê Internacional,0.0,500.0,7.0,5.0,4.0,100.0,1,25000
Apartamento, Itacorubi,600.0,58.0,1.0,2.0,1.0,29.0,1,3700
Apartamento,Centro,750.0,60.0,1.0,1.0,1.0,60.0,1,6365
Apartamento, Centro,809.0,72.0,2.0,2.0,1.0,36.0,1,2800
Apartamento, Centro,2235.0,95.0,3.0,3.0,1.0,31.666666666666668,1,2800
Apartamento, Córrego Grande,570.0,36.0,1.0,1.0,1.0,36.0,1,2100
Apartamento, Agronômica,500.0,40.0,1.0,1.0,1.0,40.0,1,3300
Apartamento, Trindade,120.0,17.0,1.0,1.0,1.0,17.0,1,1890
Casa, Jardim Atlântico,0.0,340.0,7.0,6.0,4.0,56.66666666666666,1,18000
Apartamento, Itacorubi,500.0,64.0,1.0,2.0,1.0,32.0,1,2700
Apartamento, Cachoeira do Bom Jesus,350.0,15.0,1.0,1.0,1.0,15.0,1,1580
Casa, Itacorubi,0.0,138.0,2.0,3.0,2.0,46.0,1,4600
Casa, Rio Tavares,0.0,80.0,4.0,3.0,1.0,26.666666666666668,1,5800
Apartamento, Abraão,1091.0,106.0,2.0,3.0,1.0,35.333333333333336,1,4000
Apartamento,Centro,510.0,42.0,1.0,1.0,1.0,42.0,1,4700
Apartamento,Centro,1092.0,70.0,3.0,2.0,2.0,35.0,1,6900
Apartamento, Agronômica,900.0,115.0,4.0,3.0,2.0,38.333333333333336,1,6900
Apartamento, Ingleses do Rio Vermelho,0.0,45.0,1.0,2.0,1.0,22.5,1,1300
Apartamento, Centro,510.0,78.0,1.0,3.0,1.0,26.0,1,2600
Apartamento, Coqueiros,750.0,61.0,2.0,2.0,1.0,30.5,1,4500
Apartamento,Itacorubi,919.0,231.0,3.0,2.0,2.0,115.5,1,8800
Apartamento, Centro,1518.0,95.0,2.0,3.0,1.0,31.666666666666668,1,2400
Casa, Campeche,0.0,127.0,2.0,3.0,2.0,42.333333333333336,1,6800
Apartamento, Coqueiros,0.0,30.0,1.0,1.0,3.0,30.0,1,2400
Casa, Morro das Pedras,1063.0,550.0,3.0,3.0,3.0,183.33333333333331,1,14900
Apartamento,Ingleses do Rio Vermelho,709.0,47.0,1.0,1.0,1.0,47.0,1,4000
Apartamento, Centro,1492.0,109.0,2.0,3.0,2.0,36.333333333333336,1,4500
Apartamento, Centro,925.0,68.0,3.0,2.0,1.0,34.0,1,2800
Casa, Jurerê Internacional,0.0,400.0,6.0,5.0,3.0,80.0,1,25000
Casa, Monte Verde,0.0,140.0,2.0,3.0,3.0,46.66666666666666,1,5200
Casa, Ribeirão da Ilha,0.0,135.0,1.0,3.0,1.0,45.0,1,4300
Apartamento, Agronômica,900.0,115.0,4.0,3.0,2.0,38.333333333333336,1,6900
Apartamento, Itacorubi,530.0,47.0,1.0,2.0,1.0,23.5,1,2700
Casa, Capoeiras,0.0,300.0,2.0,3.0,1.0,100.0,1,4300
Kitnet/Conjugado,Jurerê,0.0,26.0,1.0,1.0,1.0,26.0,1,2300
Apartamento, Coqueiros,550.0,79.0,1.0,3.0,1.0,26.33333333333333,1,3200
Apartamento, Jurerê,1200.0,114.0,4.0,3.0,2.0,38.0,1,10800
Casa,Agronômica,0.0,110.0,2.0,4.0,2.0,27.5,1,6500
Apartamento, Coqueiros,500.0,92.0,2.0,3.0,1.0,30.666666666666668,1,3450
Apartamento, Ingleses do Rio Vermelho,0.0,50.0,1.0,1.0,1.0,50.0,1,480
Casa,Jurerê Internacional,0.0,600.0,8.0,6.0,4.0,100.0,1,40000
Apartamento,Coqueiros,400.0,35.0,1.0,1.0,1.0,35.0,1,2500
Apartamento, Itacorubi,1.0,60.0,2.0,2.0,1.0,30.0,1,4900
Apartamento, Abraão,1059.0,98.0,2.0,3.0,2.0,32.666666666666664,1,4200
Apartamento, Agronômica,750.0,77.0,2.0,2.0,1.0,38.5,1,3200
Casa,Estreito,0.0,480.0,3.0,4.0,2.0,120.0,1,8900
Apartamento, Jardim Atlântico,1178.0,87.0,2.0,3.0,2.0,29.0,1,4200
Casa,Balneário,0.0,330.0,4.0,5.0,5.0,66.0,1,14000
Apartamento, Rio Tavares,800.0,78.0,2.0,2.0,1.0,39.0,1,5500
Apartamento, Coqueiros,550.0,80.0,1.0,3.0,1.0,26.666666666666668,1,3200
Apartamento, Campeche,0.0,83.0,1.0,2.0,1.0,41.5,1,3000
Apartamento, Canto,1246.0,125.0,4.0,3.0,2.0,41.66666666666666,1,4500
Apartamento, Saco Grande,1020.0,113.0,2.0,3.0,2.0,37.66666666666666,1,6000
Apartamento, Centro,934.0,70.0,2.0,2.0,1.0,35.0,1,2900
Apartamento, Campeche,40.0,83.0,1.0,2.0,1.0,41.5,1,3000
Casa, Morro das Pedras,0.0,79.0,2.0,3.0,2.0,26.33333333333333,1,3800
Apartamento, Ingleses do Rio Vermelho,580.0,62.0,1.0,2.0,1.0,31.0,1,950
Casa,Jurerê Internacional,0.0,450.0,5.0,4.0,4.0,112.5,1,20000
Apartamento, Campeche,580.0,78.0,2.0,2.0,2.0,39.0,1,5900
Apartamento, Abraão,946.0,144.0,3.0,3.0,1.0,48.0,1,4100
Kitnet/Conjugado, Pantanal,0.0,15.0,1.0,2.0,1.0,7.5,1,1200
Apartamento, Campeche,1451.0,95.0,3.0,2.0,1.0,47.5,1,6500
Casa, Lagoa da Conceição,0.0,220.0,3.0,3.0,1.0,73.33333333333333,1,10500
Apartamento, Monte Verde,535.0,73.0,2.0,2.0,2.0,36.5,1,4500
Apartamento, Centro,491.0,43.0,1.0,1.0,1.0,43.0,1,3700
Apartamento, Abraão,1261.0,96.0,2.0,3.0,1.0,32.0,1,4500
Apartamento, Coqueiros,450.0,51.0,1.0,2.0,1.0,25.5,1,1600
Casa,Agronômica,0.0,215.0,4.0,6.0,4.0,35.833333333333336,1,15000
Apartamento, Centro,1400.0,124.0,2.0,3.0,1.0,41.333333333333336,1,4200
Apartamento, Trindade,716.0,80.0,2.0,2.0,2.0,40.0,1,5000
Apartamento, Itacorubi,515.0,67.0,2.0,2.0,2.0,33.5,1,4638
Casa, Córrego Grande,1700.0,400.0,5.0,4.0,4.0,100.0,1,15000
Apartamento, Jurerê Internacional,1500.0,105.0,2.0,2.0,2.0,52.5,1,6500
Apartamento, Itacorubi,1.0,60.0,2.0,2.0,1.0,30.0,1,4900
Apartamento,Centro,1026.0,98.0,2.0,3.0,1.0,32.666666666666664,1,3500
Apartamento, Coqueiros,95.0,33.0,1.0,1.0,1.0,33.0,1,1890
Apartamento, Centro,900.0,123.0,2.0,2.0,1.0,61.5,1,5000
Apartamento, Itacorubi,830.0,70.0,2.0,2.0,1.0,35.0,1,3200
Apartamento,Joao Paulo,600.0,68.0,2.0,2.0,1.0,34.0,1,3900
Apartamento, Ingleses do Rio Vermelho,1660.0,60.0,1.0,1.0,1.0,60.0,1,4100
Casa, Ribeirão da Ilha,0.0,60.0,1.0,2.0,1.0,30.0,1,4990
Apartamento, Ingleses do Rio Vermelho,600.0,80.0,2.0,2.0,3.0,40.0,1,2700
Apartamento, Centro,0.0,90.0,1.0,2.0,1.0,45.0,1,2720
Apartamento, Itacorubi,1000.0,101.0,2.0,3.0,2.0,33.666666666666664,1,6500
Apartamento, Itacorubi,1000.0,108.0,2.0,3.0,2.0,36.0,1,6500
Apartamento, Joao Paulo,850.0,85.0,2.0,2.0,1.0,42.5,1,3500
Casa, Trindade,0.0,280.0,6.0,2.0,1.0,140.0,1,8400
Apartamento, Rio Tavares,1000.0,125.0,3.0,3.0,2.0,41.66666666666666,1,5200
Casa, Santa Mônica,150.0,80.0,1.0,3.0,1.0,26.666666666666668,1,3700
Apartamento, Centro,490.0,38.0,1.0,1.0,1.0,38.0,1,1950
Apartamento, Jurerê Internacional,550.0,75.0,2.0,2.0,1.0,37.5,1,6650
Apartamento, Coqueiros,496.0,61.0,1.0,2.0,1.0,30.5,1,1690
Apartamento, Rio Tavares,0.0,32.0,1.0,1.0,1.0,32.0,1,1800
Apartamento, Agronômica,750.0,77.0,2.0,2.0,1.0,38.5,1,3200
Apartamento, Capoeiras,999.0,75.0,2.0,2.0,2.0,37.5,1,4200
Apartamento,Carvoeira,632.0,55.0,2.0,1.0,1.0,55.0,1,4800
Apartamento, Trindade,590.0,52.0,1.0,2.0,1.0,26.0,1,2300
Casa,Cacupé,1900.0,185.0,3.0,2.0,4.0,92.5,1,14500
Apartamento,Joao Paulo,1200.0,107.0,3.0,2.0,2.0,53.5,1,6500
Apartamento, Capoeiras,480.0,70.0,1.0,2.0,1.0,35.0,1,2200
Apartamento, Abraão,450.0,55.0,1.0,1.0,1.0,55.0,1,1600
Apartamento, Centro,320.0,51.0,1.0,1.0,1.0,51.0,1,1350
Apartamento, Ingleses do Rio Vermelho,675.0,42.0,1.0,1.0,1.0,42.0,1,5975
Apartamento, Centro,1160.0,116.0,2.0,3.0,1.0,38.66666666666666,1,6500
Casa, Pântano do Sul,0.0,200.0,8.0,7.0,1.0,28.571428571428573,1,18000
Apartamento, Ingleses do Rio Vermelho,0.0,50.0,1.0,1.0,1.0,50.0,1,2200
Apartamento, Beira Mar,3555.0,283.0,5.0,3.0,2.0,94.33333333333331,1,8000
Casa, Abraão,1.0,162.0,2.0,3.0,2.0,54.0,1,4450
Apartamento, Estreito,900.0,99.0,2.0,3.0,1.0,33.0,1,3500
Casa, Lagoa da Conceição,750.0,150.0,3.0,3.0,2.0,50.0,1,5900
Casa, Campeche,0.0,110.0,3.0,3.0,2.0,36.66666666666666,1,6000
Casa, Jurerê Internacional,0.0,550.0,7.0,5.0,3.0,110.0,1,40000
Apartamento, Centro,780.0,103.0,2.0,3.0,1.0,34.333333333333336,1,3000
Apartamento, Campeche,880.0,100.0,3.0,2.0,1.0,50.0,1,9000
Apartamento, Centro,660.0,69.0,2.0,2.0,1.0,34.5,1,4300
Apartamento, Abraão,946.0,97.0,2.0,3.0,2.0,32.333333333333336,1,4100
Casa, Jurerê Internacional,0.0,300.0,4.0,4.0,2.0,75.0,1,15000
Apartamento, Coqueiros,655.0,106.0,3.0,3.0,1.0,35.333333333333336,1,4000
Apartamento, Pantanal,680.0,88.0,2.0,3.0,2.0,29.33333333333333,1,5000
Apartamento, Abraão,790.0,83.0,3.0,2.0,2.0,41.5,1,4500
Apartamento, Jardim Atlântico,523.0,55.0,2.0,2.0,1.0,27.5,1,2260
Casa, Açores,0.0,115.0,2.0,4.0,2.0,28.75,1,6500
Apartamento, Córrego Grande,950.0,91.0,2.0,3.0,1.0,30.33333333333333,1,4400
Apartamento, Itacorubi,1.0,60.0,2.0,2.0,1.0,30.0,1,4500
Apartamento, Jurerê,1000.0,166.0,3.0,3.0,3.0,55.333333333333336,1,14500
Casa, Campeche,0.0,160.0,2.0,2.0,1.0,80.0,1,6400
Casa, Campeche,0.0,60.0,1.0,2.0,2.0,30.0,1,2800
Apartamento, Abraão,650.0,99.0,3.0,3.0,1.0,33.0,1,2400
Apartamento,Centro,1100.0,167.0,4.0,3.0,2.0,55.66666666666666,1,24000
Casa, Campeche,0.0,130.0,3.0,3.0,2.0,43.333333333333336,1,4900
Apartamento, Joao Paulo,0.0,76.0,2.0,2.0,2.0,38.0,1,6000
Apartamento, Itacorubi,1000.0,101.0,2.0,3.0,2.0,33.666666666666664,1,6000
Casa, Pantanal,0.0,63.0,1.0,2.0,2.0,31.5,1,3000
Apartamento, Agronômica,380.0,60.0,1.0,1.0,1.0,60.0,1,3300
Casa, Jurerê Internacional,0.0,400.0,4.0,4.0,2.0,100.0,1,20000
Apartamento, Estreito,478.0,44.0,1.0,1.0,1.0,44.0,1,1950
Apartamento, Joao Paulo,500.0,37.0,1.0,1.0,1.0,37.0,1,4900
Apartamento, Córrego Grande,450.0,73.0,2.0,3.0,1.0,24.33333333333333,1,3800
Apartamento, Saco Grande,710.0,75.0,2.0,2.0,2.0,37.5,1,3100
Apartamento, Campeche,0.0,188.0,2.0,3.0,2.0,62.66666666666666,1,7000
Apartamento, Barra da Lagoa,150.0,30.0,1.0,1.0,1.0,30.0,1,1400
Apartamento, Estreito,470.0,75.0,1.0,2.0,2.0,37.5,1,1890
Apartamento, Joao Paulo,760.0,52.0,1.0,2.0,1.0,26.0,1,2300
Apartamento, Carvoeira,500.0,40.0,1.0,1.0,1.0,40.0,1,3000
Apartamento,Centro,1355.0,147.0,4.0,3.0,3.0,49.0,1,6400
Apartamento, Centro,600.0,75.0,3.0,2.0,1.0,37.5,1,3200
Apartamento, Coqueiros,260.0,120.0,3.0,4.0,1.0,30.0,1,2700
Apartamento, Capoeiras,860.0,65.0,1.0,2.0,1.0,32.5,1,2400
Apartamento, Itacorubi,455.0,65.0,1.0,2.0,1.0,32.5,1,2590
Apartamento, Joao Paulo,670.0,74.0,2.0,2.0,1.0,37.0,1,3850
Apartamento, Carvoeira,485.0,36.0,1.0,1.0,1.0,36.0,1,3500
Apartamento, Carvoeira,655.0,24.0,1.0,1.0,1.0,24.0,1,2815
Apartamento, Campeche,580.0,82.0,2.0,3.0,2.0,27.33333333333333,1,5400
Apartamento, Joao Paulo,999.0,81.0,1.0,3.0,2.0,27.0,1,2500
Apartamento, Centro,800.0,73.0,2.0,2.0,1.0,36.5,1,4200
Apartamento, Centro,860.0,89.0,2.0,3.0,1.0,29.666666666666668,1,4500
Casa,Rio Tavares,0.0,60.0,1.0,2.0,1.0,30.0,1,3380
Apartamento, Saco dos Limões,600.0,62.0,1.0,2.0,1.0,31.0,1,2600
Apartamento, Agronômica,220.0,22.0,1.0,1.0,1.0,22.0,1,1500
Apartamento, Pantanal,610.0,35.0,1.0,1.0,1.0,35.0,1,2400
Apartamento, Centro,814.0,48.0,1.0,1.0,1.0,48.0,1,2000
Casa, Praia Mole,0.0,137.0,3.0,3.0,2.0,45.66666666666666,1,9500
Apartamento, Agronômica,900.0,113.0,4.0,3.0,2.0,37.66666666666666,1,6300
Apartamento, Ingleses do Rio Vermelho,415.0,100.0,2.0,2.0,1.0,50.0,1,3050
Apartamento,Centro,1100.0,108.0,3.0,2.0,2.0,54.0,1,9900
Casa, Santa Mônica,0.0,180.0,2.0,4.0,3.0,45.0,1,12000
Casa, Costeira do Pirajubaé,0.0,80.0,1.0,2.0,1.0,40.0,1,2300
Apartamento, Ingleses do Rio Vermelho,2500.0,320.0,6.0,5.0,4.0,64.0,1,18000
Apartamento, Ingleses do Rio Vermelho,180.0,50.0,1.0,1.0,1.0,50.0,1,2850
Apartamento,Carvoeira,460.0,40.0,1.0,1.0,1.0,40.0,1,2800
Apartamento, Capoeiras,532.0,78.0,3.0,2.0,1.0,39.0,1,3400
Apartamento, Centro,800.0,71.0,2.0,2.0,1.0,35.5,1,4100
Apartamento, Centro,850.0,71.0,2.0,2.0,2.0,35.5,1,4450
Apartamento, Agronômica,202.0,22.0,1.0,1.0,1.0,22.0,1,1500
Apartamento, Campeche,696.0,87.0,2.0,3.0,1.0,29.0,1,3900
Apartamento, Jurerê,700.0,118.0,3.0,2.0,1.0,59.0,1,6500
Casa, Trindade,90.0,240.0,4.0,3.0,2.0,80.0,1,9500
Apartamento,Centro,2206.0,264.0,5.0,4.0,2.0,66.0,1,10000
Casa,Sambaqui,0.0,226.0,2.0,3.0,1.0,75.33333333333333,1,15000
Apartamento, Agronômica,3554.0,283.0,6.0,3.0,2.0,94.33333333333331,1,12000
Apartamento, Balneário,963.0,143.0,3.0,4.0,2.0,35.75,1,4900
Apartamento, Centro,0.0,35.0,1.0,1.0,1.0,35.0,1,1300
Loft,Itacorubi,0.0,30.0,1.0,2.0,1.0,15.0,1,1250
Apartamento, Trindade,1030.0,120.0,3.0,3.0,1.0,40.0,1,3500
Casa, Campeche,550.0,320.0,5.0,4.0,3.0,80.0,1,18000
Casa,Centro,50.0,160.0,3.0,3.0,2.0,53.333333333333336,1,6000
Apartamento,Centro,1700.0,164.0,3.0,3.0,2.0,54.66666666666666,1,8700
Casa,Jurerê Internacional,0.0,430.0,7.0,5.0,3.0,86.0,1,40000
Apartamento, Armação do Pântano do Sul,0.0,65.0,1.0,2.0,1.0,32.5,1,2900
Apartamento, Centro,790.0,91.0,2.0,2.0,1.0,45.5,1,4500
Casa, Campeche,0.0,140.0,3.0,3.0,1.0,46.66666666666666,1,6293
Apartamento, Carvoeira,688.0,63.0,3.0,2.0,1.0,31.5,1,3200
Apartamento, Rio Tavares,656.0,82.0,3.0,2.0,2.0,41.0,1,5200
Casa,Jurerê Internacional,0.0,460.0,6.0,5.0,2.0,92.0,1,50000
Casa, Trindade,0.0,250.0,4.0,6.0,2.0,41.66666666666666,1,8500
Apartamento, Agronômica,1280.0,120.0,3.0,3.0,2.0,40.0,1,7800
Apartamento, Estreito,400.0,65.0,2.0,2.0,1.0,32.5,1,3700
Apartamento, Pantanal,500.0,113.0,2.0,2.0,1.0,56.5,1,3200
Apartamento, Centro,0.0,30.0,1.0,1.0,1.0,30.0,1,1200
Apartamento, Carvoeira,550.0,59.0,1.0,2.0,1.0,29.5,1,2400
Apartamento, Itacorubi,630.0,74.0,2.0,2.0,1.0,37.0,1,3000
Apartamento, Itacorubi,1000.0,101.0,2.0,3.0,2.0,33.666666666666664,1,6000
Apartamento, Trindade,0.0,75.0,2.0,2.0,1.0,37.5,1,2500
Apartamento, Carvoeira,439.0,16.0,1.0,1.0,1.0,16.0,1,2421
Apartamento, Centro,590.0,57.0,1.0,2.0,1.0,28.5,1,3200
Casa, Campeche,0.0,160.0,2.0,3.0,1.0,53.333333333333336,1,6700
Apartamento, Centro,1036.0,43.0,1.0,1.0,1.0,43.0,1,3000
Apartamento, Jardim Atlântico,160.0,73.0,1.0,2.0,1.0,36.5,1,1700
Apartamento, Trindade,520.0,79.0,1.0,2.0,1.0,39.5,1,2650
Casa,Jurerê Internacional,0.0,500.0,5.0,7.0,2.0,71.42857142857143,1,7500
Apartamento, Carvoeira,439.0,16.0,1.0,1.0,1.0,16.0,1,2421
Apartamento, Centro,800.0,122.0,3.0,3.0,1.0,40.66666666666666,1,4000
Casa, Cachoeira do Bom Jesus,0.0,140.0,3.0,3.0,1.0,46.66666666666666,1,4300
Apartamento, Coqueiros,750.0,61.0,2.0,2.0,1.0,30.5,1,4800
Apartamento, Saco dos Limões,0.0,64.0,1.0,1.0,1.0,64.0,1,2800
Apartamento, Carvoeira,500.0,46.0,2.0,1.0,1.0,46.0,1,4490
Casa,Itacorubi,0.0,329.0,5.0,4.0,3.0,82.25,1,13499
Casa,Jurerê Internacional,0.0,382.0,5.0,5.0,4.0,76.4,1,25000
Apartamento, Lagoa da Conceição,1100.0,244.0,3.0,3.0,1.0,81.33333333333333,1,5500
Casa, Santa Mônica,150.0,80.0,1.0,3.0,2.0,26.666666666666668,1,3700
Apartamento, Agronômica,1190.0,131.0,3.0,3.0,2.0,43.66666666666666,1,12250
Apartamento, Carvoeira,655.0,24.0,1.0,1.0,1.0,24.0,1,2815
Casa,Jurerê Internacional,0.0,315.0,5.0,4.0,3.0,78.75,1,18000
Apartamento, Carvoeira,400.0,89.0,2.0,3.0,2.0,29.666666666666668,1,3100
Apartamento, Carvoeira,439.0,16.0,1.0,1.0,1.0,16.0,1,2421
Apartamento,Itacorubi,590.0,70.0,1.0,2.0,2.0,35.0,1,3900
Kitnet/Conjugado, Lagoa da Conceição,0.0,40.0,1.0,1.0,1.0,40.0,1,2450
Casa, Campeche,0.0,140.0,3.0,3.0,1.0,46.66666666666666,1,6727
Kitnet/Conjugado, Itacorubi,0.0,35.0,1.0,2.0,1.0,17.5,1,1350
Apartamento, Rio Tavares,0.0,35.0,1.0,1.0,1.0,35.0,1,1800
Apartamento, Carvoeira,439.0,16.0,1.0,1.0,1.0,16.0,1,2421
Apartamento, Coqueiros,650.0,74.0,1.0,1.0,1.0,74.0,1,2000
Apartamento, Carvoeira,655.0,24.0,1.0,1.0,1.0,24.0,1,2815
Casa,Jurerê,0.0,450.0,6.0,4.0,2.0,112.5,1,5000
Apartamento, Campeche,850.0,88.0,2.0,3.0,2.0,29.33333333333333,1,4400
Apartamento, Jardim Atlântico,1149.0,87.0,3.0,3.0,2.0,29.0,1,3900
Apartamento,Agronômica,0.0,50.0,1.0,1.0,1.0,50.0,1,4900
Casa, Cacupé,5000.0,1228.0,6.0,4.0,4.0,307.0,1,40000
Apartamento, Barra da Lagoa,150.0,40.0,1.0,1.0,1.0,40.0,1,1450
Apartamento, Balneario do Estreito,550.0,95.0,2.0,3.0,1.0,31.666666666666668,1,3000
Apartamento,Jardim Atlântico,560.0,66.0,2.0,2.0,1.0,33.0,1,4500
Apartamento, José Mendes,0.0,60.0,1.0,2.0,1.0,30.0,1,2300
Casa, Campeche,1900.0,300.0,3.0,3.0,4.0,100.0,1,20000
Casa,Daniela,0.0,300.0,4.0,5.0,3.0,60.0,1,45000
Apartamento, Carvoeira,439.0,16.0,1.0,1.0,1.0,16.0,1,2421
Apartamento, Trindade,450.0,97.0,1.0,2.0,1.0,48.5,1,2800
Apartamento,Centro,2030.0,201.0,5.0,4.0,2.0,50.25,1,6000
Apartamento, Centro,800.0,71.0,2.0,2.0,1.0,35.5,1,4100
Apartamento, Carvoeira,439.0,16.0,1.0,1.0,1.0,16.0,1,2421
Casa, Campeche,50.0,45.0,1.0,2.0,1.0,22.5,1,2700
Apartamento, Cachoeira do Bom Jesus,650.0,60.0,1.0,1.0,1.0,60.0,1,2200
Apartamento, Carvoeira,439.0,16.0,1.0,1.0,1.0,16.0,1,2421
Apartamento, Centro,850.0,68.0,2.0,2.0,1.0,34.0,1,3400
Apartamento, Córrego Grande,500.0,47.0,1.0,1.0,1.0,47.0,1,3550
Apartamento, Pantanal,120.0,21.0,1.0,1.0,1.0,21.0,1,1100
Apartamento, Trindade,840.0,86.0,2.0,2.0,2.0,43.0,1,3500
Apartamento, Trindade,550.0,66.0,1.0,2.0,1.0,33.0,1,2700
Casa, São João do Rio Vermelho,0.0,50.0,1.0,2.0,1.0,25.0,1,1800
Apartamento, Centro,523.0,52.0,1.0,1.0,1.0,52.0,1,3500
Apartamento, Centro,781.0,64.0,1.0,2.0,1.0,32.0,1,3000
Apartamento, Jardim Atlântico,450.0,59.0,1.0,3.0,1.0,19.666666666666668,1,1790
Apartamento, Campeche,0.0,45.0,1.0,1.0,1.0,45.0,1,2300
Apartamento,Centro,2090.0,174.0,2.0,4.0,2.0,43.5,1,7500
Apartamento, Campeche,872.0,100.0,3.0,2.0,1.0,50.0,1,8000
Apartamento, Jardim Atlântico,1200.0,122.0,3.0,3.0,2.0,40.66666666666666,1,3800
Apartamento, Campeche,1.0,45.0,1.0,1.0,2.0,45.0,1,3650
Apartamento,Centro,667.0,49.0,2.0,1.0,1.0,49.0,1,5500
Apartamento,Lagoa da Conceição,600.0,62.0,1.0,2.0,1.0,31.0,1,2700
Apartamento, Itacorubi,390.0,51.0,1.0,1.0,1.0,51.0,1,2100
Apartamento, Centro,2235.0,95.0,3.0,3.0,1.0,31.666666666666668,1,2800
Apartamento, Abraão,1146.0,96.0,2.0,3.0,1.0,32.0,1,4650
Casa, Santa Mônica,0.0,80.0,1.0,3.0,1.0,26.666666666666668,1,3600
Apartamento, Estreito,489.0,96.0,2.0,3.0,2.0,32.0,1,3700
Apartamento, Trindade,520.0,56.0,1.0,2.0,1.0,28.0,1,2450
Casa, Jurerê,0.0,500.0,6.0,4.0,6.0,125.0,1,40000
Apartamento, Canasvieiras,200.0,35.0,1.0,1.0,1.0,35.0,1,2000
Apartamento,Carvoeira,609.0,63.0,3.0,2.0,1.0,31.5,1,4000
Apartamento, Trindade,530.0,75.0,1.0,3.0,1.0,25.0,1,2500
Apartamento, Ingleses do Rio Vermelho,675.0,45.0,1.0,1.0,1.0,45.0,1,5975
Casa, Jardim Atlântico,0.0,68.0,1.0,3.0,1.0,22.666666666666668,1,2000
Kitnet/Conjugado, Trindade,0.0,33.0,1.0,1.0,1.0,33.0,1,1700
Apartamento, Abraão,1290.0,188.0,3.0,2.0,1.0,94.0,1,3600
Apartamento, Centro,440.0,43.0,1.0,1.0,1.0,43.0,1,1900
Apartamento, Centro,1250.0,78.0,2.0,2.0,1.0,39.0,1,3300
Apartamento, Carvoeira,500.0,40.0,1.0,1.0,1.0,40.0,1,2700
Apartamento, Centro,858.0,90.0,2.0,3.0,1.0,30.0,1,2650
Apartamento, Itacorubi,648.0,74.0,1.0,2.0,1.0,37.0,1,4000
Apartamento,Beira Mar,523.0,53.0,1.0,1.0,1.0,53.0,1,3500
Apartamento, Trindade,635.0,78.0,3.0,3.0,1.0,26.0,1,3200
Apartamento, Balneário,475.0,70.0,2.0,2.0,1.0,35.0,1,4900
Apartamento, Centro,685.0,80.0,2.0,3.0,1.0,26.666666666666668,1,3100
Casa,Jurerê,1727.0,170.0,4.0,3.0,1.0,56.66666666666666,1,15000
Apartamento, Campeche,433.0,68.0,1.0,2.0,1.0,34.0,1,3600
Casa, Campeche,650.0,320.0,5.0,4.0,3.0,80.0,1,16000
Apartamento,Centro,995.0,110.0,2.0,3.0,2.0,36.66666666666666,1,5650
Casa, Itaguaçu,0.0,360.0,4.0,5.0,2.0,72.0,1,20000
Casa, Ingleses do Rio Vermelho,0.0,252.0,2.0,3.0,3.0,84.0,1,12000
Apartamento, Campeche,888.0,87.0,2.0,2.0,2.0,43.5,1,5800
Apartamento,Centro,510.0,44.0,1.0,1.0,1.0,44.0,1,5500
Apartamento, Campeche,500.0,71.0,2.0,2.0,1.0,35.5,1,3900
Apartamento, Trindade,596.0,49.0,1.0,1.0,1.0,49.0,1,2200
Casa, Ribeirão da Ilha,0.0,104.0,1.0,2.0,1.0,52.0,1,4990
Apartamento, Itacorubi,980.0,101.0,2.0,3.0,2.0,33.666666666666664,1,6000
Apartamento, Estreito,1246.0,107.0,4.0,3.0,2.0,35.666666666666664,1,4500
Casa, Daniela,0.0,345.0,6.0,5.0,3.0,69.0,1,36000
Apartamento, Itacorubi,650.0,68.0,3.0,2.0,2.0,34.0,1,3850
Casa,Jurerê Internacional,0.0,400.0,7.0,5.0,3.0,80.0,1,25000
Apartamento, Balneário,744.0,69.0,2.0,2.0,2.0,34.5,1,4100
Casa, Cachoeira do Bom Jesus,350.0,226.0,3.0,3.0,2.0,75.33333333333333,1,6400
Apartamento, Centro,562.0,46.0,1.0,1.0,1.0,46.0,1,1900
Apartamento, Centro,1800.0,132.0,3.0,3.0,2.0,44.0,1,15026
Apartamento, Saco Grande,880.0,94.0,2.0,3.0,2.0,31.33333333333333,1,4800
Casa,Balneário,0.0,420.0,6.0,5.0,4.0,84.0,1,14000
Casa, Tapera da Base,0.0,120.0,2.0,2.0,1.0,60.0,1,2800
Apartamento, Campeche,1000.0,47.0,1.0,1.0,1.0,47.0,1,4000
Casa, Lagoa da Conceição,0.0,250.0,4.0,3.0,1.0,83.33333333333333,1,18000
Casa, São João do Rio Vermelho,0.0,100.0,1.0,2.0,1.0,50.0,1,3880
Apartamento, Itacorubi,504.0,40.0,1.0,1.0,1.0,40.0,1,1700
Casa, Morro das Pedras,620.0,240.0,5.0,3.0,2.0,80.0,1,14000
Apartamento, Córrego Grande,470.0,67.0,2.0,2.0,1.0,33.5,1,4500
Apartamento, Trindade,150.0,25.0,1.0,1.0,1.0,25.0,1,1850
Casa, Cacupé,490.0,250.0,3.0,4.0,6.0,62.5,1,12000
Apartamento, Itacorubi,950.0,98.0,2.0,3.0,2.0,32.666666666666664,1,6000
Apartamento, Ribeirão da Ilha,500.0,82.0,2.0,2.0,1.0,41.0,1,2700
Apartamento, Campeche,1576.0,95.0,3.0,2.0,1.0,47.5,1,7000
Apartamento, Itacorubi,0.0,75.0,2.0,2.0,1.0,37.5,1,5050
Casa,Cachoeira do Bom Jesus,0.0,100.0,2.0,5.0,1.0,20.0,1,4000
Apartamento, Ingleses do Rio Vermelho,543.0,90.0,2.0,3.0,2.0,30.0,1,4500
Casa, Cacupé,0.0,848.0,6.0,5.0,3.0,169.6,1,19900
Apartamento, Centro,150.0,65.0,1.0,2.0,1.0,32.5,1,2100
Casa,Joao Paulo,0.0,216.0,3.0,4.0,2.0,54.0,1,9500
Apartamento, Itacorubi,505.0,123.0,5.0,3.0,3.0,41.0,1,7000
Apartamento, Joao Paulo,700.0,50.0,1.0,1.0,1.0,50.0,1,3350
Apartamento, Trindade,650.0,40.0,1.0,1.0,1.0,40.0,1,3445
Apartamento, Centro,800.0,68.0,2.0,2.0,1.0,34.0,1,4000
Casa, Lagoa da Conceição,0.0,250.0,4.0,3.0,1.0,83.33333333333333,1,18000
Apartamento, Itacorubi,923.0,69.0,2.0,2.0,2.0,34.5,1,3000
Apartamento, Ingleses do Rio Vermelho,675.0,45.0,1.0,1.0,1.0,45.0,1,5975
Apartamento, Campeche,550.0,76.0,2.0,2.0,1.0,38.0,1,5600
Casa, Jurerê Internacional,2000.0,450.0,5.0,4.0,2.0,112.5,1,20000
Apartamento, Centro,418.0,50.0,1.0,1.0,1.0,50.0,1,1900
Casa,Jurerê Internacional,2000.0,900.0,7.0,7.0,4.0,128.57142857142858,1,45000
Apartamento, Jardim Atlântico,0.0,65.0,2.0,2.0,2.0,32.5,1,6200
Apartamento, Carvoeira,485.0,45.0,2.0,1.0,1.0,45.0,1,4100
Casa,Campeche,0.0,129.0,3.0,3.0,2.0,43.0,1,7990
Apartamento, Centro,1330.0,200.0,4.0,3.0,1.0,66.66666666666667,1,6800
Apartamento, Centro,844.0,89.0,2.0,3.0,1.0,29.666666666666668,1,3600
Apartamento, Centro,650.0,52.0,1.0,2.0,1.0,26.0,1,2700
Apartamento,Pantanal,800.0,88.0,2.0,3.0,1.0,29.33333333333333,1,5000
Apartamento, Córrego Grande,1025.0,98.0,1.0,2.0,1.0,49.0,1,2300
Apartamento, Campeche,0.0,50.0,1.0,2.0,1.0,25.0,1,2500
Apartamento, Centro,420.0,73.0,2.0,2.0,1.0,36.5,1,5700
Casa,Rio Tavares,0.0,121.0,4.0,3.0,2.0,40.333333333333336,1,5800
Apartamento, Ingleses do Rio Vermelho,415.0,100.0,2.0,2.0,1.0,50.0,1,3050
Apartamento, Campeche,900.0,40.0,1.0,1.0,1.0,40.0,1,3700
Apartamento,Campeche,0.0,68.0,1.0,2.0,1.0,34.0,1,4500
Apartamento,Campeche,900.0,71.0,2.0,2.0,1.0,35.5,1,5990
Apartamento, Açores,200.0,75.0,2.0,2.0,1.0,37.5,1,2750
Apartamento, Itacorubi,200.0,70.0,2.0,2.0,1.0,35.0,1,4070
Apartamento, Centro,285.0,60.0,1.0,3.0,1.0,20.0,1,2200
Apartamento, Agronômica,5000.0,317.0,5.0,3.0,3.0,105.66666666666669,1,27990
Apartamento, Saco dos Limões,520.0,71.0,1.0,2.0,1.0,35.5,1,2450
Apartamento,Centro,635.0,73.0,2.0,2.0,2.0,36.5,1,6300
Apartamento, Capoeiras,479.0,141.0,2.0,3.0,2.0,47.0,1,4950
Apartamento, Coqueiros,469.0,84.0,1.0,3.0,1.0,28.0,1,2900
Loft,Pantanal,0.0,25.0,1.0,2.0,1.0,12.5,1,950
Casa,Jurerê,0.0,250.0,5.0,3.0,4.0,83.33333333333333,1,20000
Casa,Santo Antônio de Lisboa,0.0,131.0,4.0,3.0,1.0,43.66666666666666,1,8500
Apartamento,Estreito,680.0,58.0,1.0,2.0,1.0,29.0,1,2200
Apartamento, Ingleses do Rio Vermelho,1400.0,100.0,2.0,2.0,2.0,50.0,1,2650
Apartamento, Balneario do Estreito,670.0,122.0,3.0,2.0,2.0,61.0,1,10500
Casa, Jurerê,0.0,600.0,9.0,6.0,4.0,100.0,1,40000
Casa, Rio Tavares,600.0,310.0,5.0,3.0,4.0,103.33333333333331,1,20000
Apartamento, Coqueiros,650.0,62.0,2.0,2.0,1.0,31.0,1,4500
Apartamento, Centro,1056.0,79.0,2.0,2.0,1.0,39.5,1,3300
Apartamento, Agronômica,740.0,120.0,3.0,3.0,1.0,40.0,1,4600
Apartamento, Capoeiras,532.0,79.0,2.0,2.0,1.0,39.5,1,3390
Casa, Jurerê Internacional,0.0,400.0,5.0,4.0,4.0,100.0,1,19000
Apartamento,Agronômica,0.0,50.0,1.0,1.0,1.0,50.0,1,5000
Apartamento, Campeche,685.0,81.0,2.0,3.0,2.0,27.0,1,5250
Apartamento, Cachoeira do Bom Jesus,230.0,50.0,2.0,2.0,1.0,25.0,1,3200
Apartamento, Campeche,1300.0,260.0,2.0,3.0,2.0,86.66666666666667,1,15900
Apartamento, Campeche,0.0,15.0,1.0,1.0,1.0,15.0,1,2280
Casa,Jurerê,0.0,500.0,7.0,4.0,4.0,125.0,1,23000
Apartamento,Cacupé,0.0,166.0,4.0,3.0,2.0,55.333333333333336,1,16000
Apartamento,Joao Paulo,1119.0,114.0,3.0,3.0,2.0,38.0,1,6000
Casa, Cacupé,1600.0,428.0,6.0,4.0,4.0,107.0,1,16000
Casa,Ingleses do Rio Vermelho,0.0,120.0,2.0,3.0,1.0,40.0,1,6900
Apartamento,Carvoeira,685.0,61.0,2.0,1.0,1.0,61.0,1,5200
Apartamento, Agronômica,144.0,22.0,1.0,1.0,1.0,22.0,1,1300
Apartamento, Balneário,1000.0,126.0,3.0,5.0,2.0,25.2,1,4900
Apartamento, Joao Paulo,999.0,81.0,1.0,3.0,2.0,27.0,1,2500
Apartamento, Centro,850.0,120.0,2.0,3.0,1.0,40.0,1,5000
Apartamento, Centro,0.0,200.0,5.0,4.0,2.0,50.0,1,7000
Loft,Pantanal,0.0,18.0,1.0,2.0,1.0,9.0,1,900
Apartamento, Itacorubi,872.0,138.0,4.0,3.0,3.0,46.0,1,7000
Apartamento, Centro,1520.0,92.0,2.0,2.0,1.0,46.0,1,4550
Apartamento, Centro,685.0,65.0,2.0,3.0,1.0,21.666666666666668,1,3950
Apartamento,Centro,1790.0,165.0,4.0,3.0,1.0,55.0,1,9800
Apartamento, Carvoeira,639.0,94.0,2.0,3.0,1.0,31.33333333333333,1,3000
Apartamento, Rio Tavares,800.0,78.0,2.0,2.0,1.0,39.0,1,5500
Casa,Cachoeira do Bom Jesus,0.0,160.0,4.0,3.0,2.0,53.333333333333336,1,9000
Apartamento, Jurerê Internacional,1200.0,120.0,3.0,3.0,3.0,40.0,1,12800
Casa,Trindade,0.0,160.0,4.0,3.0,6.0,53.333333333333336,1,7900
Apartamento, Campeche,1620.0,122.0,2.0,2.0,2.0,61.0,1,8500
Apartamento, Campeche,1437.0,262.0,3.0,2.0,1.0,131.0,1,16000
Apartamento, Coqueiros,655.0,107.0,3.0,3.0,1.0,35.666666666666664,1,3800
Casa,Jurerê Internacional,0.0,900.0,9.0,6.0,4.0,150.0,1,39900
Casa,Agronômica,0.0,320.0,3.0,3.0,3.0,106.66666666666669,1,15000
Casa,Saco dos Limões,0.0,70.0,1.0,2.0,1.0,35.0,1,2400
Apartamento, Carvoeira,767.0,35.0,1.0,1.0,1.0,35.0,1,3000
Apartamento, Centro,440.0,43.0,1.0,1.0,1.0,43.0,1,1900
Apartamento, Centro,458.0,90.0,1.0,3.0,1.0,30.0,1,2300
Apartamento, Itacorubi,271.0,36.0,1.0,1.0,1.0,36.0,1,1800
Casa, Balneário,0.0,200.0,2.0,3.0,4.0,66.66666666666667,1,4500
Apartamento, Canasvieiras,500.0,52.0,1.0,2.0,1.0,26.0,1,2700
Apartamento, Coqueiros,2706.0,254.0,4.0,3.0,3.0,84.66666666666667,1,8500
Casa, Agronômica,0.0,110.0,2.0,4.0,2.0,27.5,1,6000
Apartamento,Lagoa da Conceição,1780.0,150.0,2.0,3.0,1.0,50.0,1,4950
Apartamento, Estreito,500.0,45.0,1.0,1.0,1.0,45.0,1,2900
Apartamento,Centro,1100.0,69.0,2.0,2.0,2.0,34.5,1,9957
Apartamento, Campeche,950.0,39.0,1.0,1.0,1.0,39.0,1,3700
Apartamento, Centro,800.0,73.0,2.0,2.0,2.0,36.5,1,4150
Apartamento, Ingleses do Rio Vermelho,675.0,45.0,1.0,1.0,1.0,45.0,1,5975
Apartamento, Coqueiros,550.0,79.0,1.0,3.0,1.0,26.33333333333333,1,3200
Casa, Campeche,0.0,150.0,3.0,3.0,1.0,50.0,1,6727
Casa,Centro,0.0,268.0,3.0,5.0,4.0,53.6,1,8500
Apartamento,Centro,900.0,100.0,2.0,3.0,1.0,33.333333333333336,1,3500
Apartamento,Agronômica,1201.0,121.0,3.0,3.0,2.0,40.333333333333336,1,5500
Apartamento, Ribeirão da Ilha,560.0,70.0,2.0,2.0,1.0,35.0,1,2700
Casa, Campeche,0.0,75.0,1.0,3.0,1.0,25.0,1,3200
Apartamento, Centro,510.0,78.0,3.0,2.0,1.0,39.0,1,2350
Casa, Campeche,0.0,233.0,5.0,5.0,4.0,46.6,1,8500
Apartamento, Itacorubi,1.0,60.0,2.0,2.0,1.0,30.0,1,4500
Apartamento, Centro,660.0,72.0,1.0,3.0,1.0,24.0,1,2100
Casa, Santa Mônica,150.0,80.0,1.0,3.0,2.0,26.666666666666668,1,3700
Apartamento, Itacorubi,1.0,60.0,2.0,2.0,1.0,30.0,1,4500
Apartamento, Balneario do Estreito,382.0,69.0,2.0,2.0,1.0,34.5,1,3800
Casa, Estreito,0.0,522.0,3.0,4.0,1.0,130.5,1,6592
Kitnet/Conjugado, Centro,0.0,24.0,1.0,1.0,1.0,24.0,1,1300
Apartamento, Jurerê,950.0,90.0,2.0,2.0,2.0,45.0,1,5500
Apartamento, Coqueiros,703.0,128.0,2.0,3.0,2.0,42.66666666666666,1,4300
Apartamento, Ingleses do Rio Vermelho,0.0,83.0,1.0,2.0,1.0,41.5,1,1750
Apartamento, Carvoeira,480.0,40.0,1.0,1.0,1.0,40.0,1,2950
Casa, Santo Antônio de Lisboa,0.0,125.0,3.0,3.0,2.0,41.66666666666666,1,7000
Apartamento,Campeche,1000.0,113.0,2.0,3.0,2.0,37.66666666666666,1,7500
Casa,Centro,0.0,17.0,3.0,1.0,1.0,17.0,1,4400
Casa, São João do Rio Vermelho,0.0,99.0,3.0,2.0,2.0,49.5,1,4200
Apartamento, Campeche,1200.0,113.0,3.0,3.0,2.0,37.66666666666666,1,6900
Apartamento, Ingleses do Rio Vermelho,675.0,45.0,1.0,1.0,1.0,45.0,1,5975
Apartamento, Agronômica,750.0,57.0,1.0,1.0,1.0,57.0,1,2800
Casa, Jurerê Internacional,2500.0,1600.0,9.0,7.0,4.0,228.57142857142856,1,68000
Apartamento,Itacorubi,551.0,64.0,2.0,2.0,1.0,32.0,1,3900
Apartamento, Centro,931.0,113.0,2.0,3.0,1.0,37.66666666666666,1,7600
Apartamento, Itacorubi,0.0,54.0,1.0,2.0,1.0,27.0,1,3400
Apartamento, Canasvieiras,573.0,71.0,2.0,2.0,1.0,35.5,1,4000
Casa,Santo Antônio de Lisboa,0.0,144.0,3.0,3.0,2.0,48.0,1,9500
Apartamento,Centro,3870.0,324.0,4.0,4.0,4.0,81.0,1,15000
Apartamento, Ingleses do Rio Vermelho,300.0,48.0,1.0,2.0,1.0,24.0,1,4000
Apartamento, Centro,290.0,24.0,1.0,1.0,1.0,24.0,1,1700
Apartamento, Ingleses do Rio Vermelho,750.0,104.0,1.0,3.0,1.0,34.666666666666664,1,1250
Apartamento, Itacorubi,600.0,90.0,2.0,2.0,2.0,45.0,1,4200
Casa, Jurerê Internacional,0.0,500.0,8.0,6.0,3.0,83.33333333333333,1,35000
Apartamento, Ingleses do Rio Vermelho,0.0,69.0,1.0,2.0,1.0,34.5,1,850
Apartamento, Capoeiras,878.0,160.0,3.0,3.0,2.0,53.333333333333336,1,2800
Apartamento, Carvoeira,400.0,43.0,1.0,1.0,1.0,43.0,1,2900
Apartamento,Centro,1100.0,108.0,3.0,2.0,2.0,54.0,1,11600
Apartamento, Centro,1800.0,132.0,2.0,3.0,2.0,44.0,1,15026
Apartamento, Agronômica,900.0,113.0,4.0,3.0,2.0,37.66666666666666,1,6300
Apartamento, Jurerê,700.0,130.0,4.0,3.0,2.0,43.333333333333336,1,18000
Casa, Campeche,0.0,140.0,3.0,4.0,3.0,35.0,1,4900
Apartamento, Centro,0.0,100.0,4.0,2.0,2.0,50.0,1,11680
Apartamento, Centro,1418.0,141.0,3.0,3.0,1.0,47.0,1,5500
Casa, Campeche,0.0,150.0,4.0,3.0,1.0,50.0,1,7500
Apartamento, Balneário,520.0,46.0,1.0,1.0,1.0,46.0,1,3500
Apartamento, Centro,850.0,71.0,2.0,2.0,2.0,35.5,1,4450
Apartamento, Itacorubi,608.0,76.0,2.0,3.0,1.0,25.33333333333333,1,2400
Apartamento, Itacorubi,200.0,70.0,2.0,2.0,1.0,35.0,1,3830
Apartamento, Itacorubi,590.0,80.0,1.0,2.0,1.0,40.0,1,3150
Apartamento, Centro,1815.0,158.0,3.0,3.0,1.0,52.66666666666666,1,5000
Apartamento, Campeche,650.0,70.0,2.0,2.0,2.0,35.0,1,5780
Apartamento, Praia dos Ingleses,649.0,88.0,2.0,3.0,2.0,29.33333333333333,1,4450
Apartamento,Centro,1680.0,136.0,3.0,3.0,1.0,45.333333333333336,1,5100
Apartamento,Centro,700.0,116.0,4.0,3.0,2.0,38.66666666666666,1,6500
Apartamento, Carvoeira,390.0,68.0,1.0,2.0,1.0,34.0,1,2800
Apartamento, Centro,663.0,54.0,1.0,3.0,1.0,18.0,1,2500
Apartamento, Centro,1300.0,102.0,3.0,3.0,1.0,34.0,1,4500
Casa, Canto da Lagoa,0.0,70.0,2.0,2.0,2.0,35.0,1,3000
Apartamento,Canasvieiras,355.0,30.0,1.0,1.0,1.0,30.0,1,1800
Apartamento, Abraão,1060.0,104.0,2.0,3.0,1.0,34.666666666666664,1,3600
Casa, Carvoeira,0.0,160.0,4.0,3.0,1.0,53.333333333333336,1,5400
Apartamento,Campeche,1162.0,84.0,3.0,2.0,1.0,42.0,1,6700
Casa,Santa Mônica,0.0,190.0,3.0,5.0,2.0,38.0,1,8500
Casa, Joao Paulo,0.0,590.0,6.0,5.0,5.0,118.0,1,15000
Apartamento, Beira Mar,4692.0,318.0,5.0,4.0,3.0,79.5,1,38000
Apartamento, Itacorubi,816.0,81.0,2.0,3.0,2.0,27.0,1,5500
Apartamento, Córrego Grande,0.0,15.0,1.0,1.0,1.0,15.0,1,1250
Apartamento, Coqueiros,538.0,147.0,3.0,3.0,1.0,49.0,1,2990
Apartamento, Carvoeira,600.0,40.0,1.0,1.0,1.0,40.0,1,3100
Apartamento,Coqueiros,1893.0,130.0,4.0,3.0,2.0,43.333333333333336,1,6500
Casa, Cacupé,1100.0,456.0,5.0,4.0,6.0,114.0,1,24500
Apartamento,Centro,857.0,104.0,3.0,3.0,1.0,34.666666666666664,1,6000
Apartamento, Campeche,1149.0,98.0,2.0,2.0,1.0,49.0,1,4200
Apartamento, Trindade,612.0,92.0,2.0,2.0,1.0,46.0,1,3100
Casa, Campeche,0.0,139.0,2.0,3.0,2.0,46.333333333333336,1,7700
Apartamento, Centro,673.0,69.0,1.0,2.0,1.0,34.5,1,2000
Apartamento,Ingleses do Rio Vermelho,624.0,61.0,2.0,2.0,1.0,30.5,1,4500
Casa, Morro das Pedras,0.0,167.0,3.0,3.0,2.0,55.66666666666666,1,10000
Casa, Carianos,0.0,200.0,1.0,3.0,2.0,66.66666666666667,1,4900
Apartamento,Jardim Atlântico,895.0,99.0,2.0,3.0,1.0,33.0,1,5000
Casa, Sambaqui,0.0,570.0,3.0,3.0,1.0,190.0,1,6500
Apartamento, Trindade,400.0,45.0,1.0,1.0,1.0,45.0,1,1900
Apartamento, Carvoeira,460.0,80.0,1.0,2.0,1.0,40.0,1,5000
Apartamento, Carvoeira,600.0,40.0,1.0,1.0,1.0,40.0,1,2990
Apartamento,Balneário,560.0,70.0,2.0,2.0,2.0,35.0,1,4100
Apartamento, Jurerê,390.0,60.0,2.0,2.0,1.0,30.0,1,3100
Casa, Centro,0.0,100.0,1.0,2.0,1.0,50.0,1,3500
Apartamento, Ingleses Norte,1100.0,140.0,5.0,4.0,2.0,35.0,1,8000
Apartamento,Coqueiros,1085.0,109.0,3.0,3.0,1.0,36.333333333333336,1,4000
Casa, Jurerê,2000.0,1343.0,7.0,4.0,4.0,335.75,1,44000
Apartamento, Coqueiros,680.0,147.0,1.0,3.0,1.0,49.0,1,3500
Apartamento,Trindade,410.0,39.0,1.0,1.0,1.0,39.0,1,2900
Apartamento, Beira Mar,1557.0,186.0,5.0,3.0,2.0,62.0,1,12000
Apartamento, Campeche,0.0,74.0,2.0,3.0,2.0,24.666666666666668,1,6000
Apartamento, Centro,653.0,44.0,1.0,1.0,1.0,44.0,1,2190
Apartamento,Centro,3870.0,323.0,6.0,4.0,2.0,80.75,1,15000
Apartamento, Itacorubi,911.0,92.0,2.0,3.0,2.0,30.666666666666668,1,4900
Apartamento,Centro,1518.0,215.0,2.0,4.0,2.0,53.75,1,6500
Apartamento, Itacorubi,709.0,82.0,2.0,2.0,1.0,41.0,1,4300
Apartamento, Centro,900.0,80.0,1.0,1.0,1.0,80.0,1,3100
Apartamento, Centro,850.0,69.0,2.0,2.0,1.0,34.5,1,3500
Apartamento, Joao Paulo,1098.0,139.0,3.0,3.0,2.0,46.333333333333336,1,5000
Apartamento, Itacorubi,600.0,75.0,2.0,2.0,2.0,37.5,1,6180
Apartamento, Centro,850.0,53.0,1.0,1.0,1.0,53.0,1,3500
Apartamento, Joao Paulo,873.0,67.0,2.0,2.0,1.0,33.5,1,2400
Apartamento, Coqueiros,95.0,20.0,1.0,1.0,1.0,20.0,1,1490
Casa,Campeche,0.0,190.0,2.0,6.0,1.0,31.666666666666668,1,12800
Apartamento, Centro,4125.0,325.0,6.0,4.0,4.0,81.25,1,15000
Apartamento, Lagoa da Conceição,1400.0,120.0,2.0,3.0,2.0,40.0,1,4950
Kitnet/Conjugado, Saco Grande,0.0,60.0,1.0,1.0,1.0,60.0,1,1650
Casa, Capoeiras,0.0,256.0,4.0,4.0,2.0,64.0,1,4800
Apartamento,Agronômica,1280.0,120.0,3.0,2.0,2.0,60.0,1,9000
Casa, São João do Rio Vermelho,0.0,200.0,2.0,3.0,2.0,66.66666666666667,1,5000
Casa, Estreito,0.0,273.0,3.0,5.0,1.0,54.6,1,9500
Apartamento, Santinho,1.0,50.0,1.0,1.0,1.0,50.0,1,1300
Apartamento, Córrego Grande,767.0,55.0,1.0,2.0,1.0,27.5,1,2000
Casa, Jardim Atlântico,0.0,52.0,2.0,4.0,3.0,13.0,1,8050
Casa,Itacorubi,0.0,165.0,4.0,3.0,2.0,55.0,1,10500
Casa, Barra da Lagoa,0.0,180.0,1.0,2.0,4.0,90.0,1,4000
Apartamento,Centro,950.0,106.0,3.0,3.0,1.0,35.333333333333336,1,5500
Apartamento, Beira Mar,800.0,87.0,3.0,2.0,1.0,43.5,1,4500
Casa, Córrego Grande,1600.0,400.0,4.0,4.0,4.0,100.0,1,17100
Apartamento, Carvoeira,614.0,75.0,2.0,3.0,1.0,25.0,1,3000
Apartamento, Abraão,450.0,60.0,1.0,2.0,1.0,30.0,1,2000
Apartamento, Trindade,0.0,26.0,1.0,1.0,1.0,26.0,1,1950
Apartamento, Coqueiros,550.0,79.0,1.0,3.0,1.0,26.33333333333333,1,3200
Casa,Jardim Atlântico,0.0,546.0,4.0,4.0,5.0,136.5,1,19800
Apartamento,Campeche,720.0,39.0,1.0,1.0,1.0,39.0,1,3500
Apartamento, Capoeiras,0.0,220.0,2.0,3.0,2.0,73.33333333333333,1,4700
Casa, Ingleses do Rio Vermelho,1.0,170.0,4.0,3.0,2.0,56.66666666666666,1,5600
Kitnet/Conjugado, Carvoeira,0.0,13.0,1.0,1.0,1.0,13.0,1,1100
Apartamento, Capoeiras,570.0,57.0,1.0,2.0,1.0,28.5,1,1800
Apartamento, Carvoeira,606.0,65.0,1.0,2.0,1.0,32.5,1,2500
Apartamento, Pantanal,390.0,70.0,1.0,2.0,1.0,35.0,1,4600
Apartamento,Joao Paulo,600.0,68.0,2.0,2.0,1.0,34.0,1,4500
Kitnet/Conjugado, Coqueiros,0.0,30.0,1.0,1.0,1.0,30.0,1,780
Apartamento,Lagoa da Conceição,881.0,295.0,3.0,4.0,3.0,73.75,1,7900
Casa, Trindade,0.0,135.0,1.0,3.0,1.0,45.0,1,4980
Apartamento, Campeche,1200.0,113.0,3.0,3.0,2.0,37.66666666666666,1,6900
Apartamento, Joao Paulo,0.0,75.0,2.0,2.0,2.0,37.5,1,7500
Casa, Abraão,0.0,87.0,1.0,3.0,1.0,29.0,1,3290
Apartamento,Trindade,905.0,146.0,3.0,4.0,2.0,36.5,1,6500
Apartamento, Jurerê Internacional,600.0,70.0,1.0,2.0,1.0,35.0,1,5850
Apartamento,Carianos,250.0,99.0,2.0,3.0,1.0,33.0,1,3400
Casa,Capoeiras,0.0,300.0,2.0,3.0,3.0,100.0,1,5000
Apartamento, Jurerê,700.0,118.0,2.0,2.0,1.0,59.0,1,6000
Flat,Vargem do Bom Jesus,0.0,40.0,1.0,1.0,1.0,40.0,1,1000
Apartamento, Balneário,700.0,90.0,2.0,3.0,2.0,30.0,1,5500
Apartamento, Itacorubi,850.0,70.0,2.0,2.0,2.0,35.0,1,4800
Casa,Agronômica,0.0,200.0,2.0,4.0,2.0,50.0,1,3600
Apartamento, Estreito,400.0,65.0,2.0,2.0,1.0,32.5,1,3700
Apartamento, Carvoeira,920.0,85.0,3.0,3.0,1.0,28.33333333333333,1,3500
Apartamento, Pantanal,550.0,31.0,1.0,1.0,1.0,31.0,1,2900
Apartamento, Itacorubi,480.0,52.0,1.0,2.0,1.0,26.0,1,2450
Apartamento, Joao Paulo,1170.0,81.0,2.0,3.0,2.0,27.0,1,2500
Apartamento,Centro,1300.0,145.0,5.0,3.0,2.0,48.333333333333336,1,7500
Casa, Carvoeira,0.0,227.0,2.0,4.0,4.0,56.75,1,5900
Casa, Capoeiras,0.0,228.0,1.0,2.0,1.0,114.0,1,2200
Casa, Campeche,0.0,110.0,3.0,3.0,2.0,36.66666666666666,1,6400
Apartamento,Coqueiros,550.0,79.0,1.0,3.0,1.0,26.33333333333333,1,3200
Apartamento, Joao Paulo,546.0,87.0,2.0,2.0,1.0,43.5,1,6800
Apartamento,Ingleses do Rio Vermelho,400.0,85.0,2.0,3.0,1.0,28.33333333333333,1,3800
Apartamento, Centro,1000.0,105.0,2.0,2.0,1.0,52.5,1,2500
Casa, Capoeiras,0.0,85.0,1.0,3.0,4.0,28.33333333333333,1,2400
Apartamento, Abraão,450.0,60.0,1.0,2.0,1.0,30.0,1,2000
Apartamento, Jurerê,800.0,85.0,2.0,2.0,2.0,42.5,1,5900
Apartamento, Itacorubi,515.0,65.0,2.0,2.0,2.0,32.5,1,5230
Apartamento,Jardim Atlântico,575.0,68.0,2.0,2.0,1.0,34.0,1,4341
Apartamento, Agronômica,550.0,40.0,1.0,1.0,2.0,40.0,1,3300
Apartamento,Jurerê,1000.0,152.0,3.0,3.0,2.0,50.66666666666666,1,8750
Apartamento, Centro,420.0,71.0,1.0,2.0,1.0,35.5,1,6350
Casa, Jurerê Internacional,2000.0,783.0,7.0,4.0,6.0,195.75,1,40000
Apartamento, Carvoeira,439.0,16.0,1.0,1.0,1.0,16.0,1,2421
Apartamento, Abraão,450.0,60.0,1.0,2.0,1.0,30.0,1,2000
Apartamento, Carianos,567.0,78.0,1.0,2.0,1.0,39.0,1,2500
Apartamento, Centro,730.0,69.0,2.0,2.0,2.0,34.5,1,3800
Apartamento, Agronômica,887.0,94.0,3.0,2.0,1.0,47.0,1,9900
Apartamento, Estreito,183.0,48.0,1.0,2.0,1.0,24.0,1,1300
Apartamento, Centro,835.0,90.0,2.0,3.0,1.0,30.0,1,4100
Casa,Cachoeira do Bom Jesus,0.0,162.0,4.0,3.0,2.0,54.0,1,8000
Apartamento,Centro,1210.0,104.0,3.0,3.0,2.0,34.666666666666664,1,3900
Apartamento, Centro,850.0,53.0,1.0,1.0,1.0,53.0,1,3200
Casa,Rio Tavares,320.0,250.0,3.0,3.0,2.0,83.33333333333333,1,8500
Apartamento, Carvoeira,500.0,40.0,1.0,1.0,2.0,40.0,1,2950
Casa,Centro,0.0,360.0,3.0,5.0,4.0,72.0,1,8800
Casa,Centro,0.0,300.0,3.0,2.0,3.0,150.0,1,9000
Apartamento, Saco Grande,710.0,75.0,2.0,2.0,1.0,37.5,1,2950
Apartamento, Campeche,0.0,25.0,1.0,1.0,1.0,25.0,1,2200
Casa, São João do Rio Vermelho,0.0,90.0,1.0,2.0,1.0,45.0,1,3000
Apartamento, Itacorubi,1137.0,122.0,3.0,4.0,2.0,30.5,1,6400
Casa,Trindade,70.0,239.0,3.0,3.0,2.0,79.66666666666667,1,8500
Casa, Monte Verde,700.0,96.0,2.0,2.0,2.0,48.0,1,4200
Kitnet/Conjugado, Pantanal,0.0,15.0,1.0,2.0,1.0,7.5,1,1200
Apartamento, Agronômica,280.0,40.0,1.0,1.0,1.0,40.0,1,3000
Apartamento, Ingleses do Rio Vermelho,320.0,76.0,2.0,2.0,1.0,38.0,1,3000
Kitnet/Conjugado, Córrego Grande,0.0,35.0,1.0,1.0,1.0,35.0,1,3600
Apartamento, Trindade,550.0,66.0,1.0,2.0,1.0,33.0,1,2700
Apartamento, Campeche,1000.0,113.0,3.0,3.0,2.0,37.66666666666666,1,7500
Apartamento,Centro,675.0,56.0,1.0,2.0,1.0,28.0,1,3500
Apartamento, Centro,1076.0,104.0,3.0,3.0,2.0,34.666666666666664,1,3900
Apartamento,Jurerê,780.0,69.0,2.0,2.0,2.0,34.5,1,6500
Casa,Porto da Lagoa,1085.0,175.0,1.0,3.0,2.0,58.333333333333336,1,7000
Apartamento, Trindade,410.0,138.0,2.0,2.0,2.0,69.0,1,5650
Casa,Canasvieiras,368.0,115.0,2.0,3.0,2.0,38.333333333333336,1,4600
Apartamento, Abraão,759.0,75.0,2.0,2.0,1.0,37.5,1,3200
Apartamento, Agronômica,550.0,40.0,1.0,1.0,2.0,40.0,1,3300
Apartamento, Saco dos Limões,423.0,84.0,1.0,3.0,2.0,28.0,1,2200
Apartamento, Estreito,950.0,92.0,1.0,3.0,1.0,30.666666666666668,1,2800
Apartamento, Agronômica,550.0,40.0,1.0,1.0,2.0,40.0,1,3300
Casa, Centro,0.0,180.0,3.0,3.0,1.0,60.0,1,5500
Apartamento,Agronômica,1400.0,206.0,3.0,3.0,1.0,68.66666666666667,1,7700
Apartamento,Centro,821.0,98.0,2.0,3.0,1.0,32.666666666666664,1,2700
Casa, Monte Verde,40.0,342.0,7.0,3.0,5.0,114.0,1,7000
Apartamento, Ingleses do Rio Vermelho,0.0,68.0,1.0,2.0,1.0,34.0,1,2600
Apartamento, Córrego Grande,590.0,69.0,2.0,2.0,1.0,34.5,1,5000
Casa, Jardim Atlântico,0.0,150.0,4.0,4.0,4.0,37.5,1,7000
Casa,Carvoeira,1920.0,279.0,2.0,4.0,2.0,69.75,1,12000
Apartamento, Pantanal,415.0,30.0,1.0,1.0,1.0,30.0,1,3300
Apartamento,Centro,500.0,45.0,1.0,1.0,1.0,45.0,1,5500
Apartamento,Jurerê,720.0,90.0,2.0,2.0,1.0,45.0,1,6000
Apartamento, Pântano do Sul,400.0,66.0,1.0,2.0,1.0,33.0,1,3300
Apartamento, Rio Tavares,700.0,85.0,2.0,2.0,2.0,42.5,1,6000
Casa,Morro das Pedras,0.0,179.0,2.0,3.0,2.0,59.66666666666666,1,11100
Casa,Cachoeira do Bom Jesus,350.0,166.0,4.0,3.0,2.0,55.333333333333336,1,8000
Apartamento, Centro,850.0,73.0,2.0,2.0,1.0,36.5,1,4150
Apartamento, Itacorubi,1100.0,146.0,4.0,3.0,2.0,48.66666666666666,1,6000
Apartamento, Agronômica,880.0,102.0,2.0,3.0,2.0,34.0,1,6950
Casa, Rio Tavares,0.0,123.0,2.0,3.0,2.0,41.0,1,5800
Apartamento, Campeche,650.0,39.0,1.0,1.0,1.0,39.0,1,3700
Apartamento, Lagoa da Conceição,1780.0,130.0,2.0,3.0,2.0,43.333333333333336,1,4830
